{
"type": "FeatureCollection",
"name": "png_provinces",
"crs": { "type": "name", "properties": { "name": "urn:ogc:def:crs:OGC:1.3:CRS84" } },
"features": [
{ "type": "Feature", "properties": { "FID": 0, "PROVID": "OCNPNG001004", "PROVNAME": "National Capital District" }, "geometry": { "type": "MultiPolygon", "coordinates": [ [ [ [ 147.09692, -9.392418 ], [ 147.09692, -9.419361 ], [ 147.078089, -9.418223 ], [ 147.074988, -9.437034 ], [ 147.115068, -9.476044 ], [ 147.119576, -9.460513 ], [ 147.113031, -9.437402 ], [ 147.110672, -9.443149 ], [ 147.104332, -9.439411 ], [ 147.099961, -9.452064 ], [ 147.083914, -9.430611 ], [ 147.087095, -9.422565 ], [ 147.107074, -9.428476 ], [ 147.108506, -9.422377 ], [ 147.129116, -9.421375 ], [ 147.157179, -9.46286 ], [ 147.144872, -9.484682 ], [ 147.175796, -9.482018 ], [ 147.187796, -9.504245 ], [ 147.198609, -9.497173 ], [ 147.24462, -9.54097 ], [ 147.260036, -9.52147 ], [ 147.251472, -9.503308 ], [ 147.241046, -9.50462 ], [ 147.247222, -9.498665 ], [ 147.244055, -9.487112 ], [ 147.261201, -9.485499 ], [ 147.277238, -9.511209 ], [ 147.280215, -9.498542 ], [ 147.294141, -9.504362 ], [ 147.29499, -9.466139 ], [ 147.280706, -9.424342 ], [ 147.285252, -9.402142 ], [ 147.270833, -9.407507 ], [ 147.27081, -9.39215 ], [ 147.259323, -9.392946 ], [ 147.246675, -9.371115 ], [ 147.232801, -9.383036 ], [ 147.205803, -9.365532 ], [ 147.205539, -9.353835 ], [ 147.162197, -9.355474 ], [ 147.125531, -9.383529 ], [ 147.09692, -9.392418 ] ] ], [ [ [ 147.048056, -9.505874 ], [ 147.040711, -9.512969 ], [ 147.046797, -9.519702 ], [ 147.066106, -9.52296 ], [ 147.083293, -9.515596 ], [ 147.064753, -9.518107 ], [ 147.048056, -9.505874 ] ] ], [ [ [ 147.120635, -9.474124 ], [ 147.115346, -9.485275 ], [ 147.119607, -9.488764 ], [ 147.120635, -9.474124 ] ] ], [ [ [ 147.130726, -9.438682 ], [ 147.123784, -9.4384 ], [ 147.128614, -9.442705 ], [ 147.130726, -9.438682 ] ] ], [ [ [ 147.180781, -9.514346 ], [ 147.177071, -9.514894 ], [ 147.179349, -9.520099 ], [ 147.180781, -9.514346 ] ] ], [ [ [ 147.094532, -9.513947 ], [ 147.090238, -9.515648 ], [ 147.096252, -9.516267 ], [ 147.094532, -9.513947 ] ] ], [ [ [ 147.121304, -9.493965 ], [ 147.118157, -9.49717 ], [ 147.119301, -9.498561 ], [ 147.121304, -9.493965 ] ] ] ] } },
{ "type": "Feature", "properties": { "FID": 1, "PROVID": "OCNPNG004016", "PROVNAME": "Manus" }, "geometry": { "type": "MultiPolygon", "coordinates": [ [ [ [ 147.318771, -2.049805 ], [ 147.27972, -2.025261 ], [ 147.271028, -2.027509 ], [ 147.260771, -2.014422 ], [ 147.214078, -2.008591 ], [ 147.186793, -1.989741 ], [ 147.161854, -1.983529 ], [ 147.143709, -1.986015 ], [ 147.137564, -1.993695 ], [ 147.14762, -2.001698 ], [ 147.138183, -2.005189 ], [ 147.126977, -1.996039 ], [ 147.128643, -1.983384 ], [ 147.119241, -1.99377 ], [ 147.110899, -1.984614 ], [ 147.118312, -1.97682 ], [ 147.098271, -1.977189 ], [ 147.097099, -1.970584 ], [ 147.055486, -1.981831 ], [ 147.042689, -1.969954 ], [ 147.025648, -1.96801 ], [ 147.012034, -1.975168 ], [ 146.986278, -1.967601 ], [ 146.976849, -1.976318 ], [ 146.965089, -1.966827 ], [ 146.952233, -1.974065 ], [ 146.947322, -1.96374 ], [ 146.898098, -1.968534 ], [ 146.850488, -1.951497 ], [ 146.783305, -1.973301 ], [ 146.775371, -1.982975 ], [ 146.757581, -1.985756 ], [ 146.754473, -1.996406 ], [ 146.742939, -1.988076 ], [ 146.738139, -1.99388 ], [ 146.717789, -1.987925 ], [ 146.705226, -2.000154 ], [ 146.684554, -1.981437 ], [ 146.686877, -1.99034 ], [ 146.679162, -1.99382 ], [ 146.675976, -1.98521 ], [ 146.636981, -1.969543 ], [ 146.608205, -2.006107 ], [ 146.610825, -2.021951 ], [ 146.60081, -2.023427 ], [ 146.581284, -2.007399 ], [ 146.577499, -1.989882 ], [ 146.570046, -1.987323 ], [ 146.565387, -2.045397 ], [ 146.602469, -2.087236 ], [ 146.610506, -2.113432 ], [ 146.596606, -2.128357 ], [ 146.569664, -2.121557 ], [ 146.548503, -2.131119 ], [ 146.541311, -2.120224 ], [ 146.527556, -2.118114 ], [ 146.536481, -2.132601 ], [ 146.507335, -2.150815 ], [ 146.521409, -2.163125 ], [ 146.507993, -2.175244 ], [ 146.514876, -2.18861 ], [ 146.508042, -2.188467 ], [ 146.506094, -2.204862 ], [ 146.555807, -2.252693 ], [ 146.566644, -2.239142 ], [ 146.574113, -2.246443 ], [ 146.573148, -2.216119 ], [ 146.599524, -2.182533 ], [ 146.633462, -2.183705 ], [ 146.647863, -2.206071 ], [ 146.682038, -2.19238 ], [ 146.703097, -2.194939 ], [ 146.713958, -2.188866 ], [ 146.716462, -2.169881 ], [ 146.680021, -2.152827 ], [ 146.681119, -2.138104 ], [ 146.671359, -2.131245 ], [ 146.683932, -2.124586 ], [ 146.694023, -2.141794 ], [ 146.698243, -2.121656 ], [ 146.7132, -2.14 ], [ 146.735778, -2.126691 ], [ 146.73581, -2.135314 ], [ 146.744978, -2.137866 ], [ 146.739877, -2.150821 ], [ 146.768002, -2.167097 ], [ 146.771516, -2.16278 ], [ 146.785229, -2.177665 ], [ 146.805544, -2.173851 ], [ 146.835964, -2.189827 ], [ 146.857278, -2.183852 ], [ 146.877789, -2.192539 ], [ 146.876678, -2.201454 ], [ 146.935106, -2.202079 ], [ 146.970517, -2.212717 ], [ 147.017006, -2.190604 ], [ 147.031593, -2.194784 ], [ 147.028773, -2.206581 ], [ 147.06399, -2.203846 ], [ 147.086278, -2.191102 ], [ 147.09253, -2.179004 ], [ 147.115283, -2.171356 ], [ 147.150431, -2.192264 ], [ 147.195727, -2.202701 ], [ 147.258491, -2.147233 ], [ 147.262994, -2.129105 ], [ 147.277251, -2.115527 ], [ 147.260299, -2.100116 ], [ 147.271642, -2.077036 ], [ 147.278199, -2.070681 ], [ 147.285242, -2.075679 ], [ 147.267414, -2.092001 ], [ 147.281756, -2.096829 ], [ 147.303423, -2.075744 ], [ 147.295623, -2.060258 ], [ 147.337137, -2.058628 ], [ 147.345931, -2.040339 ], [ 147.337269, -2.024137 ], [ 147.323273, -2.03153 ], [ 147.318771, -2.049805 ] ] ], [ [ [ 147.707653, -2.346341 ], [ 147.705755, -2.368197 ], [ 147.726812, -2.339341 ], [ 147.737972, -2.336987 ], [ 147.746876, -2.342403 ], [ 147.73486, -2.344479 ], [ 147.752793, -2.350712 ], [ 147.7801, -2.341947 ], [ 147.833102, -2.343402 ], [ 147.858504, -2.325733 ], [ 147.849487, -2.309131 ], [ 147.86901, -2.307567 ], [ 147.879819, -2.292561 ], [ 147.851967, -2.280342 ], [ 147.820551, -2.241411 ], [ 147.80334, -2.235747 ], [ 147.810849, -2.247499 ], [ 147.788049, -2.269748 ], [ 147.793586, -2.289839 ], [ 147.777702, -2.319678 ], [ 147.736208, -2.328082 ], [ 147.737295, -2.316867 ], [ 147.72642, -2.318355 ], [ 147.707653, -2.346341 ] ] ], [ [ [ 147.327126, -2.061841 ], [ 147.315464, -2.077987 ], [ 147.349366, -2.071939 ], [ 147.387635, -2.081394 ], [ 147.425269, -2.076047 ], [ 147.428735, -2.051311 ], [ 147.422156, -2.053071 ], [ 147.419095, -2.04115 ], [ 147.432365, -2.030886 ], [ 147.435852, -2.042943 ], [ 147.434314, -2.019666 ], [ 147.418904, -1.999619 ], [ 147.365239, -1.972417 ], [ 147.405638, -2.010028 ], [ 147.401753, -2.037062 ], [ 147.405352, -2.041499 ], [ 147.414317, -2.029245 ], [ 147.412177, -2.0626 ], [ 147.378147, -2.072526 ], [ 147.407254, -2.050551 ], [ 147.39461, -2.040259 ], [ 147.370031, -2.051009 ], [ 147.375538, -2.0377 ], [ 147.36953, -2.035197 ], [ 147.350932, -2.038447 ], [ 147.339154, -2.061212 ], [ 147.346316, -2.062901 ], [ 147.327126, -2.061841 ] ] ], [ [ [ 147.30083, -2.425922 ], [ 147.312499, -2.44166 ], [ 147.329118, -2.411254 ], [ 147.379902, -2.397074 ], [ 147.390119, -2.374891 ], [ 147.339944, -2.365637 ], [ 147.330744, -2.389969 ], [ 147.310606, -2.403429 ], [ 147.30083, -2.425922 ] ] ], [ [ [ 147.741846, -2.051087 ], [ 147.745216, -2.066158 ], [ 147.763983, -2.06879 ], [ 147.784568, -2.061931 ], [ 147.79467, -2.048946 ], [ 147.790593, -2.036466 ], [ 147.7807, -2.032633 ], [ 147.759376, -2.035041 ], [ 147.741846, -2.051087 ] ] ], [ [ [ 147.277143, -2.541437 ], [ 147.264282, -2.551702 ], [ 147.262063, -2.568964 ], [ 147.271835, -2.575822 ], [ 147.292157, -2.571132 ], [ 147.302697, -2.557282 ], [ 147.301473, -2.540038 ], [ 147.277143, -2.541437 ] ] ], [ [ [ 142.824814, -1.749214 ], [ 142.830971, -1.758908 ], [ 142.845632, -1.74173 ], [ 142.869845, -1.751447 ], [ 142.877848, -1.729766 ], [ 142.832737, -1.721783 ], [ 142.824814, -1.749214 ] ] ], [ [ [ 147.58631, -2.083157 ], [ 147.582393, -2.089387 ], [ 147.589854, -2.091933 ], [ 147.62231, -2.082722 ], [ 147.651955, -2.085022 ], [ 147.66104, -2.068302 ], [ 147.58631, -2.083157 ] ] ], [ [ [ 145.042033, -1.537654 ], [ 145.062939, -1.547389 ], [ 145.078911, -1.514316 ], [ 145.095797, -1.516873 ], [ 145.081755, -1.505686 ], [ 145.042033, -1.537654 ] ] ], [ [ [ 143.047886, -1.4774 ], [ 143.056186, -1.476704 ], [ 143.079133, -1.458542 ], [ 143.047008, -1.456135 ], [ 143.047886, -1.4774 ] ] ], [ [ [ 144.164348, -1.394604 ], [ 144.179816, -1.412477 ], [ 144.207423, -1.400825 ], [ 144.174492, -1.401922 ], [ 144.166217, -1.385952 ], [ 144.164348, -1.394604 ] ] ], [ [ [ 144.422273, -1.13229 ], [ 144.409883, -1.16296 ], [ 144.424524, -1.147489 ], [ 144.422273, -1.13229 ] ] ], [ [ [ 147.781336, -2.203199 ], [ 147.765333, -2.195694 ], [ 147.775186, -2.218933 ], [ 147.783249, -2.226936 ], [ 147.777183, -2.217486 ], [ 147.781336, -2.203199 ] ] ], [ [ [ 146.39525, -2.115134 ], [ 146.402727, -2.115911 ], [ 146.405238, -2.107767 ], [ 146.391175, -2.098329 ], [ 146.39525, -2.115134 ] ] ], [ [ [ 145.547637, -0.890295 ], [ 145.566193, -0.879049 ], [ 145.566157, -0.874247 ], [ 145.552474, -0.879372 ], [ 145.547637, -0.890295 ] ] ], [ [ [ 147.206684, -1.9543 ], [ 147.227777, -1.965994 ], [ 147.245373, -1.962756 ], [ 147.206684, -1.9543 ] ] ], [ [ [ 144.029948, -1.466029 ], [ 144.045097, -1.481754 ], [ 144.04012, -1.493476 ], [ 144.049944, -1.489159 ], [ 144.032986, -1.45879 ], [ 144.029948, -1.466029 ] ] ], [ [ [ 147.723319, -2.183982 ], [ 147.718939, -2.19564 ], [ 147.733124, -2.196577 ], [ 147.733204, -2.184933 ], [ 147.723319, -2.183982 ] ] ], [ [ [ 148.192697, -2.207503 ], [ 148.197342, -2.2184 ], [ 148.205069, -2.217496 ], [ 148.200413, -2.204294 ], [ 148.192697, -2.207503 ] ] ], [ [ [ 146.421218, -2.089885 ], [ 146.431546, -2.095887 ], [ 146.427789, -2.085551 ], [ 146.421218, -2.089885 ] ] ], [ [ [ 144.400484, -1.085929 ], [ 144.409888, -1.09224 ], [ 144.405948, -1.078794 ], [ 144.400484, -1.085929 ] ] ], [ [ [ 145.015449, -1.554942 ], [ 145.033738, -1.538245 ], [ 145.032299, -1.533647 ], [ 145.016006, -1.548332 ], [ 145.015449, -1.554942 ] ] ], [ [ [ 144.506556, -1.406904 ], [ 144.510483, -1.414061 ], [ 144.499949, -1.418257 ], [ 144.515256, -1.416431 ], [ 144.506556, -1.406904 ] ] ], [ [ [ 147.318651, -1.958977 ], [ 147.322406, -1.966433 ], [ 147.338738, -1.969233 ], [ 147.331837, -1.961789 ], [ 147.318651, -1.958977 ] ] ], [ [ [ 147.188866, -2.20532 ], [ 147.174959, -2.200636 ], [ 147.170528, -2.203678 ], [ 147.188866, -2.20532 ] ] ], [ [ [ 144.493476, -1.142628 ], [ 144.50387, -1.130097 ], [ 144.500287, -1.120959 ], [ 144.500182, -1.13217 ], [ 144.493476, -1.142628 ] ] ], [ [ [ 144.34481, -1.285048 ], [ 144.337214, -1.311337 ], [ 144.34363, -1.300882 ], [ 144.34481, -1.285048 ] ] ], [ [ [ 144.477582, -1.116152 ], [ 144.491072, -1.117944 ], [ 144.493914, -1.116747 ], [ 144.485082, -1.110434 ], [ 144.477582, -1.116152 ] ] ], [ [ [ 146.621188, -1.957531 ], [ 146.625751, -1.952341 ], [ 146.61226, -1.942907 ], [ 146.61373, -1.952099 ], [ 146.621188, -1.957531 ] ] ], [ [ [ 146.874088, -1.906547 ], [ 146.893601, -1.917681 ], [ 146.899033, -1.916224 ], [ 146.874088, -1.906547 ] ] ], [ [ [ 144.023495, -1.639545 ], [ 144.026337, -1.646837 ], [ 144.026883, -1.654734 ], [ 144.030987, -1.6423 ], [ 144.023495, -1.639545 ] ] ], [ [ [ 144.147604, -1.314072 ], [ 144.16042, -1.327383 ], [ 144.163837, -1.326181 ], [ 144.147604, -1.314072 ] ] ], [ [ [ 144.26523, -1.216742 ], [ 144.273891, -1.220921 ], [ 144.275571, -1.218594 ], [ 144.268291, -1.211232 ], [ 144.26523, -1.216742 ] ] ], [ [ [ 147.226454, -2.220675 ], [ 147.236622, -2.221641 ], [ 147.240767, -2.219463 ], [ 147.235021, -2.214895 ], [ 147.226454, -2.220675 ] ] ], [ [ [ 147.343136, -1.972027 ], [ 147.348222, -1.976662 ], [ 147.355089, -1.975482 ], [ 147.348472, -1.969478 ], [ 147.343136, -1.972027 ] ] ], [ [ [ 145.003341, -1.535564 ], [ 145.003506, -1.544189 ], [ 145.013099, -1.547731 ], [ 145.006555, -1.54346 ], [ 145.003341, -1.535564 ] ] ], [ [ [ 147.75301, -2.189138 ], [ 147.754471, -2.199201 ], [ 147.758209, -2.202346 ], [ 147.759322, -2.195441 ], [ 147.75301, -2.189138 ] ] ], [ [ [ 146.824539, -2.382627 ], [ 146.827858, -2.389085 ], [ 146.832724, -2.387914 ], [ 146.831272, -2.383036 ], [ 146.824539, -2.382627 ] ] ], [ [ [ 146.81848, -2.375642 ], [ 146.829513, -2.372694 ], [ 146.831776, -2.366068 ], [ 146.830337, -2.364926 ], [ 146.81848, -2.375642 ] ] ], [ [ [ 147.545192, -2.275551 ], [ 147.552898, -2.269477 ], [ 147.555217, -2.276657 ], [ 147.556902, -2.268307 ], [ 147.55102, -2.266898 ], [ 147.545192, -2.275551 ] ] ], [ [ [ 144.347162, -1.217155 ], [ 144.356119, -1.222186 ], [ 144.359247, -1.220705 ], [ 144.352445, -1.215781 ], [ 144.347162, -1.217155 ] ] ], [ [ [ 147.221848, -2.216963 ], [ 147.217322, -2.228769 ], [ 147.224433, -2.217525 ], [ 147.221848, -2.216963 ] ] ], [ [ [ 147.470054, -2.377968 ], [ 147.474942, -2.382542 ], [ 147.47119, -2.376813 ], [ 147.470054, -2.377968 ] ] ], [ [ [ 144.220093, -1.215031 ], [ 144.222717, -1.21786 ], [ 144.230248, -1.214577 ], [ 144.220093, -1.215031 ] ] ], [ [ [ 146.579384, -1.955961 ], [ 146.58568, -1.955358 ], [ 146.581399, -1.952444 ], [ 146.579384, -1.955961 ] ] ], [ [ [ 144.488568, -1.140124 ], [ 144.473317, -1.136057 ], [ 144.489737, -1.141828 ], [ 144.488568, -1.140124 ] ] ], [ [ [ 144.286404, -1.215259 ], [ 144.289048, -1.219529 ], [ 144.2956, -1.217125 ], [ 144.286404, -1.215259 ] ] ], [ [ [ 144.08045, -1.397661 ], [ 144.084001, -1.404791 ], [ 144.085718, -1.404759 ], [ 144.086463, -1.397275 ], [ 144.08045, -1.397661 ] ] ], [ [ [ 147.744467, -2.203565 ], [ 147.75652, -2.208104 ], [ 147.743875, -2.200114 ], [ 147.744467, -2.203565 ] ] ], [ [ [ 146.576708, -2.24974 ], [ 146.573307, -2.254934 ], [ 146.579595, -2.257495 ], [ 146.576708, -2.24974 ] ] ], [ [ [ 147.284573, -1.957404 ], [ 147.285164, -1.96143 ], [ 147.290586, -1.957953 ], [ 147.284573, -1.957404 ] ] ], [ [ [ 144.074801, -1.402925 ], [ 144.077289, -1.396842 ], [ 144.073553, -1.39633 ], [ 144.074801, -1.402925 ] ] ], [ [ [ 147.333381, -2.499929 ], [ 147.331228, -2.506824 ], [ 147.334832, -2.503085 ], [ 147.333381, -2.499929 ] ] ], [ [ [ 146.603941, -1.938048 ], [ 146.599341, -1.932606 ], [ 146.597053, -1.933474 ], [ 146.603941, -1.938048 ] ] ], [ [ [ 147.098962, -1.938097 ], [ 147.101553, -1.941825 ], [ 147.106739, -1.940338 ], [ 147.098962, -1.938097 ] ] ], [ [ [ 145.547647, -0.894026 ], [ 145.545943, -0.900924 ], [ 145.551648, -0.892044 ], [ 145.547647, -0.894026 ] ] ], [ [ [ 146.606697, -1.988624 ], [ 146.60844, -1.994657 ], [ 146.61157, -1.989472 ], [ 146.606697, -1.988624 ] ] ], [ [ [ 146.669473, -1.928893 ], [ 146.663181, -1.930645 ], [ 146.671195, -1.930903 ], [ 146.669473, -1.928893 ] ] ], [ [ [ 146.599818, -1.905872 ], [ 146.607554, -1.907856 ], [ 146.608629, -1.90613 ], [ 146.599818, -1.905872 ] ] ], [ [ [ 146.555788, -2.085055 ], [ 146.552074, -2.087704 ], [ 146.554946, -2.090565 ], [ 146.555788, -2.085055 ] ] ], [ [ [ 146.999112, -1.933748 ], [ 147.001911, -1.938795 ], [ 147.005994, -1.938901 ], [ 147.005335, -1.937058 ], [ 146.999112, -1.933748 ] ] ], [ [ [ 147.08784, -2.428844 ], [ 147.090151, -2.43257 ], [ 147.091577, -2.430269 ], [ 147.08784, -2.428844 ] ] ], [ [ [ 147.340592, -2.4914 ], [ 147.339958, -2.496734 ], [ 147.342525, -2.492986 ], [ 147.340592, -2.4914 ] ] ], [ [ [ 148.031397, -1.98102 ], [ 148.029412, -1.984762 ], [ 148.033123, -1.983303 ], [ 148.031397, -1.98102 ] ] ], [ [ [ 146.985034, -2.225447 ], [ 146.987623, -2.228888 ], [ 146.989335, -2.227441 ], [ 146.985034, -2.225447 ] ] ], [ [ [ 144.168626, -1.357154 ], [ 144.171799, -1.358545 ], [ 144.170876, -1.354248 ], [ 144.168626, -1.357154 ] ] ], [ [ [ 147.133616, -1.941112 ], [ 147.132994, -1.944437 ], [ 147.136493, -1.943976 ], [ 147.133616, -1.941112 ] ] ], [ [ [ 147.460602, -2.378872 ], [ 147.465327, -2.377439 ], [ 147.46116, -2.375426 ], [ 147.460602, -2.378872 ] ] ], [ [ [ 147.312833, -2.062289 ], [ 147.31698, -2.065192 ], [ 147.320831, -2.062158 ], [ 147.312833, -2.062289 ] ] ], [ [ [ 145.00169, -1.527286 ], [ 144.99768, -1.527641 ], [ 144.99974, -1.530766 ], [ 145.00169, -1.527286 ] ] ], [ [ [ 145.305119, -0.757591 ], [ 145.304615, -0.761621 ], [ 145.307253, -0.759057 ], [ 145.305119, -0.757591 ] ] ], [ [ [ 147.397626, -2.451042 ], [ 147.397901, -2.455193 ], [ 147.400781, -2.451893 ], [ 147.397626, -2.451042 ] ] ], [ [ [ 146.83083, -2.269189 ], [ 146.826804, -2.265184 ], [ 146.825663, -2.266623 ], [ 146.83083, -2.269189 ] ] ], [ [ [ 146.582912, -1.901623 ], [ 146.583493, -1.905069 ], [ 146.586929, -1.904774 ], [ 146.582912, -1.901623 ] ] ], [ [ [ 146.51024, -2.162015 ], [ 146.505954, -2.165481 ], [ 146.511082, -2.163422 ], [ 146.51024, -2.162015 ] ] ], [ [ [ 148.065978, -1.969619 ], [ 148.068007, -1.973921 ], [ 148.069426, -1.9719 ], [ 148.065978, -1.969619 ] ] ], [ [ [ 144.358438, -1.259527 ], [ 144.355374, -1.265039 ], [ 144.356253, -1.265889 ], [ 144.358438, -1.259527 ] ] ], [ [ [ 143.576935, -1.310312 ], [ 143.576777, -1.314909 ], [ 143.579429, -1.312174 ], [ 143.576935, -1.310312 ] ] ], [ [ [ 147.305878, -2.455483 ], [ 147.30997, -2.458237 ], [ 147.309695, -2.455757 ], [ 147.305878, -2.455483 ] ] ], [ [ [ 147.69918, -2.370528 ], [ 147.698629, -2.374847 ], [ 147.7009, -2.370523 ], [ 147.69918, -2.370528 ] ] ], [ [ [ 146.6083, -2.195006 ], [ 146.608027, -2.199608 ], [ 146.609745, -2.198735 ], [ 146.6083, -2.195006 ] ] ], [ [ [ 146.867945, -2.340781 ], [ 146.870455, -2.343 ], [ 146.869777, -2.340043 ], [ 146.867945, -2.340781 ] ] ], [ [ [ 146.328922, -2.239391 ], [ 146.326645, -2.242847 ], [ 146.328362, -2.243414 ], [ 146.328922, -2.239391 ] ] ], [ [ [ 145.011902, -1.488575 ], [ 145.01648, -1.486552 ], [ 145.00952, -1.486326 ], [ 145.011902, -1.488575 ] ] ], [ [ [ 146.279271, -2.207073 ], [ 146.274124, -2.208811 ], [ 146.279847, -2.208504 ], [ 146.279271, -2.207073 ] ] ], [ [ [ 146.732928, -2.207765 ], [ 146.731794, -2.210645 ], [ 146.733511, -2.209771 ], [ 146.732928, -2.207765 ] ] ], [ [ [ 146.861725, -2.333177 ], [ 146.862601, -2.33691 ], [ 146.864891, -2.33604 ], [ 146.861725, -2.333177 ] ] ], [ [ [ 147.540482, -2.309498 ], [ 147.535899, -2.309807 ], [ 147.536769, -2.311528 ], [ 147.540482, -2.309498 ] ] ], [ [ [ 144.397868, -1.164016 ], [ 144.399054, -1.166584 ], [ 144.401877, -1.163951 ], [ 144.397868, -1.164016 ] ] ], [ [ [ 144.355483, -1.27165 ], [ 144.351797, -1.273722 ], [ 144.351997, -1.275939 ], [ 144.355483, -1.27165 ] ] ], [ [ [ 144.981655, -1.592891 ], [ 144.983706, -1.595735 ], [ 144.98916, -1.595927 ], [ 144.981655, -1.592891 ] ] ], [ [ [ 147.306594, -2.531389 ], [ 147.305175, -2.534845 ], [ 147.307752, -2.533681 ], [ 147.306594, -2.531389 ] ] ], [ [ [ 146.460037, -2.053249 ], [ 146.463189, -2.054096 ], [ 146.461177, -2.052381 ], [ 146.460037, -2.053249 ] ] ], [ [ [ 146.477508, -1.971559 ], [ 146.47893, -1.968104 ], [ 146.476633, -1.966958 ], [ 146.477508, -1.971559 ] ] ], [ [ [ 144.421431, -1.097799 ], [ 144.421201, -1.101254 ], [ 144.422346, -1.101238 ], [ 144.421431, -1.097799 ] ] ], [ [ [ 146.293819, -2.159897 ], [ 146.289443, -2.161143 ], [ 146.29425, -2.160674 ], [ 146.293819, -2.159897 ] ] ], [ [ [ 146.799736, -2.270693 ], [ 146.796759, -2.27277 ], [ 146.799909, -2.272761 ], [ 146.799736, -2.270693 ] ] ], [ [ [ 146.237168, -2.199291 ], [ 146.234293, -2.201772 ], [ 146.237722, -2.201169 ], [ 146.237168, -2.199291 ] ] ], [ [ [ 145.122331, -1.473149 ], [ 145.122911, -1.477456 ], [ 145.12548, -1.474294 ], [ 145.122331, -1.473149 ] ] ], [ [ [ 147.306659, -2.030601 ], [ 147.309811, -2.031162 ], [ 147.309804, -2.029439 ], [ 147.306659, -2.030601 ] ] ], [ [ [ 147.796442, -2.231184 ], [ 147.797324, -2.235204 ], [ 147.798609, -2.234979 ], [ 147.796442, -2.231184 ] ] ], [ [ [ 146.49403, -1.947067 ], [ 146.493469, -1.949658 ], [ 146.496097, -1.949515 ], [ 146.49403, -1.947067 ] ] ], [ [ [ 144.256284, -1.284458 ], [ 144.256909, -1.287898 ], [ 144.258303, -1.285284 ], [ 144.256284, -1.284458 ] ] ], [ [ [ 147.462408, -2.397841 ], [ 147.463281, -2.400425 ], [ 147.464983, -2.397544 ], [ 147.462408, -2.397841 ] ] ], [ [ [ 144.496117, -1.111253 ], [ 144.496032, -1.114563 ], [ 144.498194, -1.115821 ], [ 144.496117, -1.111253 ] ] ], [ [ [ 144.472323, -1.127736 ], [ 144.469423, -1.125197 ], [ 144.470912, -1.128912 ], [ 144.472323, -1.127736 ] ] ], [ [ [ 144.294547, -1.258828 ], [ 144.295744, -1.261971 ], [ 144.296853, -1.259655 ], [ 144.294547, -1.258828 ] ] ], [ [ [ 147.311415, -2.022918 ], [ 147.313482, -2.024665 ], [ 147.31202, -2.02238 ], [ 147.311415, -2.022918 ] ] ], [ [ [ 146.863077, -2.312184 ], [ 146.860503, -2.313057 ], [ 146.861941, -2.314775 ], [ 146.863077, -2.312184 ] ] ], [ [ [ 144.389555, -1.163578 ], [ 144.389879, -1.166159 ], [ 144.391311, -1.166134 ], [ 144.389555, -1.163578 ] ] ], [ [ [ 144.96419, -1.576794 ], [ 144.961967, -1.569794 ], [ 144.963053, -1.577102 ], [ 144.96419, -1.576794 ] ] ], [ [ [ 147.458075, -2.397384 ], [ 147.458124, -2.400734 ], [ 147.459553, -2.399581 ], [ 147.458075, -2.397384 ] ] ], [ [ [ 146.568419, -2.094256 ], [ 146.570074, -2.096517 ], [ 146.57064, -2.093951 ], [ 146.568419, -2.094256 ] ] ], [ [ [ 146.983306, -2.223155 ], [ 146.98045, -2.224889 ], [ 146.981881, -2.225458 ], [ 146.983306, -2.223155 ] ] ], [ [ [ 147.745518, -2.184873 ], [ 147.746107, -2.188034 ], [ 147.747241, -2.185726 ], [ 147.745518, -2.184873 ] ] ], [ [ [ 146.839252, -2.373802 ], [ 146.836972, -2.376107 ], [ 146.838122, -2.376679 ], [ 146.839252, -2.373802 ] ] ], [ [ [ 146.697454, -1.986852 ], [ 146.695181, -1.987831 ], [ 146.696874, -1.988624 ], [ 146.697454, -1.986852 ] ] ], [ [ [ 145.531952, -0.908137 ], [ 145.529097, -0.909577 ], [ 145.529669, -0.910153 ], [ 145.531952, -0.908137 ] ] ], [ [ [ 146.555623, -2.118731 ], [ 146.553607, -2.115868 ], [ 146.553037, -2.117019 ], [ 146.555623, -2.118731 ] ] ], [ [ [ 147.554166, -2.295921 ], [ 147.553608, -2.298799 ], [ 147.555323, -2.297929 ], [ 147.554166, -2.295921 ] ] ], [ [ [ 146.594672, -1.987811 ], [ 146.595441, -1.990627 ], [ 146.596392, -1.988375 ], [ 146.594672, -1.987811 ] ] ], [ [ [ 147.108474, -2.430768 ], [ 147.106769, -2.433652 ], [ 147.108773, -2.433067 ], [ 147.108474, -2.430768 ] ] ], [ [ [ 147.295144, -2.534891 ], [ 147.296306, -2.537474 ], [ 147.297163, -2.536894 ], [ 147.295144, -2.534891 ] ] ], [ [ [ 144.311873, -1.231525 ], [ 144.312487, -1.234386 ], [ 144.313317, -1.232364 ], [ 144.311873, -1.231525 ] ] ], [ [ [ 147.137007, -1.997722 ], [ 147.13759, -2.000592 ], [ 147.138441, -1.998862 ], [ 147.137007, -1.997722 ] ] ], [ [ [ 147.410634, -2.03846 ], [ 147.40834, -2.037606 ], [ 147.408928, -2.040195 ], [ 147.410634, -2.03846 ] ] ], [ [ [ 144.976725, -1.589233 ], [ 144.972179, -1.586092 ], [ 144.973847, -1.58871 ], [ 144.976725, -1.589233 ] ] ], [ [ [ 144.422953, -1.103239 ], [ 144.424438, -1.106376 ], [ 144.424097, -1.103223 ], [ 144.422953, -1.103239 ] ] ], [ [ [ 146.337383, -2.198542 ], [ 146.334801, -2.1974 ], [ 146.335384, -2.199987 ], [ 146.337383, -2.198542 ] ] ], [ [ [ 144.33303, -1.318454 ], [ 144.332432, -1.317163 ], [ 144.330214, -1.321511 ], [ 144.33303, -1.318454 ] ] ], [ [ [ 144.165782, -1.376467 ], [ 144.166975, -1.379327 ], [ 144.16602, -1.373299 ], [ 144.165782, -1.376467 ] ] ], [ [ [ 147.590067, -2.077561 ], [ 147.592933, -2.077835 ], [ 147.591824, -2.076054 ], [ 147.590067, -2.077561 ] ] ], [ [ [ 147.761054, -2.19888 ], [ 147.763347, -2.199441 ], [ 147.762768, -2.198008 ], [ 147.761054, -2.19888 ] ] ], [ [ [ 146.478889, -1.956032 ], [ 146.48061, -1.957463 ], [ 146.480317, -1.956023 ], [ 146.478889, -1.956032 ] ] ], [ [ [ 144.42462, -1.126914 ], [ 144.421658, -1.129421 ], [ 144.422103, -1.130273 ], [ 144.42462, -1.126914 ] ] ], [ [ [ 147.30165, -2.450332 ], [ 147.302946, -2.452625 ], [ 147.303945, -2.451469 ], [ 147.30165, -2.450332 ] ] ], [ [ [ 144.014636, -1.659529 ], [ 144.018924, -1.658886 ], [ 144.014621, -1.658665 ], [ 144.014636, -1.659529 ] ] ], [ [ [ 144.424754, -1.116873 ], [ 144.425795, -1.11958 ], [ 144.42545, -1.116138 ], [ 144.424754, -1.116873 ] ] ], [ [ [ 144.282147, -1.307619 ], [ 144.283899, -1.309602 ], [ 144.283847, -1.306439 ], [ 144.282147, -1.307619 ] ] ], [ [ [ 147.017935, -1.937006 ], [ 147.019659, -1.939009 ], [ 147.020229, -1.937567 ], [ 147.017935, -1.937006 ] ] ], [ [ [ 144.354414, -1.240618 ], [ 144.354738, -1.242909 ], [ 144.355851, -1.240882 ], [ 144.354414, -1.240618 ] ] ], [ [ [ 146.769856, -1.975938 ], [ 146.769854, -1.97855 ], [ 146.770721, -1.977659 ], [ 146.769856, -1.975938 ] ] ], [ [ [ 145.021234, -1.591711 ], [ 145.023237, -1.59343 ], [ 145.022953, -1.591705 ], [ 145.021234, -1.591711 ] ] ], [ [ [ 144.383232, -1.16224 ], [ 144.383839, -1.164531 ], [ 144.384676, -1.163078 ], [ 144.383232, -1.16224 ] ] ], [ [ [ 147.101623, -2.435398 ], [ 147.103348, -2.437113 ], [ 147.10277, -2.435393 ], [ 147.101623, -2.435398 ] ] ], [ [ [ 146.499078, -2.164929 ], [ 146.499662, -2.168373 ], [ 146.500522, -2.168086 ], [ 146.499078, -2.164929 ] ] ], [ [ [ 145.078884, -1.500235 ], [ 145.078027, -1.502246 ], [ 145.079457, -1.501674 ], [ 145.078884, -1.500235 ] ] ], [ [ [ 144.352983, -1.223102 ], [ 144.35361, -1.226252 ], [ 144.354149, -1.223944 ], [ 144.352983, -1.223102 ] ] ], [ [ [ 144.319035, -1.142002 ], [ 144.32051, -1.144851 ], [ 144.319892, -1.141981 ], [ 144.319035, -1.142002 ] ] ], [ [ [ 144.403266, -1.072223 ], [ 144.403453, -1.074809 ], [ 144.404423, -1.073069 ], [ 144.403266, -1.072223 ] ] ], [ [ [ 147.041847, -2.459513 ], [ 147.039271, -2.459811 ], [ 147.040992, -2.460382 ], [ 147.041847, -2.459513 ] ] ], [ [ [ 144.32761, -1.266348 ], [ 144.327929, -1.268355 ], [ 144.329326, -1.266324 ], [ 144.32761, -1.266348 ] ] ], [ [ [ 146.841284, -2.380119 ], [ 146.839567, -2.38099 ], [ 146.84129, -2.381554 ], [ 146.841284, -2.380119 ] ] ], [ [ [ 145.919166, -2.170511 ], [ 145.920602, -2.172229 ], [ 145.921016, -2.170935 ], [ 145.919166, -2.170511 ] ] ], [ [ [ 147.187757, -1.946628 ], [ 147.190052, -1.948339 ], [ 147.190126, -1.947755 ], [ 147.187757, -1.946628 ] ] ], [ [ [ 144.08413, -1.413128 ], [ 144.08528, -1.413393 ], [ 144.084977, -1.412253 ], [ 144.08413, -1.413128 ] ] ], [ [ [ 146.798996, -1.959159 ], [ 146.800434, -1.961162 ], [ 146.800717, -1.959723 ], [ 146.798996, -1.959159 ] ] ], [ [ [ 146.842723, -2.382411 ], [ 146.844439, -2.381258 ], [ 146.84329, -2.380395 ], [ 146.842723, -2.382411 ] ] ], [ [ [ 147.410418, -2.460883 ], [ 147.411428, -2.463053 ], [ 147.411711, -2.461906 ], [ 147.410418, -2.460883 ] ] ], [ [ [ 147.284535, -2.013168 ], [ 147.282818, -2.013746 ], [ 147.283969, -2.014896 ], [ 147.284535, -2.013168 ] ] ], [ [ [ 147.120645, -1.987446 ], [ 147.121797, -1.98945 ], [ 147.121506, -1.987439 ], [ 147.120645, -1.987446 ] ] ], [ [ [ 147.283197, -2.099691 ], [ 147.284916, -2.100261 ], [ 147.283764, -2.098539 ], [ 147.283197, -2.099691 ] ] ], [ [ [ 146.587143, -2.203621 ], [ 146.58829, -2.205431 ], [ 146.588858, -2.204566 ], [ 146.587143, -2.203621 ] ] ], [ [ [ 144.998802, -1.487918 ], [ 144.999976, -1.489338 ], [ 145.000821, -1.48846 ], [ 144.998802, -1.487918 ] ] ], [ [ [ 146.271655, -2.154777 ], [ 146.273382, -2.156496 ], [ 146.27338, -2.155344 ], [ 146.271655, -2.154777 ] ] ], [ [ [ 146.655021, -1.969476 ], [ 146.654742, -1.97149 ], [ 146.655721, -1.970532 ], [ 146.655021, -1.969476 ] ] ], [ [ [ 146.965513, -2.214894 ], [ 146.966664, -2.216613 ], [ 146.967234, -2.215747 ], [ 146.965513, -2.214894 ] ] ], [ [ [ 145.00278, -1.488309 ], [ 145.004467, -1.488585 ], [ 145.003082, -1.4871 ], [ 145.00278, -1.488309 ] ] ], [ [ [ 147.839665, -2.339339 ], [ 147.840862, -2.340919 ], [ 147.840673, -2.339482 ], [ 147.839665, -2.339339 ] ] ], [ [ [ 146.905808, -1.963619 ], [ 146.907235, -1.962751 ], [ 146.90609, -1.96218 ], [ 146.905808, -1.963619 ] ] ], [ [ [ 144.167137, -1.335328 ], [ 144.169164, -1.336734 ], [ 144.1677, -1.334746 ], [ 144.167137, -1.335328 ] ] ], [ [ [ 144.998931, -1.598138 ], [ 144.999489, -1.596903 ], [ 144.997484, -1.59694 ], [ 144.998931, -1.598138 ] ] ], [ [ [ 146.600394, -1.986925 ], [ 146.601559, -1.987966 ], [ 146.601456, -1.986525 ], [ 146.600394, -1.986925 ] ] ], [ [ [ 147.314363, -2.546017 ], [ 147.315285, -2.547236 ], [ 147.315539, -2.545723 ], [ 147.314363, -2.546017 ] ] ], [ [ [ 147.54756, -2.280922 ], [ 147.546078, -2.281582 ], [ 147.546943, -2.282441 ], [ 147.54756, -2.280922 ] ] ], [ [ [ 146.843026, -2.385572 ], [ 146.844457, -2.385571 ], [ 146.843378, -2.384261 ], [ 146.843026, -2.385572 ] ] ], [ [ [ 147.930951, -1.990755 ], [ 147.931817, -1.992759 ], [ 147.93233, -1.992421 ], [ 147.930951, -1.990755 ] ] ], [ [ [ 146.579889, -2.091949 ], [ 146.580365, -2.093563 ], [ 146.581016, -2.092769 ], [ 146.579889, -2.091949 ] ] ], [ [ [ 146.573009, -2.256943 ], [ 146.57387, -2.258371 ], [ 146.574443, -2.257514 ], [ 146.573009, -2.256943 ] ] ], [ [ [ 146.224647, -2.141418 ], [ 146.225799, -2.14285 ], [ 146.225796, -2.141416 ], [ 146.224647, -2.141418 ] ] ], [ [ [ 144.424487, -1.109538 ], [ 144.425081, -1.110966 ], [ 144.425648, -1.110384 ], [ 144.424487, -1.109538 ] ] ], [ [ [ 144.349323, -1.280664 ], [ 144.35048, -1.281222 ], [ 144.349889, -1.280077 ], [ 144.349323, -1.280664 ] ] ], [ [ [ 147.552555, -2.280214 ], [ 147.551795, -2.27926 ], [ 147.551803, -2.280118 ], [ 147.552555, -2.280214 ] ] ], [ [ [ 146.955601, -2.243391 ], [ 146.956186, -2.244761 ], [ 146.956468, -2.243964 ], [ 146.955601, -2.243391 ] ] ], [ [ [ 146.958199, -2.24798 ], [ 146.959211, -2.248859 ], [ 146.959349, -2.247976 ], [ 146.958199, -2.24798 ] ] ], [ [ [ 147.315274, -2.550899 ], [ 147.315422, -2.552054 ], [ 147.316134, -2.551182 ], [ 147.315274, -2.550899 ] ] ], [ [ [ 144.082758, -1.416885 ], [ 144.083064, -1.418319 ], [ 144.083628, -1.417448 ], [ 144.082758, -1.416885 ] ] ], [ [ [ 145.540241, -0.907255 ], [ 145.539318, -0.906816 ], [ 145.539672, -0.907546 ], [ 145.540241, -0.907255 ] ] ] ] } },
{ "type": "Feature", "properties": { "FID": 2, "PROVID": "OCNPNG001001", "PROVNAME": "Western" }, "geometry": { "type": "MultiPolygon", "coordinates": [ [ [ [ 142.532206, -5.84216 ], [ 142.065031, -5.471638 ], [ 142.079289, -5.418274 ], [ 142.123321, -5.375434 ], [ 141.00108, -4.998647 ], [ 141.000667, -6.32039 ], [ 140.959247, -6.324097 ], [ 140.965755, -6.338342 ], [ 140.95778, -6.347813 ], [ 140.976003, -6.361853 ], [ 140.962469, -6.369951 ], [ 140.94541, -6.366959 ], [ 140.940101, -6.380192 ], [ 140.946311, -6.386936 ], [ 140.97509, -6.382082 ], [ 140.979923, -6.388388 ], [ 140.942272, -6.406974 ], [ 140.953781, -6.418256 ], [ 140.952568, -6.429594 ], [ 140.942237, -6.430597 ], [ 140.927074, -6.414183 ], [ 140.915359, -6.42112 ], [ 140.916855, -6.435184 ], [ 140.935792, -6.443607 ], [ 140.922303, -6.463431 ], [ 140.937666, -6.469261 ], [ 140.95337, -6.451366 ], [ 140.944985, -6.473721 ], [ 140.95963, -6.483783 ], [ 140.927204, -6.490205 ], [ 140.91956, -6.498823 ], [ 140.921484, -6.547343 ], [ 140.933847, -6.556747 ], [ 140.892963, -6.556281 ], [ 140.886089, -6.571114 ], [ 140.90534, -6.566822 ], [ 140.909953, -6.576884 ], [ 140.891862, -6.601494 ], [ 140.882875, -6.590265 ], [ 140.840535, -6.60907 ], [ 140.847809, -6.617092 ], [ 140.873035, -6.620406 ], [ 140.855046, -6.641634 ], [ 140.871254, -6.648953 ], [ 140.85978, -6.658841 ], [ 140.867212, -6.674667 ], [ 140.844315, -6.678316 ], [ 140.851157, -6.70231 ], [ 140.845416, -6.718037 ], [ 140.899846, -6.75084 ], [ 140.869569, -6.78659 ], [ 140.888005, -6.811373 ], [ 140.903635, -6.806891 ], [ 140.917144, -6.816511 ], [ 140.907136, -6.836142 ], [ 140.895103, -6.837632 ], [ 140.896554, -6.845793 ], [ 140.914555, -6.871263 ], [ 140.939334, -6.87258 ], [ 140.953485, -6.856984 ], [ 140.939501, -6.888014 ], [ 140.951786, -6.909911 ], [ 140.967695, -6.88975 ], [ 140.991247, -6.903575 ], [ 141.001348, -6.892108 ], [ 141.020185, -6.893518 ], [ 141.020199, -9.131629 ], [ 141.057718, -9.159533 ], [ 141.129492, -9.233469 ], [ 141.182126, -9.234033 ], [ 141.247188, -9.206443 ], [ 141.292346, -9.175024 ], [ 141.324093, -9.138063 ], [ 141.340752, -9.132567 ], [ 141.347679, -9.139932 ], [ 141.402154, -9.133326 ], [ 141.456844, -9.144753 ], [ 141.489551, -9.162598 ], [ 141.518326, -9.193641 ], [ 141.598364, -9.19724 ], [ 141.62531, -9.211154 ], [ 141.772672, -9.17886 ], [ 141.880593, -9.200407 ], [ 141.924779, -9.195314 ], [ 141.957372, -9.170806 ], [ 141.985137, -9.177672 ], [ 142.043417, -9.16795 ], [ 142.054085, -9.093473 ], [ 142.044694, -9.074407 ], [ 142.051605, -9.052335 ], [ 142.047871, -9.024991 ], [ 142.025052, -8.982041 ], [ 142.004482, -8.983102 ], [ 142.022269, -8.974346 ], [ 142.052267, -9.026134 ], [ 142.056001, -9.056693 ], [ 142.049551, -9.076696 ], [ 142.057434, -9.091624 ], [ 142.052206, -9.166333 ], [ 142.078128, -9.177215 ], [ 142.123088, -9.158298 ], [ 142.145536, -9.163434 ], [ 142.168192, -9.156502 ], [ 142.206873, -9.122758 ], [ 142.209863, -9.049211 ], [ 142.222156, -8.999855 ], [ 142.248411, -8.975386 ], [ 142.235082, -8.966821 ], [ 142.232246, -8.951437 ], [ 142.215362, -8.949319 ], [ 142.191878, -8.914816 ], [ 142.172789, -8.909373 ], [ 142.152473, -8.915079 ], [ 142.136155, -8.907786 ], [ 142.099207, -8.916416 ], [ 142.094637, -8.89977 ], [ 142.103351, -8.912381 ], [ 142.138328, -8.902605 ], [ 142.150722, -8.909798 ], [ 142.171039, -8.905245 ], [ 142.194051, -8.909066 ], [ 142.201975, -8.925234 ], [ 142.217144, -8.933105 ], [ 142.21859, -8.947238 ], [ 142.235574, -8.945909 ], [ 142.238997, -8.963017 ], [ 142.25383, -8.972151 ], [ 142.246975, -8.991829 ], [ 142.231172, -8.999242 ], [ 142.218323, -9.051699 ], [ 142.222912, -9.099145 ], [ 142.213855, -9.14607 ], [ 142.269718, -9.173551 ], [ 142.296654, -9.19585 ], [ 142.332521, -9.197998 ], [ 142.454626, -9.234003 ], [ 142.569174, -9.321599 ], [ 142.637618, -9.330549 ], [ 142.702855, -9.303866 ], [ 142.739593, -9.274004 ], [ 142.730947, -9.24469 ], [ 142.737923, -9.246659 ], [ 142.744451, -9.273974 ], [ 142.765412, -9.257531 ], [ 142.78013, -9.261121 ], [ 142.884482, -9.188883 ], [ 142.930854, -9.169276 ], [ 142.951353, -9.138914 ], [ 143.013761, -9.098846 ], [ 143.097864, -9.071951 ], [ 143.144536, -9.066445 ], [ 143.171746, -9.040733 ], [ 143.223433, -9.012196 ], [ 143.232328, -9.011555 ], [ 143.24397, -8.99811 ], [ 143.234537, -9.013492 ], [ 143.18927, -9.034516 ], [ 143.226018, -9.032749 ], [ 143.283212, -9.013811 ], [ 143.333571, -9.022493 ], [ 143.363718, -9.005476 ], [ 143.365135, -8.996431 ], [ 143.368917, -9.005204 ], [ 143.378823, -9.000758 ], [ 143.420441, -8.960313 ], [ 143.416317, -8.937135 ], [ 143.410197, -8.939047 ], [ 143.412472, -8.864769 ], [ 143.407053, -8.771169 ], [ 143.399246, -8.749173 ], [ 143.345181, -8.691011 ], [ 143.261032, -8.576786 ], [ 143.103006, -8.448144 ], [ 142.927226, -8.419125 ], [ 142.858062, -8.372931 ], [ 142.794562, -8.344378 ], [ 142.760476, -8.314026 ], [ 142.692291, -8.329318 ], [ 142.71967, -8.315982 ], [ 142.680631, -8.305294 ], [ 142.651581, -8.306256 ], [ 142.566533, -8.335188 ], [ 142.517446, -8.365299 ], [ 142.450907, -8.366195 ], [ 142.421173, -8.346467 ], [ 142.402145, -8.322086 ], [ 142.385869, -8.245794 ], [ 142.367491, -8.21062 ], [ 142.370533, -8.194992 ], [ 142.356049, -8.178865 ], [ 142.236695, -8.189353 ], [ 142.196432, -8.208112 ], [ 142.179936, -8.233322 ], [ 142.115051, -8.236196 ], [ 142.096242, -8.230865 ], [ 142.084643, -8.211499 ], [ 142.023599, -8.189996 ], [ 141.986175, -8.148574 ], [ 141.990944, -8.144297 ], [ 141.993889, -8.154641 ], [ 142.038882, -8.193493 ], [ 142.071862, -8.203614 ], [ 142.108815, -8.203377 ], [ 142.147734, -8.222187 ], [ 142.176619, -8.211057 ], [ 142.205077, -8.180061 ], [ 142.24474, -8.155674 ], [ 142.293284, -8.162944 ], [ 142.350159, -8.150418 ], [ 142.359553, -8.163807 ], [ 142.387947, -8.172981 ], [ 142.402087, -8.189224 ], [ 142.415684, -8.283671 ], [ 142.426497, -8.302683 ], [ 142.446739, -8.316256 ], [ 142.498923, -8.328181 ], [ 142.518531, -8.329804 ], [ 142.584501, -8.290194 ], [ 142.670139, -8.264814 ], [ 142.764275, -8.275189 ], [ 142.816064, -8.297389 ], [ 142.815632, -8.287137 ], [ 142.825432, -8.301809 ], [ 142.861324, -8.324791 ], [ 142.897026, -8.317446 ], [ 142.882108, -8.293419 ], [ 142.86603, -8.285712 ], [ 142.874454, -8.286692 ], [ 142.93548, -8.3257 ], [ 142.975458, -8.337609 ], [ 143.150471, -8.285748 ], [ 143.285806, -8.268427 ], [ 143.341757, -8.244559 ], [ 143.514837, -8.236477 ], [ 143.533697, -8.231374 ], [ 143.538791, -8.221109 ], [ 143.541128, -8.237509 ], [ 143.611274, -8.231498 ], [ 143.61837, -8.200428 ], [ 143.60801, -8.164461 ], [ 143.527454, -8.099142 ], [ 143.468306, -8.081163 ], [ 143.446402, -8.026121 ], [ 143.416636, -8.020512 ], [ 143.387864, -7.991406 ], [ 143.389743, -7.981532 ], [ 143.403741, -7.973901 ], [ 143.382762, -7.957817 ], [ 143.377244, -7.930207 ], [ 143.361117, -7.929723 ], [ 143.362452, -7.960556 ], [ 143.34102, -7.995488 ], [ 143.341983, -7.980836 ], [ 143.359977, -7.95627 ], [ 143.343838, -7.85289 ], [ 143.336041, -7.842593 ], [ 143.317123, -7.880542 ], [ 143.289682, -7.884837 ], [ 143.291116, -7.891949 ], [ 143.282033, -7.895641 ], [ 143.304888, -7.916953 ], [ 143.315492, -7.962226 ], [ 143.302435, -7.965015 ], [ 143.291959, -7.957925 ], [ 143.282621, -7.967601 ], [ 143.273963, -7.967819 ], [ 143.269631, -7.960545 ], [ 143.275413, -7.948706 ], [ 143.269713, -7.944565 ], [ 143.262769, -7.952398 ], [ 143.250798, -7.953464 ], [ 143.242331, -7.967947 ], [ 143.236243, -7.964716 ], [ 143.237378, -7.952041 ], [ 143.2418, -7.965944 ], [ 143.248368, -7.952899 ], [ 143.270494, -7.942947 ], [ 143.276725, -7.948991 ], [ 143.274034, -7.965909 ], [ 143.291128, -7.956233 ], [ 143.313835, -7.959086 ], [ 143.302104, -7.919557 ], [ 143.279567, -7.899365 ], [ 143.280412, -7.895232 ], [ 143.287906, -7.890788 ], [ 143.287461, -7.887476 ], [ 143.265117, -7.888786 ], [ 143.252504, -7.880115 ], [ 143.248494, -7.830022 ], [ 143.258281, -7.794491 ], [ 143.267044, -7.796432 ], [ 143.256395, -7.834995 ], [ 143.257892, -7.877582 ], [ 143.305371, -7.878842 ], [ 143.316224, -7.862815 ], [ 143.319268, -7.834987 ], [ 143.344418, -7.832731 ], [ 143.358051, -7.857063 ], [ 143.364862, -7.905126 ], [ 143.389852, -7.912721 ], [ 143.419979, -7.904872 ], [ 143.437193, -7.911465 ], [ 143.456913, -7.938671 ], [ 143.46447, -7.981879 ], [ 143.487872, -7.999709 ], [ 143.547033, -8.008047 ], [ 143.574727, -7.991362 ], [ 143.614964, -7.989759 ], [ 143.684855, -8.01462 ], [ 143.731215, -8.044496 ], [ 143.86671, -8.046758 ], [ 143.876165, -8.013484 ], [ 143.849067, -7.962468 ], [ 143.807996, -7.96523 ], [ 143.776983, -7.938552 ], [ 143.777688, -7.889387 ], [ 143.755317, -7.896088 ], [ 143.754612, -7.889042 ], [ 143.774913, -7.884472 ], [ 143.78464, -7.899632 ], [ 143.779966, -7.933065 ], [ 143.812006, -7.958249 ], [ 143.850278, -7.952619 ], [ 143.879971, -7.990906 ], [ 143.915726, -8.007808 ], [ 143.926161, -7.990059 ], [ 143.001096, -7.017453 ], [ 143.001094, -6.818013 ], [ 142.631374, -6.818011 ], [ 142.631364, -5.908326 ], [ 142.549529, -5.871058 ], [ 142.54289, -5.859292 ], [ 142.533545, -5.862618 ], [ 142.532206, -5.84216 ] ] ], [ [ [ 143.591659, -8.622192 ], [ 143.483129, -8.527094 ], [ 143.438141, -8.502084 ], [ 143.37851, -8.478217 ], [ 143.273132, -8.458834 ], [ 143.233212, -8.414112 ], [ 143.21063, -8.402795 ], [ 143.184767, -8.414475 ], [ 143.185657, -8.425148 ], [ 143.267244, -8.487022 ], [ 143.353494, -8.5223 ], [ 143.409175, -8.584 ], [ 143.47042, -8.605432 ], [ 143.508632, -8.632106 ], [ 143.538704, -8.638509 ], [ 143.582895, -8.661334 ], [ 143.612784, -8.697601 ], [ 143.612457, -8.712194 ], [ 143.627828, -8.713665 ], [ 143.645849, -8.677313 ], [ 143.642361, -8.649776 ], [ 143.591659, -8.622192 ] ] ], [ [ [ 143.416606, -8.425991 ], [ 143.47996, -8.415244 ], [ 143.51742, -8.438352 ], [ 143.544751, -8.436973 ], [ 143.562987, -8.412345 ], [ 143.572182, -8.370229 ], [ 143.565278, -8.359379 ], [ 143.550842, -8.356864 ], [ 143.381851, -8.366435 ], [ 143.337737, -8.345311 ], [ 143.313249, -8.369047 ], [ 143.376019, -8.41392 ], [ 143.416606, -8.425991 ] ] ], [ [ [ 143.476418, -8.020131 ], [ 143.439808, -7.983223 ], [ 143.428921, -7.932226 ], [ 143.386405, -7.932111 ], [ 143.384521, -7.955951 ], [ 143.407359, -7.975333 ], [ 143.393344, -7.989092 ], [ 143.418687, -8.017621 ], [ 143.450743, -8.021838 ], [ 143.466831, -8.070496 ], [ 143.572355, -8.108518 ], [ 143.548447, -8.076229 ], [ 143.534616, -8.036741 ], [ 143.476418, -8.020131 ] ] ], [ [ [ 143.651702, -8.029501 ], [ 143.595431, -8.010146 ], [ 143.539599, -8.026709 ], [ 143.571508, -8.078554 ], [ 143.653055, -8.075877 ], [ 143.694069, -8.100302 ], [ 143.706849, -8.098921 ], [ 143.697335, -8.067661 ], [ 143.651702, -8.029501 ] ] ], [ [ [ 143.517219, -8.441231 ], [ 143.478482, -8.417782 ], [ 143.438234, -8.432475 ], [ 143.530367, -8.480283 ], [ 143.551567, -8.502384 ], [ 143.587569, -8.502416 ], [ 143.587811, -8.491039 ], [ 143.566842, -8.494783 ], [ 143.564319, -8.483436 ], [ 143.515717, -8.467204 ], [ 143.572635, -8.484626 ], [ 143.58864, -8.480696 ], [ 143.60795, -8.44756 ], [ 143.588234, -8.410515 ], [ 143.569756, -8.408151 ], [ 143.555118, -8.435161 ], [ 143.537072, -8.442669 ], [ 143.517219, -8.441231 ] ] ], [ [ [ 143.584007, -8.097278 ], [ 143.587778, -8.131689 ], [ 143.642321, -8.17311 ], [ 143.69433, -8.151967 ], [ 143.692822, -8.126491 ], [ 143.644535, -8.088927 ], [ 143.584007, -8.097278 ] ] ], [ [ [ 143.569133, -8.326273 ], [ 143.529003, -8.339255 ], [ 143.570994, -8.353359 ], [ 143.627538, -8.407183 ], [ 143.650134, -8.393307 ], [ 143.676886, -8.392608 ], [ 143.668862, -8.373155 ], [ 143.663829, -8.377563 ], [ 143.653425, -8.375018 ], [ 143.664943, -8.373651 ], [ 143.668549, -8.36443 ], [ 143.64849, -8.340607 ], [ 143.62199, -8.330624 ], [ 143.569133, -8.326273 ] ] ], [ [ [ 143.694164, -8.172583 ], [ 143.648569, -8.188214 ], [ 143.61513, -8.17439 ], [ 143.620693, -8.20259 ], [ 143.613359, -8.232739 ], [ 143.6625, -8.236202 ], [ 143.709982, -8.222791 ], [ 143.721704, -8.206718 ], [ 143.721567, -8.192481 ], [ 143.713032, -8.1797 ], [ 143.694164, -8.172583 ] ] ], [ [ [ 143.220908, -8.359651 ], [ 143.277364, -8.352445 ], [ 143.294381, -8.331413 ], [ 143.276311, -8.321329 ], [ 143.159204, -8.328409 ], [ 143.135188, -8.339842 ], [ 143.220908, -8.359651 ] ] ], [ [ [ 143.660044, -8.528415 ], [ 143.678912, -8.509868 ], [ 143.670256, -8.485362 ], [ 143.641489, -8.469081 ], [ 143.615929, -8.474596 ], [ 143.604115, -8.4948 ], [ 143.605497, -8.519831 ], [ 143.618081, -8.533273 ], [ 143.635772, -8.536793 ], [ 143.660044, -8.528415 ] ] ], [ [ [ 143.338597, -8.309475 ], [ 143.305129, -8.320302 ], [ 143.314968, -8.324591 ], [ 143.36275, -8.315942 ], [ 143.454554, -8.331496 ], [ 143.48947, -8.328447 ], [ 143.499971, -8.315841 ], [ 143.488594, -8.30698 ], [ 143.426301, -8.303938 ], [ 143.338597, -8.309475 ] ] ], [ [ [ 143.729625, -8.43163 ], [ 143.717226, -8.461954 ], [ 143.735629, -8.480045 ], [ 143.755029, -8.493767 ], [ 143.767814, -8.491577 ], [ 143.768123, -8.499386 ], [ 143.760601, -8.49716 ], [ 143.767616, -8.506511 ], [ 143.788049, -8.495522 ], [ 143.792858, -8.480084 ], [ 143.779552, -8.452525 ], [ 143.752392, -8.435781 ], [ 143.757529, -8.442163 ], [ 143.729625, -8.43163 ] ] ], [ [ [ 143.41996, -8.971808 ], [ 143.392034, -8.990653 ], [ 143.37649, -9.012153 ], [ 143.402809, -9.035044 ], [ 143.417776, -9.014 ], [ 143.438421, -9.021766 ], [ 143.447716, -9.000194 ], [ 143.451014, -8.980287 ], [ 143.444789, -8.968847 ], [ 143.41996, -8.971808 ] ] ], [ [ [ 143.260509, -9.139713 ], [ 143.274053, -9.097432 ], [ 143.253073, -9.091387 ], [ 143.199681, -9.125808 ], [ 143.24263, -9.145596 ], [ 143.260509, -9.139713 ] ] ], [ [ [ 143.068122, -8.378787 ], [ 142.969432, -8.38451 ], [ 142.969973, -8.395301 ], [ 143.01217, -8.409264 ], [ 143.067366, -8.401993 ], [ 143.083867, -8.386831 ], [ 143.068122, -8.378787 ] ] ], [ [ [ 143.427009, -8.700003 ], [ 143.447341, -8.781752 ], [ 143.459669, -8.764871 ], [ 143.460107, -8.721783 ], [ 143.451072, -8.704855 ], [ 143.427009, -8.700003 ] ] ], [ [ [ 143.25768, -8.517535 ], [ 143.30583, -8.578734 ], [ 143.329961, -8.580152 ], [ 143.324175, -8.549413 ], [ 143.25768, -8.517535 ] ] ], [ [ [ 143.819833, -8.489241 ], [ 143.794896, -8.522906 ], [ 143.798424, -8.494731 ], [ 143.785196, -8.510826 ], [ 143.782694, -8.502695 ], [ 143.777281, -8.515608 ], [ 143.798748, -8.527466 ], [ 143.808944, -8.543449 ], [ 143.827508, -8.530059 ], [ 143.831949, -8.512669 ], [ 143.819833, -8.489241 ] ] ], [ [ [ 143.238163, -9.083063 ], [ 143.207227, -9.061384 ], [ 143.187106, -9.072248 ], [ 143.182381, -9.092027 ], [ 143.208202, -9.104255 ], [ 143.238163, -9.083063 ] ] ], [ [ [ 143.278497, -8.407684 ], [ 143.25488, -8.396721 ], [ 143.241761, -8.40107 ], [ 143.263248, -8.434218 ], [ 143.283732, -8.44233 ], [ 143.301582, -8.438401 ], [ 143.278497, -8.407684 ] ] ], [ [ [ 143.645799, -8.423445 ], [ 143.671334, -8.428151 ], [ 143.68805, -8.414673 ], [ 143.676581, -8.396862 ], [ 143.655792, -8.394289 ], [ 143.63263, -8.408859 ], [ 143.645799, -8.423445 ] ] ], [ [ [ 143.129363, -8.315988 ], [ 143.054946, -8.342239 ], [ 143.111887, -8.338392 ], [ 143.142884, -8.320258 ], [ 143.129363, -8.315988 ] ] ], [ [ [ 143.60155, -8.395807 ], [ 143.5742, -8.376528 ], [ 143.572447, -8.39963 ], [ 143.592142, -8.408873 ], [ 143.617986, -8.435063 ], [ 143.620635, -8.421601 ], [ 143.60155, -8.395807 ] ] ], [ [ [ 143.398915, -8.654504 ], [ 143.355786, -8.646465 ], [ 143.361203, -8.659288 ], [ 143.427054, -8.691386 ], [ 143.416234, -8.668378 ], [ 143.398915, -8.654504 ] ] ], [ [ [ 143.249173, -8.536784 ], [ 143.184271, -8.469842 ], [ 143.174896, -8.466234 ], [ 143.175027, -8.48358 ], [ 143.249173, -8.536784 ] ] ], [ [ [ 143.408322, -8.701877 ], [ 143.374214, -8.683081 ], [ 143.348448, -8.666974 ], [ 143.381762, -8.702093 ], [ 143.39625, -8.708294 ], [ 143.408322, -8.701877 ] ] ], [ [ [ 142.138652, -8.228305 ], [ 142.101125, -8.211327 ], [ 142.091559, -8.211821 ], [ 142.10131, -8.23039 ], [ 142.138652, -8.228305 ] ] ], [ [ [ 143.402444, -8.346515 ], [ 143.395208, -8.336348 ], [ 143.35994, -8.338934 ], [ 143.376434, -8.353268 ], [ 143.402444, -8.346515 ] ] ], [ [ [ 143.172127, -8.465799 ], [ 143.140526, -8.451784 ], [ 143.150351, -8.470091 ], [ 143.169245, -8.48144 ], [ 143.172127, -8.465799 ] ] ], [ [ [ 143.222852, -8.312322 ], [ 143.244479, -8.306069 ], [ 143.224712, -8.299441 ], [ 143.184542, -8.309043 ], [ 143.222852, -8.312322 ] ] ], [ [ [ 143.324359, -8.586517 ], [ 143.342293, -8.60579 ], [ 143.351277, -8.603536 ], [ 143.338842, -8.579277 ], [ 143.324359, -8.586517 ] ] ], [ [ [ 142.906551, -8.345637 ], [ 142.933512, -8.342249 ], [ 142.895301, -8.33629 ], [ 142.906551, -8.345637 ] ] ], [ [ [ 143.406863, -8.350839 ], [ 143.431281, -8.347308 ], [ 143.400507, -8.335732 ], [ 143.406863, -8.350839 ] ] ], [ [ [ 142.901196, -8.320523 ], [ 142.92762, -8.323335 ], [ 142.889296, -8.299694 ], [ 142.901196, -8.320523 ] ] ], [ [ [ 143.112287, -8.393063 ], [ 143.126486, -8.379523 ], [ 143.103882, -8.379225 ], [ 143.112287, -8.393063 ] ] ], [ [ [ 142.43792, -8.328245 ], [ 142.460008, -8.341231 ], [ 142.470936, -8.335778 ], [ 142.43792, -8.328245 ] ] ], [ [ [ 142.244667, -8.166472 ], [ 142.271046, -8.163378 ], [ 142.253274, -8.158688 ], [ 142.244667, -8.166472 ] ] ], [ [ [ 143.297891, -8.355576 ], [ 143.307994, -8.360935 ], [ 143.310034, -8.34197 ], [ 143.299129, -8.348487 ], [ 143.297891, -8.355576 ] ] ], [ [ [ 143.294335, -8.412386 ], [ 143.311762, -8.427636 ], [ 143.311366, -8.421441 ], [ 143.294335, -8.412386 ] ] ], [ [ [ 143.223155, -8.484945 ], [ 143.237469, -8.500802 ], [ 143.252514, -8.50666 ], [ 143.223155, -8.484945 ] ] ], [ [ [ 142.18209, -8.22401 ], [ 142.173875, -8.217154 ], [ 142.161821, -8.227874 ], [ 142.18209, -8.22401 ] ] ], [ [ [ 143.289197, -8.447916 ], [ 143.305976, -8.454329 ], [ 143.314598, -8.450585 ], [ 143.289197, -8.447916 ] ] ], [ [ [ 143.689922, -8.44153 ], [ 143.708404, -8.444004 ], [ 143.702534, -8.433605 ], [ 143.689922, -8.44153 ] ] ], [ [ [ 143.038499, -8.348899 ], [ 143.046173, -8.357231 ], [ 143.053058, -8.352702 ], [ 143.038499, -8.348899 ] ] ], [ [ [ 143.337603, -8.32912 ], [ 143.348584, -8.332249 ], [ 143.352498, -8.331067 ], [ 143.340199, -8.322093 ], [ 143.337603, -8.32912 ] ] ], [ [ [ 143.266299, -8.513215 ], [ 143.290188, -8.52797 ], [ 143.292952, -8.527373 ], [ 143.266299, -8.513215 ] ] ], [ [ [ 143.442091, -8.343661 ], [ 143.431809, -8.341677 ], [ 143.441112, -8.350441 ], [ 143.442091, -8.343661 ] ] ], [ [ [ 142.21399, -8.188869 ], [ 142.231569, -8.17571 ], [ 142.217071, -8.182081 ], [ 142.21399, -8.188869 ] ] ], [ [ [ 143.107561, -8.409405 ], [ 143.118871, -8.410243 ], [ 143.118166, -8.408296 ], [ 143.107561, -8.409405 ] ] ], [ [ [ 142.930087, -8.398318 ], [ 142.917809, -8.391046 ], [ 142.916892, -8.391737 ], [ 142.930087, -8.398318 ] ] ], [ [ [ 143.179547, -8.41026 ], [ 143.185725, -8.403899 ], [ 143.178362, -8.406366 ], [ 143.179547, -8.41026 ] ] ], [ [ [ 142.144896, -8.23414 ], [ 142.146484, -8.227014 ], [ 142.138777, -8.230944 ], [ 142.144896, -8.23414 ] ] ], [ [ [ 143.545685, -8.063393 ], [ 143.546147, -8.050991 ], [ 143.544057, -8.049172 ], [ 143.545685, -8.063393 ] ] ], [ [ [ 143.384242, -8.293261 ], [ 143.377401, -8.28895 ], [ 143.376261, -8.29034 ], [ 143.384242, -8.293261 ] ] ], [ [ [ 143.132316, -8.403369 ], [ 143.138779, -8.403782 ], [ 143.136334, -8.400585 ], [ 143.132316, -8.403369 ] ] ], [ [ [ 142.71852, -9.311019 ], [ 142.724282, -9.307196 ], [ 142.717347, -9.3085 ], [ 142.71852, -9.311019 ] ] ], [ [ [ 142.742856, -9.278238 ], [ 142.748761, -9.278317 ], [ 142.742028, -9.275366 ], [ 142.742856, -9.278238 ] ] ], [ [ [ 142.771786, -9.277839 ], [ 142.772386, -9.281743 ], [ 142.773542, -9.281734 ], [ 142.771786, -9.277839 ] ] ] ] } },
{ "type": "Feature", "properties": { "FID": 3, "PROVID": "OCNPNG001003", "PROVNAME": "Central" }, "geometry": { "type": "MultiPolygon", "coordinates": [ [ [ [ 147.436637, -8.731878 ], [ 147.659368, -8.540255 ], [ 147.463582, -8.340226 ], [ 147.380249, -8.369113 ], [ 147.001083, -7.998562 ], [ 146.944141, -7.961061 ], [ 146.944858, -7.970806 ], [ 146.929102, -7.973892 ], [ 146.912654, -7.964422 ], [ 146.908061, -7.952101 ], [ 146.8887, -7.963301 ], [ 146.869423, -7.988691 ], [ 146.837439, -7.997781 ], [ 146.807693, -7.983073 ], [ 146.801131, -7.951587 ], [ 146.787997, -7.932213 ], [ 146.7767, -7.930598 ], [ 146.772142, -7.945413 ], [ 146.750606, -7.957234 ], [ 146.741117, -7.953057 ], [ 146.727915, -7.91098 ], [ 146.730891, -7.881618 ], [ 146.720829, -7.870948 ], [ 146.741918, -7.857238 ], [ 146.748027, -7.829952 ], [ 146.648864, -7.765509 ], [ 146.617163, -7.799937 ], [ 146.607897, -7.795414 ], [ 146.597898, -7.80954 ], [ 146.586878, -7.801588 ], [ 146.573402, -7.812583 ], [ 146.553218, -7.813589 ], [ 146.522883, -7.848225 ], [ 146.523398, -7.880057 ], [ 146.506818, -7.894969 ], [ 146.502414, -7.890816 ], [ 146.487842, -7.910996 ], [ 146.452317, -7.905222 ], [ 146.434978, -7.914944 ], [ 146.385811, -7.914947 ], [ 146.385813, -8.588959 ], [ 146.431579, -8.610787 ], [ 146.502006, -8.692714 ], [ 146.508151, -8.689659 ], [ 146.506564, -8.699094 ], [ 146.522962, -8.710776 ], [ 146.535001, -8.744313 ], [ 146.529578, -8.76904 ], [ 146.536945, -8.758735 ], [ 146.54573, -8.770345 ], [ 146.556601, -8.75581 ], [ 146.550111, -8.770961 ], [ 146.566779, -8.778609 ], [ 146.567806, -8.792794 ], [ 146.575584, -8.788258 ], [ 146.574056, -8.803804 ], [ 146.56175, -8.811063 ], [ 146.567465, -8.817572 ], [ 146.579066, -8.824251 ], [ 146.590071, -8.820662 ], [ 146.601798, -8.8006 ], [ 146.605121, -8.81642 ], [ 146.6142, -8.795185 ], [ 146.620356, -8.791552 ], [ 146.593221, -8.855271 ], [ 146.585327, -8.859461 ], [ 146.566684, -8.852139 ], [ 146.550202, -8.88599 ], [ 146.576414, -8.925076 ], [ 146.568951, -8.945182 ], [ 146.594462, -8.998444 ], [ 146.608638, -9.002376 ], [ 146.639812, -9.031134 ], [ 146.676536, -9.034119 ], [ 146.749972, -9.055512 ], [ 146.772316, -9.051325 ], [ 146.809541, -9.063979 ], [ 146.829188, -9.091927 ], [ 146.886456, -9.114881 ], [ 146.903219, -9.114672 ], [ 146.921578, -9.102486 ], [ 146.929302, -9.105659 ], [ 146.952575, -9.085669 ], [ 146.963778, -9.056711 ], [ 146.945969, -9.043542 ], [ 146.959578, -9.047107 ], [ 146.971832, -9.031644 ], [ 146.965829, -9.016032 ], [ 146.947697, -9.01416 ], [ 146.947402, -9.007586 ], [ 146.969232, -9.009258 ], [ 146.976572, -9.031564 ], [ 146.969666, -9.042574 ], [ 146.97575, -9.048156 ], [ 146.981204, -9.045318 ], [ 146.999674, -9.047998 ], [ 147.006877, -9.058199 ], [ 147.008684, -9.048646 ], [ 147.015296, -9.045585 ], [ 147.024326, -9.059027 ], [ 147.013882, -9.04926 ], [ 147.006858, -9.061079 ], [ 146.999422, -9.050876 ], [ 146.988434, -9.051947 ], [ 146.972377, -9.065652 ], [ 146.994648, -9.070784 ], [ 146.970019, -9.071976 ], [ 146.964716, -9.099832 ], [ 146.961172, -9.095307 ], [ 146.926309, -9.118662 ], [ 146.95799, -9.132401 ], [ 146.931754, -9.131966 ], [ 146.903743, -9.121361 ], [ 146.895401, -9.123829 ], [ 146.895284, -9.138238 ], [ 146.913638, -9.156837 ], [ 146.919177, -9.143389 ], [ 146.925447, -9.139752 ], [ 146.925917, -9.153704 ], [ 146.920299, -9.147665 ], [ 146.909748, -9.166027 ], [ 146.909576, -9.187932 ], [ 146.903357, -9.213589 ], [ 146.909475, -9.214907 ], [ 146.90466, -9.224206 ], [ 146.913179, -9.243648 ], [ 146.92447, -9.249156 ], [ 146.927426, -9.241111 ], [ 146.932648, -9.239191 ], [ 146.934002, -9.242893 ], [ 146.931616, -9.252673 ], [ 146.931703, -9.241492 ], [ 146.925613, -9.250896 ], [ 146.917744, -9.251406 ], [ 146.91531, -9.266838 ], [ 146.900609, -9.268335 ], [ 146.926525, -9.282033 ], [ 146.937282, -9.267474 ], [ 146.986865, -9.287469 ], [ 146.992019, -9.279322 ], [ 146.997112, -9.278783 ], [ 146.990063, -9.292683 ], [ 147.001185, -9.305681 ], [ 147.009089, -9.377576 ], [ 147.014774, -9.390538 ], [ 147.034414, -9.39507 ], [ 147.042049, -9.410692 ], [ 147.034772, -9.424706 ], [ 147.032501, -9.449482 ], [ 147.04267, -9.451633 ], [ 147.037887, -9.425881 ], [ 147.044285, -9.421088 ], [ 147.077269, -9.468847 ], [ 147.079282, -9.462521 ], [ 147.094097, -9.462399 ], [ 147.095756, -9.473365 ], [ 147.088797, -9.475274 ], [ 147.096284, -9.480287 ], [ 147.115068, -9.476044 ], [ 147.078074, -9.44365 ], [ 147.075282, -9.422062 ], [ 147.09692, -9.419361 ], [ 147.09692, -9.392418 ], [ 147.125531, -9.383529 ], [ 147.162197, -9.355474 ], [ 147.205539, -9.353835 ], [ 147.205515, -9.365166 ], [ 147.221731, -9.380506 ], [ 147.233404, -9.382945 ], [ 147.246675, -9.371115 ], [ 147.259323, -9.392946 ], [ 147.27081, -9.39215 ], [ 147.270833, -9.407507 ], [ 147.285252, -9.402142 ], [ 147.280706, -9.424342 ], [ 147.29695, -9.496813 ], [ 147.2859, -9.51415 ], [ 147.309134, -9.537139 ], [ 147.319001, -9.533397 ], [ 147.32567, -9.540709 ], [ 147.314188, -9.56139 ], [ 147.36419, -9.582706 ], [ 147.351933, -9.598192 ], [ 147.396725, -9.639999 ], [ 147.415327, -9.685439 ], [ 147.440069, -9.712694 ], [ 147.480804, -9.740279 ], [ 147.498803, -9.773604 ], [ 147.49872, -9.787671 ], [ 147.516549, -9.810847 ], [ 147.509103, -9.85613 ], [ 147.514243, -9.869427 ], [ 147.535277, -9.880738 ], [ 147.541556, -9.898422 ], [ 147.580227, -9.928636 ], [ 147.58591, -9.948854 ], [ 147.620507, -9.984457 ], [ 147.706519, -10.014911 ], [ 147.717427, -10.036309 ], [ 147.713973, -10.077818 ], [ 147.726951, -10.104763 ], [ 147.750337, -10.067042 ], [ 147.78312, -10.051636 ], [ 147.826935, -10.058538 ], [ 147.854026, -10.096732 ], [ 147.851804, -10.074461 ], [ 147.861416, -10.052589 ], [ 147.87016, -10.04167 ], [ 147.889904, -10.035993 ], [ 147.894998, -10.038782 ], [ 147.882667, -10.047261 ], [ 147.89943, -10.059453 ], [ 147.902264, -10.075038 ], [ 147.894879, -10.093115 ], [ 147.888474, -10.098623 ], [ 147.867609, -10.093913 ], [ 147.857481, -10.102519 ], [ 147.938371, -10.095964 ], [ 147.949649, -10.117927 ], [ 147.963784, -10.122257 ], [ 147.946326, -10.13522 ], [ 147.970654, -10.144551 ], [ 147.974067, -10.161525 ], [ 148.004238, -10.16142 ], [ 148.013596, -10.143229 ], [ 148.031396, -10.130614 ], [ 148.054566, -10.140511 ], [ 148.113761, -10.134741 ], [ 148.171349, -10.088807 ], [ 148.157713, -10.073187 ], [ 148.1482, -10.073726 ], [ 148.157718, -10.071111 ], [ 148.16964, -10.078649 ], [ 148.169083, -10.071728 ], [ 148.193834, -10.054868 ], [ 148.203705, -10.019132 ], [ 148.231894, -10.018301 ], [ 148.246146, -10.022156 ], [ 148.229554, -10.023833 ], [ 148.233593, -10.031575 ], [ 148.21286, -10.057804 ], [ 148.192319, -10.060851 ], [ 148.173881, -10.094586 ], [ 148.18719, -10.104434 ], [ 148.217735, -10.093813 ], [ 148.226397, -10.106532 ], [ 148.258869, -10.111597 ], [ 148.257328, -10.122552 ], [ 148.274681, -10.139563 ], [ 148.302912, -10.12731 ], [ 148.335024, -10.137212 ], [ 148.34014, -10.175872 ], [ 148.356936, -10.186877 ], [ 148.387457, -10.187195 ], [ 148.402494, -10.207771 ], [ 148.428862, -10.198034 ], [ 148.471209, -10.204489 ], [ 148.51567, -10.199978 ], [ 148.550515, -10.183559 ], [ 148.541229, -10.186772 ], [ 148.534498, -10.1841 ], [ 148.563296, -10.176435 ], [ 148.554593, -10.176071 ], [ 148.558664, -10.170889 ], [ 148.566902, -10.170674 ], [ 148.583811, -10.189167 ], [ 148.586741, -10.174407 ], [ 148.598905, -10.186544 ], [ 148.621902, -10.175055 ], [ 148.625021, -10.184058 ], [ 148.639876, -10.183739 ], [ 148.643338, -10.19505 ], [ 148.649143, -10.193329 ], [ 148.666228, -10.176287 ], [ 148.65425, -10.162519 ], [ 148.672968, -10.17088 ], [ 148.694689, -10.157881 ], [ 148.687038, -10.150714 ], [ 148.696202, -10.153612 ], [ 148.705151, -10.143821 ], [ 148.687071, -10.129144 ], [ 148.705505, -10.137134 ], [ 148.700892, -10.119016 ], [ 148.689059, -10.117842 ], [ 148.695099, -10.112082 ], [ 148.692191, -10.116344 ], [ 148.712261, -10.117765 ], [ 148.703788, -10.12098 ], [ 148.707259, -10.127101 ], [ 148.734062, -10.127717 ], [ 148.708647, -10.132523 ], [ 148.709205, -10.149595 ], [ 148.724295, -10.145238 ], [ 148.738767, -10.167177 ], [ 148.758274, -10.159131 ], [ 148.760618, -10.141023 ], [ 148.769555, -10.136651 ], [ 148.776866, -10.137813 ], [ 148.779426, -10.12836 ], [ 148.783821, -10.142785 ], [ 148.800069, -10.139347 ], [ 148.804126, -10.143963 ], [ 148.782658, -10.146245 ], [ 148.763722, -10.163175 ], [ 148.779738, -10.161814 ], [ 148.780893, -10.165274 ], [ 148.773921, -10.175881 ], [ 148.785527, -10.175316 ], [ 148.791321, -10.181093 ], [ 148.771829, -10.176221 ], [ 148.778577, -10.163542 ], [ 148.757106, -10.166397 ], [ 148.721097, -10.193684 ], [ 148.754401, -10.194654 ], [ 148.77145, -10.205294 ], [ 148.733501, -10.203278 ], [ 148.753801, -10.211384 ], [ 148.739873, -10.212514 ], [ 148.745648, -10.23756 ], [ 148.770959, -10.230097 ], [ 148.798216, -10.248588 ], [ 148.827243, -10.237433 ], [ 148.907631, -10.240827 ], [ 148.935484, -10.254969 ], [ 148.966676, -10.288717 ], [ 149.003526, -10.255567 ], [ 149.038633, -10.23654 ], [ 149.096078, -10.231923 ], [ 149.166303, -10.247759 ], [ 149.182561, -10.263323 ], [ 149.323939, -10.314544 ], [ 149.364418, -10.276299 ], [ 149.368875, -10.277299 ], [ 149.377314, -10.295457 ], [ 149.390385, -10.302072 ], [ 149.394432, -10.29255 ], [ 149.406336, -10.296287 ], [ 149.404609, -10.303783 ], [ 149.415938, -10.311553 ], [ 149.406661, -10.318488 ], [ 149.413351, -10.328571 ], [ 149.429, -10.312692 ], [ 149.430182, -10.324801 ], [ 149.451381, -10.332267 ], [ 149.453721, -10.341779 ], [ 149.434855, -10.342958 ], [ 149.425869, -10.349604 ], [ 149.430229, -10.354788 ], [ 149.461009, -10.359935 ], [ 149.465936, -10.356176 ], [ 149.455747, -10.339757 ], [ 149.471697, -10.331661 ], [ 149.482727, -10.331933 ], [ 149.494943, -10.345464 ], [ 149.480172, -10.364228 ], [ 149.513856, -10.369944 ], [ 149.523725, -10.369639 ], [ 149.523127, -10.360698 ], [ 149.498022, -10.36204 ], [ 149.494375, -10.351519 ], [ 149.524119, -10.349019 ], [ 149.542437, -10.364126 ], [ 149.555321, -10.348246 ], [ 149.569684, -10.344614 ], [ 149.603805, -10.352191 ], [ 149.622165, -10.343118 ], [ 149.667712, -10.344718 ], [ 149.667658, -10.034658 ], [ 149.540876, -10.034461 ], [ 149.512203, -10.023134 ], [ 149.502988, -9.997821 ], [ 149.462957, -9.996862 ], [ 149.467627, -9.972352 ], [ 149.455886, -9.955377 ], [ 149.413151, -9.971968 ], [ 149.399357, -9.951214 ], [ 149.406608, -9.940205 ], [ 149.30522, -9.940206 ], [ 149.317711, -9.90276 ], [ 149.327404, -9.8981 ], [ 149.324719, -9.879708 ], [ 149.346163, -9.860366 ], [ 149.337046, -9.842218 ], [ 149.316927, -9.855432 ], [ 149.299988, -9.854041 ], [ 149.286506, -9.833645 ], [ 149.250071, -9.839292 ], [ 149.245448, -9.805181 ], [ 149.22304, -9.818045 ], [ 149.225424, -9.803045 ], [ 149.216722, -9.803844 ], [ 149.218082, -9.793914 ], [ 149.18232, -9.794341 ], [ 149.176657, -9.769696 ], [ 149.158902, -9.779485 ], [ 149.143612, -9.76614 ], [ 149.143087, -9.752907 ], [ 149.121332, -9.749824 ], [ 149.090528, -9.772093 ], [ 149.077061, -9.769715 ], [ 149.058315, -9.800888 ], [ 149.007712, -9.791291 ], [ 148.972539, -9.748801 ], [ 148.962607, -9.752344 ], [ 148.950499, -9.777549 ], [ 148.951793, -9.831551 ], [ 148.961425, -9.852891 ], [ 148.988023, -9.868948 ], [ 148.979559, -9.891023 ], [ 148.985177, -9.912926 ], [ 148.979082, -9.920426 ], [ 148.944932, -9.912636 ], [ 148.94049, -9.929028 ], [ 148.936232, -9.922423 ], [ 148.892102, -9.924433 ], [ 148.872159, -9.939197 ], [ 148.863124, -9.928995 ], [ 148.840312, -9.933592 ], [ 148.843738, -9.947335 ], [ 148.83363, -9.969125 ], [ 148.812614, -9.976964 ], [ 148.801738, -9.974107 ], [ 148.790635, -9.954856 ], [ 148.792509, -9.936516 ], [ 148.779839, -9.932253 ], [ 148.759865, -9.949299 ], [ 148.730308, -9.937263 ], [ 148.711257, -9.941365 ], [ 148.688321, -9.912539 ], [ 148.666473, -9.912284 ], [ 148.631639, -9.884749 ], [ 148.603648, -9.893877 ], [ 148.590916, -9.890525 ], [ 148.568126, -9.873511 ], [ 148.565295, -9.860515 ], [ 148.533385, -9.851545 ], [ 148.532999, -9.82821 ], [ 148.511294, -9.818123 ], [ 148.493352, -9.823181 ], [ 148.48297, -9.814561 ], [ 148.491369, -9.789151 ], [ 148.47929, -9.776396 ], [ 148.446185, -9.750777 ], [ 148.435788, -9.754433 ], [ 148.416786, -9.746372 ], [ 148.393769, -9.726705 ], [ 148.380801, -9.731874 ], [ 148.375279, -9.749354 ], [ 148.360661, -9.76016 ], [ 148.3486, -9.746113 ], [ 148.325824, -9.756889 ], [ 148.325296, -9.741501 ], [ 148.302714, -9.730902 ], [ 148.277171, -9.750806 ], [ 148.262138, -9.746959 ], [ 148.220759, -9.689781 ], [ 148.227683, -9.66994 ], [ 148.218072, -9.659536 ], [ 148.19157, -9.647849 ], [ 148.164908, -9.618302 ], [ 148.153614, -9.627819 ], [ 148.127957, -9.613804 ], [ 148.113311, -9.616721 ], [ 148.099393, -9.589969 ], [ 148.083892, -9.590543 ], [ 148.066557, -9.563952 ], [ 148.056414, -9.559544 ], [ 148.049221, -9.566953 ], [ 148.039622, -9.556177 ], [ 148.036455, -9.52743 ], [ 148.019981, -9.511023 ], [ 148.024552, -9.502146 ], [ 148.049731, -9.498461 ], [ 148.042709, -9.484366 ], [ 148.054207, -9.481156 ], [ 148.065326, -9.462419 ], [ 148.064222, -9.423487 ], [ 148.047299, -9.407585 ], [ 148.042325, -9.384615 ], [ 148.029305, -9.376203 ], [ 148.007505, -9.377069 ], [ 147.987624, -9.351033 ], [ 147.988805, -9.307074 ], [ 147.969133, -9.289181 ], [ 147.950546, -9.285701 ], [ 147.915761, -9.285669 ], [ 147.913538, -9.296505 ], [ 147.902547, -9.295547 ], [ 147.902005, -9.285761 ], [ 147.864018, -9.254048 ], [ 147.850453, -9.222107 ], [ 147.852376, -9.19537 ], [ 147.833261, -9.161081 ], [ 147.814885, -9.161515 ], [ 147.814756, -9.153228 ], [ 147.79665, -9.155814 ], [ 147.777362, -9.171714 ], [ 147.743822, -9.166605 ], [ 147.743787, -9.124449 ], [ 147.736381, -9.106028 ], [ 147.714645, -9.091295 ], [ 147.708713, -9.066923 ], [ 147.699342, -9.060039 ], [ 147.700366, -9.040041 ], [ 147.683554, -9.034262 ], [ 147.670839, -9.009999 ], [ 147.643151, -8.984206 ], [ 147.641006, -8.967316 ], [ 147.598336, -8.958077 ], [ 147.590723, -8.964539 ], [ 147.568955, -8.961777 ], [ 147.55675, -8.951772 ], [ 147.551663, -8.929711 ], [ 147.564074, -8.906948 ], [ 147.532661, -8.894147 ], [ 147.514349, -8.869946 ], [ 147.500689, -8.822493 ], [ 147.456431, -8.786722 ], [ 147.459135, -8.767581 ], [ 147.480085, -8.74934 ], [ 147.47799, -8.742936 ], [ 147.436637, -8.731878 ] ] ], [ [ [ 146.550159, -8.83108 ], [ 146.545884, -8.81587 ], [ 146.530163, -8.805348 ], [ 146.52289, -8.780499 ], [ 146.513342, -8.776376 ], [ 146.529921, -8.831048 ], [ 146.543091, -8.843276 ], [ 146.550159, -8.83108 ] ] ], [ [ [ 148.732147, -10.172361 ], [ 148.712065, -10.179016 ], [ 148.710662, -10.184783 ], [ 148.731206, -10.185046 ], [ 148.732147, -10.172361 ] ] ], [ [ [ 148.767001, -10.139301 ], [ 148.762354, -10.144485 ], [ 148.768957, -10.151993 ], [ 148.777433, -10.147621 ], [ 148.767001, -10.139301 ] ] ], [ [ [ 148.748016, -10.199494 ], [ 148.727127, -10.195424 ], [ 148.730949, -10.203504 ], [ 148.748016, -10.199494 ] ] ], [ [ [ 149.360473, -10.394951 ], [ 149.361185, -10.383421 ], [ 149.354506, -10.379968 ], [ 149.352196, -10.389485 ], [ 149.360473, -10.394951 ] ] ], [ [ [ 146.98346, -9.052252 ], [ 146.970522, -9.051807 ], [ 146.971072, -9.055036 ], [ 146.98346, -9.052252 ] ] ], [ [ [ 149.4573, -10.396849 ], [ 149.452352, -10.391086 ], [ 149.451484, -10.393398 ], [ 149.4573, -10.396849 ] ] ], [ [ [ 149.326567, -10.326363 ], [ 149.320471, -10.324926 ], [ 149.327154, -10.330401 ], [ 149.326567, -10.326363 ] ] ], [ [ [ 148.706611, -10.179584 ], [ 148.701962, -10.182465 ], [ 148.70544, -10.184431 ], [ 148.706611, -10.179584 ] ] ], [ [ [ 149.346616, -10.341623 ], [ 149.343426, -10.345376 ], [ 149.348942, -10.344796 ], [ 149.346616, -10.341623 ] ] ], [ [ [ 146.928579, -9.123867 ], [ 146.924295, -9.12441 ], [ 146.928904, -9.126407 ], [ 146.928579, -9.123867 ] ] ], [ [ [ 146.889504, -9.427593 ], [ 146.886277, -9.425607 ], [ 146.886261, -9.428143 ], [ 146.889504, -9.427593 ] ] ], [ [ [ 147.285494, -9.522794 ], [ 147.286955, -9.529492 ], [ 147.287534, -9.529496 ], [ 147.285494, -9.522794 ] ] ], [ [ [ 146.9078, -9.163706 ], [ 146.906266, -9.167496 ], [ 146.909093, -9.175822 ], [ 146.9078, -9.163706 ] ] ], [ [ [ 146.91517, -9.109005 ], [ 146.910752, -9.112425 ], [ 146.915393, -9.110161 ], [ 146.91517, -9.109005 ] ] ], [ [ [ 149.603557, -10.36075 ], [ 149.598911, -10.362377 ], [ 149.604701, -10.362858 ], [ 149.603557, -10.36075 ] ] ], [ [ [ 146.879418, -9.242448 ], [ 146.874802, -9.241026 ], [ 146.873866, -9.242751 ], [ 146.879418, -9.242448 ] ] ], [ [ [ 147.292124, -9.536104 ], [ 147.290594, -9.539896 ], [ 147.292658, -9.542794 ], [ 147.292124, -9.536104 ] ] ], [ [ [ 148.88889, -10.314632 ], [ 148.887439, -10.317516 ], [ 148.892083, -10.318381 ], [ 148.88889, -10.314632 ] ] ], [ [ [ 146.913571, -9.121095 ], [ 146.912739, -9.123973 ], [ 146.915059, -9.123414 ], [ 146.913571, -9.121095 ] ] ], [ [ [ 148.715612, -10.128266 ], [ 148.709808, -10.130564 ], [ 148.715958, -10.128843 ], [ 148.715612, -10.128266 ] ] ], [ [ [ 149.363245, -10.403892 ], [ 149.360348, -10.406779 ], [ 149.363544, -10.408506 ], [ 149.363245, -10.403892 ] ] ], [ [ [ 148.741969, -10.208137 ], [ 148.740459, -10.210208 ], [ 148.744072, -10.211912 ], [ 148.741969, -10.208137 ] ] ], [ [ [ 146.942766, -9.128017 ], [ 146.936625, -9.129929 ], [ 146.942993, -9.128594 ], [ 146.942766, -9.128017 ] ] ], [ [ [ 148.122954, -10.22672 ], [ 148.121203, -10.229594 ], [ 148.124454, -10.228799 ], [ 148.122954, -10.22672 ] ] ], [ [ [ 148.646233, -10.199671 ], [ 148.642983, -10.200473 ], [ 148.645069, -10.201974 ], [ 148.646233, -10.199671 ] ] ], [ [ [ 148.291918, -10.197299 ], [ 148.289011, -10.198788 ], [ 148.292261, -10.198222 ], [ 148.291918, -10.197299 ] ] ], [ [ [ 148.574891, -10.211204 ], [ 148.572163, -10.212446 ], [ 148.575269, -10.212297 ], [ 148.574891, -10.211204 ] ] ], [ [ [ 148.305645, -10.186381 ], [ 148.302159, -10.187524 ], [ 148.306452, -10.186959 ], [ 148.305645, -10.186381 ] ] ], [ [ [ 149.370433, -10.353419 ], [ 149.368107, -10.352269 ], [ 149.367531, -10.353134 ], [ 149.370433, -10.353419 ] ] ], [ [ [ 149.392423, -10.305819 ], [ 149.391843, -10.307551 ], [ 149.393586, -10.307836 ], [ 149.392423, -10.305819 ] ] ], [ [ [ 149.579249, -10.405004 ], [ 149.577957, -10.405997 ], [ 149.579597, -10.405657 ], [ 149.579249, -10.405004 ] ] ], [ [ [ 148.407629, -10.242624 ], [ 148.40728, -10.244122 ], [ 148.408666, -10.244126 ], [ 148.407629, -10.242624 ] ] ], [ [ [ 146.981017, -9.069756 ], [ 146.979277, -9.070665 ], [ 146.98136, -9.070104 ], [ 146.981017, -9.069756 ] ] ], [ [ [ 147.276478, -9.538071 ], [ 147.278216, -9.538315 ], [ 147.27822, -9.537739 ], [ 147.276478, -9.538071 ] ] ], [ [ [ 146.974819, -9.048958 ], [ 146.973654, -9.049872 ], [ 146.975162, -9.049306 ], [ 146.974819, -9.048958 ] ] ], [ [ [ 148.279666, -10.140734 ], [ 148.278157, -10.140728 ], [ 148.279081, -10.141657 ], [ 148.279666, -10.140734 ] ] ], [ [ [ 146.966482, -9.08117 ], [ 146.965316, -9.082084 ], [ 146.966236, -9.082667 ], [ 146.966482, -9.08117 ] ] ], [ [ [ 146.950032, -9.011065 ], [ 146.94887, -9.012209 ], [ 146.950259, -9.011646 ], [ 146.950032, -9.011065 ] ] ], [ [ [ 148.223504, -10.103639 ], [ 148.222343, -10.104558 ], [ 148.223504, -10.104558 ], [ 148.223504, -10.103639 ] ] ], [ [ [ 149.362946, -10.395531 ], [ 149.361495, -10.396106 ], [ 149.36289, -10.395946 ], [ 149.362946, -10.395531 ] ] ], [ [ [ 148.283145, -10.141323 ], [ 148.281981, -10.141894 ], [ 148.283721, -10.142246 ], [ 148.283145, -10.141323 ] ] ], [ [ [ 148.265766, -10.133538 ], [ 148.264877, -10.134442 ], [ 148.265739, -10.134482 ], [ 148.265766, -10.133538 ] ] ], [ [ [ 148.275257, -10.140721 ], [ 148.274203, -10.141517 ], [ 148.275019, -10.141641 ], [ 148.275257, -10.140721 ] ] ], [ [ [ 148.27162, -10.140458 ], [ 148.270382, -10.140472 ], [ 148.270892, -10.141131 ], [ 148.27162, -10.140458 ] ] ], [ [ [ 146.994792, -9.279688 ], [ 146.993282, -9.280254 ], [ 146.993625, -9.280602 ], [ 146.994792, -9.279688 ] ] ], [ [ [ 148.277924, -10.141883 ], [ 148.276993, -10.142454 ], [ 148.277919, -10.142803 ], [ 148.277924, -10.141883 ] ] ], [ [ [ 148.258249, -10.124514 ], [ 148.257086, -10.125089 ], [ 148.258569, -10.124808 ], [ 148.258249, -10.124514 ] ] ], [ [ [ 148.281411, -10.13901 ], [ 148.28061, -10.139533 ], [ 148.281409, -10.139586 ], [ 148.281411, -10.13901 ] ] ] ] } },
{ "type": "Feature", "properties": { "FID": 4, "PROVID": "OCNPNG001006", "PROVNAME": "Northern (Oro)" }, "geometry": { "type": "MultiPolygon", "coordinates": [ [ [ [ 148.139472, -8.127878 ], [ 148.133068, -8.08029 ], [ 148.120635, -8.078863 ], [ 148.131622, -8.065887 ], [ 148.123935, -8.057571 ], [ 148.093391, -8.066092 ], [ 148.091692, -8.058253 ], [ 148.055397, -8.063292 ], [ 148.043003, -8.052877 ], [ 148.033171, -8.063778 ], [ 148.011663, -8.057129 ], [ 148.014737, -8.065779 ], [ 148.00015, -8.056733 ], [ 148.008391, -8.069783 ], [ 147.986851, -8.071072 ], [ 147.969907, -8.046241 ], [ 147.956784, -7.998574 ], [ 147.26358, -7.998566 ], [ 147.20108, -8.040231 ], [ 147.176081, -7.998564 ], [ 147.001083, -7.998562 ], [ 147.380249, -8.369113 ], [ 147.463582, -8.340226 ], [ 147.659368, -8.540255 ], [ 147.436637, -8.731878 ], [ 147.475721, -8.739569 ], [ 147.480313, -8.748698 ], [ 147.465212, -8.755978 ], [ 147.456431, -8.786722 ], [ 147.500689, -8.822493 ], [ 147.514349, -8.869946 ], [ 147.532661, -8.894147 ], [ 147.564074, -8.906948 ], [ 147.551663, -8.929711 ], [ 147.55675, -8.951772 ], [ 147.568955, -8.961777 ], [ 147.590723, -8.964539 ], [ 147.598336, -8.958077 ], [ 147.641006, -8.967316 ], [ 147.643151, -8.984206 ], [ 147.670839, -9.009999 ], [ 147.683554, -9.034262 ], [ 147.699214, -9.038444 ], [ 147.699342, -9.060039 ], [ 147.708713, -9.066923 ], [ 147.714645, -9.091295 ], [ 147.736381, -9.106028 ], [ 147.743787, -9.124449 ], [ 147.743822, -9.166605 ], [ 147.777362, -9.171714 ], [ 147.79665, -9.155814 ], [ 147.814756, -9.153228 ], [ 147.814885, -9.161515 ], [ 147.833261, -9.161081 ], [ 147.852376, -9.19537 ], [ 147.850453, -9.222107 ], [ 147.864018, -9.254048 ], [ 147.902005, -9.285761 ], [ 147.902547, -9.295547 ], [ 147.913538, -9.296505 ], [ 147.915761, -9.285669 ], [ 147.950546, -9.285701 ], [ 147.969133, -9.289181 ], [ 147.988805, -9.307074 ], [ 147.987624, -9.351033 ], [ 148.007505, -9.377069 ], [ 148.029305, -9.376203 ], [ 148.042325, -9.384615 ], [ 148.047299, -9.407585 ], [ 148.064222, -9.423487 ], [ 148.065326, -9.462419 ], [ 148.054207, -9.481156 ], [ 148.042709, -9.484366 ], [ 148.049731, -9.498461 ], [ 148.024552, -9.502146 ], [ 148.019981, -9.511023 ], [ 148.036455, -9.52743 ], [ 148.039622, -9.556177 ], [ 148.048273, -9.566044 ], [ 148.056414, -9.559544 ], [ 148.066557, -9.563952 ], [ 148.083892, -9.590543 ], [ 148.103599, -9.593819 ], [ 148.113311, -9.616721 ], [ 148.127957, -9.613804 ], [ 148.153614, -9.627819 ], [ 148.164908, -9.618302 ], [ 148.19157, -9.647849 ], [ 148.218072, -9.659536 ], [ 148.227683, -9.66994 ], [ 148.223224, -9.694619 ], [ 148.26663, -9.75007 ], [ 148.281601, -9.748812 ], [ 148.302714, -9.730902 ], [ 148.325296, -9.741501 ], [ 148.325824, -9.756889 ], [ 148.3486, -9.746113 ], [ 148.360661, -9.76016 ], [ 148.375279, -9.749354 ], [ 148.380801, -9.731874 ], [ 148.393769, -9.726705 ], [ 148.416786, -9.746372 ], [ 148.435788, -9.754433 ], [ 148.446185, -9.750777 ], [ 148.47929, -9.776396 ], [ 148.491369, -9.789151 ], [ 148.48297, -9.814561 ], [ 148.493352, -9.823181 ], [ 148.511294, -9.818123 ], [ 148.532999, -9.82821 ], [ 148.537223, -9.854578 ], [ 148.565295, -9.860515 ], [ 148.568126, -9.873511 ], [ 148.590916, -9.890525 ], [ 148.603648, -9.893877 ], [ 148.631639, -9.884749 ], [ 148.666473, -9.912284 ], [ 148.688321, -9.912539 ], [ 148.711257, -9.941365 ], [ 148.730308, -9.937263 ], [ 148.759865, -9.949299 ], [ 148.779839, -9.932253 ], [ 148.792509, -9.936516 ], [ 148.790635, -9.954856 ], [ 148.801738, -9.974107 ], [ 148.812614, -9.976964 ], [ 148.83363, -9.969125 ], [ 148.843738, -9.947335 ], [ 148.840312, -9.933592 ], [ 148.863124, -9.928995 ], [ 148.875902, -9.938607 ], [ 148.902437, -9.922118 ], [ 148.936232, -9.922423 ], [ 148.94049, -9.929028 ], [ 148.944101, -9.913516 ], [ 148.952214, -9.911489 ], [ 148.979082, -9.920426 ], [ 148.986806, -9.908105 ], [ 148.979559, -9.891023 ], [ 148.988023, -9.868948 ], [ 148.961425, -9.852891 ], [ 148.951793, -9.831551 ], [ 148.949764, -9.789631 ], [ 148.962607, -9.752344 ], [ 148.978371, -9.744834 ], [ 148.976264, -9.713531 ], [ 148.983476, -9.705275 ], [ 149.023422, -9.685805 ], [ 149.043007, -9.720361 ], [ 149.440771, -9.598547 ], [ 149.435752, -9.57279 ], [ 149.412166, -9.574984 ], [ 149.419681, -9.569787 ], [ 149.405465, -9.548477 ], [ 149.380867, -9.549662 ], [ 149.355939, -9.519427 ], [ 149.333702, -9.52692 ], [ 149.295007, -9.506374 ], [ 149.27664, -9.513449 ], [ 149.237273, -9.501377 ], [ 149.201356, -9.455284 ], [ 149.197283, -9.428485 ], [ 149.181785, -9.400104 ], [ 149.179433, -9.343337 ], [ 149.186507, -9.33051 ], [ 149.219895, -9.315216 ], [ 149.222623, -9.29245 ], [ 149.235049, -9.285526 ], [ 149.235852, -9.221561 ], [ 149.254043, -9.196475 ], [ 149.259224, -9.174572 ], [ 149.266742, -9.180326 ], [ 149.262688, -9.169383 ], [ 149.272144, -9.174559 ], [ 149.271931, -9.163322 ], [ 149.277147, -9.179455 ], [ 149.283198, -9.173285 ], [ 149.288997, -9.178004 ], [ 149.292456, -9.169935 ], [ 149.283192, -9.156977 ], [ 149.295779, -9.168346 ], [ 149.303717, -9.160414 ], [ 149.31095, -9.167036 ], [ 149.312964, -9.160407 ], [ 149.296767, -9.150912 ], [ 149.316431, -9.158673 ], [ 149.322482, -9.144549 ], [ 149.297333, -9.137372 ], [ 149.327097, -9.137055 ], [ 149.311772, -9.132457 ], [ 149.329106, -9.126966 ], [ 149.322744, -9.12467 ], [ 149.330253, -9.120627 ], [ 149.326489, -9.114581 ], [ 149.31016, -9.124977 ], [ 149.307999, -9.117481 ], [ 149.30049, -9.120944 ], [ 149.30424, -9.115755 ], [ 149.288356, -9.122394 ], [ 149.295282, -9.112592 ], [ 149.268987, -9.113482 ], [ 149.291806, -9.105971 ], [ 149.315503, -9.109118 ], [ 149.323002, -9.099891 ], [ 149.308846, -9.099327 ], [ 149.32039, -9.088081 ], [ 149.285728, -9.095889 ], [ 149.326736, -9.081447 ], [ 149.318353, -9.075406 ], [ 149.328165, -9.066464 ], [ 149.296694, -9.087814 ], [ 149.289756, -9.083497 ], [ 149.319434, -9.055652 ], [ 149.306693, -9.062151 ], [ 149.312839, -9.055816 ], [ 149.306479, -9.054094 ], [ 149.316588, -9.050342 ], [ 149.303008, -9.049199 ], [ 149.313972, -9.039972 ], [ 149.305308, -9.039405 ], [ 149.30472, -9.031911 ], [ 149.293465, -9.040276 ], [ 149.303267, -9.025431 ], [ 149.292879, -9.029064 ], [ 149.291994, -9.016943 ], [ 149.284205, -9.026459 ], [ 149.2816, -9.019834 ], [ 149.268621, -9.040011 ], [ 149.276685, -9.017532 ], [ 149.270032, -9.00832 ], [ 149.263411, -9.03195 ], [ 149.254747, -9.030801 ], [ 149.257902, -9.012075 ], [ 149.249841, -9.036568 ], [ 149.248102, -9.030807 ], [ 149.237714, -9.042626 ], [ 149.253854, -9.006603 ], [ 149.248936, -8.998252 ], [ 149.236535, -9.016988 ], [ 149.234211, -9.003158 ], [ 149.225558, -9.015842 ], [ 149.202154, -9.006348 ], [ 149.195519, -9.017012 ], [ 149.18367, -9.011544 ], [ 149.18773, -9.02998 ], [ 149.175297, -9.013563 ], [ 149.16635, -9.027974 ], [ 149.169825, -9.036901 ], [ 149.160638, -9.014766 ], [ 149.134002, -9.034117 ], [ 149.140042, -8.991971 ], [ 149.128493, -8.998599 ], [ 149.131098, -9.005801 ], [ 149.117375, -8.999609 ], [ 149.10539, -9.008401 ], [ 149.113194, -9.019632 ], [ 149.100483, -9.016755 ], [ 149.090954, -9.023673 ], [ 149.096451, -9.036923 ], [ 149.080558, -9.025692 ], [ 149.078543, -9.045857 ], [ 149.090104, -9.063719 ], [ 149.061856, -9.043866 ], [ 149.066704, -9.056808 ], [ 149.024812, -9.055941 ], [ 149.014269, -9.066311 ], [ 149.00517, -9.063429 ], [ 149.002567, -9.07409 ], [ 149.001415, -9.065158 ], [ 148.983211, -9.064577 ], [ 148.991299, -9.059395 ], [ 149.003236, -9.063389 ], [ 148.991299, -9.054495 ], [ 148.961399, -9.049591 ], [ 148.942187, -9.05448 ], [ 148.947098, -9.058228 ], [ 148.945942, -9.064566 ], [ 148.943053, -9.057937 ], [ 148.930632, -9.063696 ], [ 148.92659, -9.054474 ], [ 148.940168, -9.055632 ], [ 148.921389, -9.046692 ], [ 148.920124, -9.063871 ], [ 148.917634, -9.047845 ], [ 148.899292, -9.049418 ], [ 148.895533, -9.06267 ], [ 148.904337, -9.07319 ], [ 148.890182, -9.07635 ], [ 148.898847, -9.082984 ], [ 148.89948, -9.088878 ], [ 148.897969, -9.113237 ], [ 148.887277, -9.118127 ], [ 148.897098, -9.12966 ], [ 148.896372, -9.139598 ], [ 148.888758, -9.14499 ], [ 148.895363, -9.131672 ], [ 148.885543, -9.116685 ], [ 148.895946, -9.113233 ], [ 148.895668, -9.091913 ], [ 148.891332, -9.096521 ], [ 148.884396, -9.097668 ], [ 148.897114, -9.084136 ], [ 148.889025, -9.079522 ], [ 148.858005, -9.092298 ], [ 148.859486, -9.118236 ], [ 148.850247, -9.105775 ], [ 148.857417, -9.103826 ], [ 148.855461, -9.090796 ], [ 148.838702, -9.089049 ], [ 148.768394, -9.116626 ], [ 148.749899, -9.1166 ], [ 148.754742, -9.126867 ], [ 148.742156, -9.114859 ], [ 148.760654, -9.112924 ], [ 148.711765, -9.109164 ], [ 148.642792, -9.085874 ], [ 148.658032, -9.095698 ], [ 148.632619, -9.086775 ], [ 148.623129, -9.092751 ], [ 148.610071, -9.090999 ], [ 148.616777, -9.090782 ], [ 148.541771, -9.025728 ], [ 148.540876, -9.011316 ], [ 148.525187, -8.998946 ], [ 148.527695, -8.958607 ], [ 148.504144, -8.950138 ], [ 148.517097, -8.943254 ], [ 148.514346, -8.932761 ], [ 148.523731, -8.918832 ], [ 148.517391, -8.913058 ], [ 148.505244, -8.92075 ], [ 148.506757, -8.915336 ], [ 148.497517, -8.914162 ], [ 148.509678, -8.900589 ], [ 148.485657, -8.898576 ], [ 148.493201, -8.881535 ], [ 148.474616, -8.823861 ], [ 148.474221, -8.741461 ], [ 148.443368, -8.70485 ], [ 148.436841, -8.682594 ], [ 148.39937, -8.66613 ], [ 148.385226, -8.645927 ], [ 148.363667, -8.638605 ], [ 148.344677, -8.620113 ], [ 148.325854, -8.625588 ], [ 148.314684, -8.616336 ], [ 148.301402, -8.620558 ], [ 148.280078, -8.613351 ], [ 148.249791, -8.593319 ], [ 148.223941, -8.55786 ], [ 148.21656, -8.521652 ], [ 148.229633, -8.508907 ], [ 148.218836, -8.491305 ], [ 148.228556, -8.484132 ], [ 148.223405, -8.471674 ], [ 148.23637, -8.455931 ], [ 148.207702, -8.405375 ], [ 148.207414, -8.313561 ], [ 148.199242, -8.274368 ], [ 148.167368, -8.225301 ], [ 148.165563, -8.178072 ], [ 148.14054, -8.151491 ], [ 148.142304, -8.141364 ], [ 148.151876, -8.13771 ], [ 148.139472, -8.127878 ] ] ], [ [ [ 148.227968, -8.487013 ], [ 148.221608, -8.492984 ], [ 148.234237, -8.512035 ], [ 148.234484, -8.505699 ], [ 148.227968, -8.487013 ] ] ], [ [ [ 148.007064, -8.055609 ], [ 148.004982, -8.057331 ], [ 148.009346, -8.060805 ], [ 148.007064, -8.055609 ] ] ], [ [ [ 149.426409, -9.569223 ], [ 149.421414, -9.567481 ], [ 149.42142, -9.568921 ], [ 149.426409, -9.569223 ] ] ], [ [ [ 149.258395, -9.500208 ], [ 149.256952, -9.502512 ], [ 149.261008, -9.506256 ], [ 149.258395, -9.500208 ] ] ], [ [ [ 149.351881, -9.517126 ], [ 149.350152, -9.519721 ], [ 149.352466, -9.518566 ], [ 149.351881, -9.517126 ] ] ], [ [ [ 148.995633, -9.061121 ], [ 148.994766, -9.063139 ], [ 148.997791, -9.063153 ], [ 148.995633, -9.061121 ] ] ], [ [ [ 149.297174, -9.503634 ], [ 149.29544, -9.505079 ], [ 149.298333, -9.50536 ], [ 149.297174, -9.503634 ] ] ], [ [ [ 148.893363, -9.063386 ], [ 148.889897, -9.06598 ], [ 148.890183, -9.066556 ], [ 148.893363, -9.063386 ] ] ], [ [ [ 149.363171, -9.518842 ], [ 149.361437, -9.518557 ], [ 149.361725, -9.519997 ], [ 149.363171, -9.518842 ] ] ], [ [ [ 149.075361, -9.03779 ], [ 149.074899, -9.039086 ], [ 149.07623, -9.039095 ], [ 149.075361, -9.03779 ] ] ], [ [ [ 148.878625, -9.078648 ], [ 148.877465, -9.080376 ], [ 148.878622, -9.080378 ], [ 148.878625, -9.078648 ] ] ], [ [ [ 148.326802, -8.616027 ], [ 148.325992, -8.616768 ], [ 148.327028, -8.617526 ], [ 148.326802, -8.616027 ] ] ], [ [ [ 149.285636, -9.015076 ], [ 149.283613, -9.01551 ], [ 149.283527, -9.015814 ], [ 149.285636, -9.015076 ] ] ], [ [ [ 149.32824, -9.129561 ], [ 149.327087, -9.130716 ], [ 149.328245, -9.130716 ], [ 149.32824, -9.129561 ] ] ], [ [ [ 148.89318, -9.065811 ], [ 148.891628, -9.066268 ], [ 148.892205, -9.066844 ], [ 148.89318, -9.065811 ] ] ], [ [ [ 148.229299, -8.504877 ], [ 148.228504, -8.505806 ], [ 148.229872, -8.506029 ], [ 148.229299, -8.504877 ] ] ], [ [ [ 148.232507, -8.511223 ], [ 148.23126, -8.511667 ], [ 148.232504, -8.511798 ], [ 148.232507, -8.511223 ] ] ], [ [ [ 148.625398, -9.089314 ], [ 148.62429, -9.089068 ], [ 148.624521, -9.089643 ], [ 148.625398, -9.089314 ] ] ], [ [ [ 149.14264, -8.989089 ], [ 149.141487, -8.989663 ], [ 149.142644, -8.990239 ], [ 149.14264, -8.989089 ] ] ], [ [ [ 148.327042, -8.612569 ], [ 148.325656, -8.613719 ], [ 148.326231, -8.614066 ], [ 148.327042, -8.612569 ] ] ], [ [ [ 148.132235, -8.054952 ], [ 148.130856, -8.054946 ], [ 148.13108, -8.055521 ], [ 148.132235, -8.054952 ] ] ], [ [ [ 149.157068, -8.970644 ], [ 149.155916, -8.970643 ], [ 149.156494, -8.971223 ], [ 149.157068, -8.970644 ] ] ], [ [ [ 148.325082, -8.612337 ], [ 148.324156, -8.612907 ], [ 148.325312, -8.612911 ], [ 148.325082, -8.612337 ] ] ] ] } },
{ "type": "Feature", "properties": { "FID": 5, "PROVID": "OCNPNG003012", "PROVNAME": "Morobe" }, "geometry": { "type": "MultiPolygon", "coordinates": [ [ [ [ 146.025626, -6.852719 ], [ 146.005983, -6.87478 ], [ 146.011078, -6.899952 ], [ 145.969629, -6.940422 ], [ 145.965025, -6.953937 ], [ 145.932516, -6.978682 ], [ 145.918387, -7.006073 ], [ 145.926004, -7.022826 ], [ 145.916329, -7.052923 ], [ 145.913246, -7.107562 ], [ 145.902894, -7.112749 ], [ 145.894429, -7.099368 ], [ 145.880526, -7.100994 ], [ 145.870084, -7.088729 ], [ 145.858158, -7.108306 ], [ 145.845059, -7.107989 ], [ 145.819476, -7.079342 ], [ 145.788769, -7.081711 ], [ 145.772536, -7.124075 ], [ 145.760452, -7.124588 ], [ 145.757495, -7.13723 ], [ 145.711462, -7.143985 ], [ 146.07192, -7.382737 ], [ 146.088591, -7.527732 ], [ 146.121921, -7.55273 ], [ 146.409417, -7.6069 ], [ 146.748027, -7.829952 ], [ 146.741918, -7.857238 ], [ 146.720829, -7.870948 ], [ 146.730891, -7.881618 ], [ 146.727915, -7.91098 ], [ 146.741117, -7.953057 ], [ 146.750606, -7.957234 ], [ 146.772142, -7.945413 ], [ 146.7767, -7.930598 ], [ 146.787997, -7.932213 ], [ 146.801131, -7.951587 ], [ 146.807693, -7.983073 ], [ 146.837439, -7.997781 ], [ 146.869423, -7.988691 ], [ 146.8887, -7.963301 ], [ 146.908061, -7.952101 ], [ 146.912654, -7.964422 ], [ 146.928493, -7.973717 ], [ 146.944858, -7.970806 ], [ 146.944141, -7.961061 ], [ 147.001083, -7.998562 ], [ 147.176081, -7.998564 ], [ 147.20108, -8.040231 ], [ 147.26358, -7.998566 ], [ 147.956784, -7.998574 ], [ 147.911944, -7.976035 ], [ 147.864013, -7.939171 ], [ 147.836739, -7.954895 ], [ 147.788065, -7.931514 ], [ 147.775105, -7.933919 ], [ 147.765472, -7.954939 ], [ 147.716309, -7.94159 ], [ 147.691767, -7.906238 ], [ 147.695583, -7.880108 ], [ 147.687339, -7.826253 ], [ 147.668354, -7.832725 ], [ 147.658799, -7.829366 ], [ 147.66093, -7.841678 ], [ 147.658451, -7.848768 ], [ 147.656198, -7.827954 ], [ 147.669197, -7.830426 ], [ 147.67952, -7.822877 ], [ 147.66454, -7.791737 ], [ 147.644332, -7.790478 ], [ 147.630663, -7.777396 ], [ 147.608754, -7.778726 ], [ 147.594157, -7.7582 ], [ 147.589718, -7.779174 ], [ 147.60094, -7.775637 ], [ 147.61197, -7.783865 ], [ 147.624656, -7.783188 ], [ 147.640739, -7.808575 ], [ 147.612624, -7.826597 ], [ 147.608493, -7.816305 ], [ 147.593802, -7.818727 ], [ 147.611003, -7.80567 ], [ 147.614064, -7.793024 ], [ 147.605442, -7.795966 ], [ 147.609673, -7.785315 ], [ 147.600106, -7.779373 ], [ 147.592666, -7.786607 ], [ 147.581349, -7.77867 ], [ 147.579507, -7.765781 ], [ 147.585552, -7.764007 ], [ 147.575147, -7.761796 ], [ 147.572764, -7.752061 ], [ 147.578466, -7.744561 ], [ 147.588592, -7.748487 ], [ 147.588728, -7.730131 ], [ 147.579191, -7.727627 ], [ 147.576746, -7.711297 ], [ 147.568333, -7.705913 ], [ 147.553317, -7.704034 ], [ 147.540982, -7.711884 ], [ 147.540917, -7.703851 ], [ 147.50658, -7.7027 ], [ 147.513743, -7.696904 ], [ 147.506191, -7.690368 ], [ 147.497889, -7.697899 ], [ 147.502687, -7.68552 ], [ 147.487617, -7.677037 ], [ 147.494192, -7.669811 ], [ 147.514959, -7.669353 ], [ 147.507814, -7.643304 ], [ 147.472637, -7.609739 ], [ 147.453308, -7.608463 ], [ 147.461125, -7.612703 ], [ 147.446182, -7.618851 ], [ 147.431363, -7.605777 ], [ 147.434966, -7.588243 ], [ 147.440262, -7.600254 ], [ 147.43453, -7.605464 ], [ 147.447817, -7.60765 ], [ 147.445696, -7.594756 ], [ 147.463302, -7.596907 ], [ 147.464392, -7.589149 ], [ 147.435498, -7.58279 ], [ 147.431636, -7.569049 ], [ 147.415778, -7.569755 ], [ 147.412484, -7.554573 ], [ 147.403279, -7.556945 ], [ 147.397081, -7.575644 ], [ 147.389014, -7.576284 ], [ 147.392646, -7.561335 ], [ 147.381634, -7.5554 ], [ 147.385027, -7.546765 ], [ 147.375045, -7.525322 ], [ 147.357843, -7.537514 ], [ 147.346261, -7.531868 ], [ 147.346747, -7.520964 ], [ 147.36307, -7.506769 ], [ 147.334215, -7.50471 ], [ 147.325931, -7.514818 ], [ 147.323861, -7.508236 ], [ 147.308858, -7.506922 ], [ 147.304302, -7.51413 ], [ 147.299777, -7.489491 ], [ 147.286249, -7.492758 ], [ 147.284316, -7.503679 ], [ 147.266683, -7.498365 ], [ 147.273202, -7.484253 ], [ 147.28849, -7.484703 ], [ 147.292472, -7.47807 ], [ 147.286381, -7.473243 ], [ 147.264515, -7.479732 ], [ 147.264656, -7.46108 ], [ 147.257171, -7.462858 ], [ 147.251276, -7.482416 ], [ 147.22168, -7.495849 ], [ 147.21556, -7.487868 ], [ 147.223437, -7.462838 ], [ 147.179324, -7.463765 ], [ 147.200203, -7.442652 ], [ 147.199222, -7.428025 ], [ 147.193115, -7.420897 ], [ 147.180471, -7.426451 ], [ 147.16853, -7.411619 ], [ 147.175667, -7.402669 ], [ 147.16382, -7.399607 ], [ 147.167736, -7.384364 ], [ 147.159696, -7.388447 ], [ 147.143761, -7.378525 ], [ 147.144427, -7.353264 ], [ 147.156153, -7.341696 ], [ 147.141153, -7.340663 ], [ 147.130624, -7.329924 ], [ 147.15183, -7.304992 ], [ 147.125544, -7.298313 ], [ 147.139546, -7.245969 ], [ 147.134755, -7.223046 ], [ 147.090789, -7.167703 ], [ 147.054303, -7.146171 ], [ 147.064869, -7.133174 ], [ 147.057862, -7.121746 ], [ 147.072784, -7.113592 ], [ 147.070818, -7.083179 ], [ 147.052924, -7.079871 ], [ 147.045013, -7.063282 ], [ 147.071813, -7.026043 ], [ 147.070887, -7.018299 ], [ 147.062511, -7.01607 ], [ 147.061453, -7.027846 ], [ 147.053694, -7.030777 ], [ 147.05668, -7.043958 ], [ 147.04095, -7.059584 ], [ 147.036806, -7.045549 ], [ 147.021488, -7.040211 ], [ 147.016493, -7.027618 ], [ 146.999493, -7.028038 ], [ 146.985868, -7.017811 ], [ 146.974059, -6.98115 ], [ 146.954188, -6.983313 ], [ 146.947487, -6.973603 ], [ 146.947175, -6.819996 ], [ 146.960776, -6.751845 ], [ 146.969371, -6.745745 ], [ 146.933142, -6.713928 ], [ 146.975396, -6.742547 ], [ 147.041011, -6.733424 ], [ 147.081125, -6.705258 ], [ 147.150833, -6.703278 ], [ 147.199799, -6.738215 ], [ 147.259092, -6.731713 ], [ 147.270118, -6.741385 ], [ 147.302366, -6.738827 ], [ 147.342475, -6.747123 ], [ 147.393815, -6.719137 ], [ 147.442618, -6.73252 ], [ 147.45957, -6.727217 ], [ 147.523099, -6.745067 ], [ 147.544954, -6.740006 ], [ 147.574675, -6.745789 ], [ 147.569319, -6.725444 ], [ 147.580126, -6.708406 ], [ 147.628198, -6.703985 ], [ 147.647858, -6.71186 ], [ 147.668466, -6.696464 ], [ 147.693608, -6.705442 ], [ 147.747799, -6.708713 ], [ 147.765231, -6.696471 ], [ 147.809301, -6.691525 ], [ 147.852678, -6.644342 ], [ 147.858469, -6.648022 ], [ 147.864067, -6.629305 ], [ 147.857085, -6.62133 ], [ 147.856274, -6.594341 ], [ 147.817436, -6.590211 ], [ 147.850337, -6.574576 ], [ 147.849823, -6.548731 ], [ 147.844234, -6.568595 ], [ 147.830888, -6.524195 ], [ 147.845862, -6.490751 ], [ 147.839391, -6.475298 ], [ 147.850475, -6.457968 ], [ 147.853424, -6.432953 ], [ 147.831641, -6.378857 ], [ 147.806445, -6.354783 ], [ 147.810158, -6.325903 ], [ 147.786727, -6.313466 ], [ 147.772714, -6.291759 ], [ 147.731186, -6.284361 ], [ 147.710332, -6.27017 ], [ 147.696088, -6.253923 ], [ 147.689798, -6.225251 ], [ 147.673338, -6.216799 ], [ 147.672436, -6.181156 ], [ 147.634986, -6.144992 ], [ 147.621112, -6.104314 ], [ 147.606939, -6.096388 ], [ 147.570021, -6.053315 ], [ 147.572674, -6.061051 ], [ 147.503557, -6.022838 ], [ 147.497047, -6.001347 ], [ 147.44957, -5.968988 ], [ 147.369803, -5.959131 ], [ 147.374614, -5.954083 ], [ 147.340668, -5.920452 ], [ 147.328089, -5.930899 ], [ 147.329437, -5.919685 ], [ 147.314332, -5.937905 ], [ 147.264368, -5.917332 ], [ 147.239559, -5.945688 ], [ 147.208591, -5.96511 ], [ 147.139997, -5.94906 ], [ 147.107278, -5.960813 ], [ 147.077917, -5.958272 ], [ 147.073097, -5.933208 ], [ 147.053077, -5.912388 ], [ 147.036688, -5.914236 ], [ 147.022763, -5.937332 ], [ 146.999949, -5.939204 ], [ 146.965895, -5.915358 ], [ 146.926351, -5.900722 ], [ 146.904447, -5.858358 ], [ 146.865443, -5.838256 ], [ 146.821161, -5.843472 ], [ 146.799687, -5.861525 ], [ 146.770517, -5.836984 ], [ 146.501074, -5.998635 ], [ 145.847743, -5.998523 ], [ 145.885137, -6.021288 ], [ 145.884829, -6.046626 ], [ 145.898029, -6.053086 ], [ 145.903687, -6.06617 ], [ 145.931961, -6.078037 ], [ 145.932625, -6.091248 ], [ 145.956466, -6.082768 ], [ 145.965809, -6.103969 ], [ 145.969526, -6.099632 ], [ 145.971912, -6.107509 ], [ 146.13969, -6.202787 ], [ 146.030527, -6.698594 ], [ 146.016678, -6.719764 ], [ 145.982932, -6.727969 ], [ 146.009191, -6.802251 ], [ 146.000906, -6.803687 ], [ 146.003451, -6.81662 ], [ 146.025626, -6.852719 ] ] ], [ [ [ 147.749506, -5.523817 ], [ 147.761372, -5.61034 ], [ 147.794212, -5.648565 ], [ 147.801024, -5.670631 ], [ 147.814835, -5.670801 ], [ 147.859097, -5.698574 ], [ 147.867864, -5.714016 ], [ 147.855372, -5.733381 ], [ 147.862365, -5.743091 ], [ 147.891229, -5.752894 ], [ 147.90492, -5.772027 ], [ 147.938298, -5.772018 ], [ 147.965813, -5.791601 ], [ 147.97686, -5.79109 ], [ 148.000712, -5.833245 ], [ 148.021116, -5.829902 ], [ 148.017987, -5.812149 ], [ 148.035134, -5.820867 ], [ 148.035229, -5.798743 ], [ 148.059393, -5.766056 ], [ 148.089412, -5.648253 ], [ 148.049717, -5.585675 ], [ 147.971298, -5.534071 ], [ 147.893535, -5.524124 ], [ 147.843257, -5.465651 ], [ 147.77389, -5.460508 ], [ 147.752901, -5.495176 ], [ 147.749506, -5.523817 ] ] ], [ [ [ 148.04954, -5.403144 ], [ 148.052326, -5.427304 ], [ 148.084447, -5.448285 ], [ 148.113609, -5.428473 ], [ 148.109538, -5.391728 ], [ 148.088419, -5.375621 ], [ 148.068907, -5.371237 ], [ 148.04954, -5.403144 ] ] ], [ [ [ 147.558967, -5.295796 ], [ 147.555329, -5.32958 ], [ 147.582502, -5.345737 ], [ 147.600906, -5.345584 ], [ 147.627981, -5.316324 ], [ 147.613051, -5.285122 ], [ 147.585986, -5.281617 ], [ 147.558967, -5.295796 ] ] ], [ [ [ 147.23283, -7.411401 ], [ 147.238121, -7.42427 ], [ 147.255207, -7.433605 ], [ 147.259436, -7.42123 ], [ 147.268063, -7.418295 ], [ 147.272724, -7.424859 ], [ 147.279006, -7.416771 ], [ 147.269409, -7.406513 ], [ 147.274257, -7.399594 ], [ 147.248077, -7.407264 ], [ 147.25317, -7.394882 ], [ 147.23283, -7.411401 ] ] ], [ [ [ 148.023146, -5.960328 ], [ 148.028358, -5.964308 ], [ 148.039462, -5.95013 ], [ 148.030822, -5.949921 ], [ 148.023146, -5.960328 ] ] ], [ [ [ 147.626991, -7.718333 ], [ 147.636212, -7.71711 ], [ 147.6399, -7.709619 ], [ 147.629257, -7.713151 ], [ 147.626991, -7.718333 ] ] ], [ [ [ 147.341133, -7.433773 ], [ 147.350995, -7.440296 ], [ 147.349188, -7.431129 ], [ 147.341133, -7.433773 ] ] ], [ [ [ 147.934533, -5.899627 ], [ 147.946926, -5.901533 ], [ 147.947148, -5.893775 ], [ 147.943971, -5.89294 ], [ 147.934533, -5.899627 ] ] ], [ [ [ 147.985575, -5.813549 ], [ 147.984808, -5.824763 ], [ 147.989737, -5.829033 ], [ 147.985575, -5.813549 ] ] ], [ [ [ 147.223969, -7.348622 ], [ 147.217034, -7.346959 ], [ 147.211593, -7.351591 ], [ 147.218222, -7.351822 ], [ 147.223969, -7.348622 ] ] ], [ [ [ 147.524701, -7.696523 ], [ 147.531939, -7.699909 ], [ 147.539416, -7.697264 ], [ 147.532178, -7.693883 ], [ 147.524701, -7.696523 ] ] ], [ [ [ 148.108469, -5.528537 ], [ 148.115069, -5.526749 ], [ 148.11642, -5.517258 ], [ 148.113844, -5.518716 ], [ 148.108469, -5.528537 ] ] ], [ [ [ 147.606349, -7.732851 ], [ 147.610148, -7.738842 ], [ 147.612443, -7.737677 ], [ 147.606349, -7.732851 ] ] ], [ [ [ 147.36476, -7.466872 ], [ 147.366543, -7.473172 ], [ 147.369416, -7.471999 ], [ 147.36476, -7.466872 ] ] ], [ [ [ 147.862724, -6.640229 ], [ 147.867871, -6.636168 ], [ 147.867817, -6.630136 ], [ 147.866382, -6.630147 ], [ 147.862724, -6.640229 ] ] ], [ [ [ 147.530277, -7.638817 ], [ 147.535241, -7.646236 ], [ 147.536098, -7.645365 ], [ 147.530277, -7.638817 ] ] ], [ [ [ 147.895744, -6.759406 ], [ 147.904402, -6.761051 ], [ 147.905542, -6.759603 ], [ 147.903211, -6.756465 ], [ 147.895744, -6.759406 ] ] ], [ [ [ 147.248767, -7.385448 ], [ 147.24794, -7.390617 ], [ 147.255976, -7.385677 ], [ 147.248767, -7.385448 ] ] ], [ [ [ 147.327511, -7.496157 ], [ 147.324954, -7.500479 ], [ 147.32785, -7.502465 ], [ 147.327511, -7.496157 ] ] ], [ [ [ 147.207445, -7.338136 ], [ 147.209217, -7.342998 ], [ 147.211211, -7.340114 ], [ 147.207445, -7.338136 ] ] ], [ [ [ 147.61664, -7.722151 ], [ 147.619551, -7.725282 ], [ 147.623553, -7.721231 ], [ 147.61664, -7.722151 ] ] ], [ [ [ 147.709432, -7.880274 ], [ 147.712647, -7.88455 ], [ 147.712022, -7.879105 ], [ 147.709432, -7.880274 ] ] ], [ [ [ 147.155942, -7.241247 ], [ 147.154249, -7.246142 ], [ 147.159998, -7.244086 ], [ 147.155942, -7.241247 ] ] ], [ [ [ 147.269286, -7.427182 ], [ 147.271062, -7.432904 ], [ 147.271306, -7.42745 ], [ 147.269286, -7.427182 ] ] ], [ [ [ 147.324752, -7.440219 ], [ 147.324212, -7.444817 ], [ 147.326223, -7.443938 ], [ 147.324752, -7.440219 ] ] ], [ [ [ 147.222121, -7.370736 ], [ 147.22217, -7.376761 ], [ 147.22504, -7.375306 ], [ 147.222121, -7.370736 ] ] ], [ [ [ 147.972506, -5.800448 ], [ 147.974278, -5.805321 ], [ 147.975997, -5.804153 ], [ 147.972506, -5.800448 ] ] ], [ [ [ 148.036208, -5.908783 ], [ 148.033351, -5.91082 ], [ 148.03767, -5.911069 ], [ 148.036208, -5.908783 ] ] ], [ [ [ 148.019995, -5.833073 ], [ 148.020308, -5.836517 ], [ 148.022592, -5.833914 ], [ 148.019995, -5.833073 ] ] ], [ [ [ 148.016025, -5.90408 ], [ 148.015758, -5.906381 ], [ 148.022352, -5.904023 ], [ 148.016025, -5.90408 ] ] ], [ [ [ 147.424196, -7.505699 ], [ 147.423932, -7.509148 ], [ 147.425653, -7.507696 ], [ 147.424196, -7.505699 ] ] ], [ [ [ 147.910734, -6.760423 ], [ 147.910483, -6.764442 ], [ 147.912203, -6.763566 ], [ 147.910734, -6.760423 ] ] ], [ [ [ 147.860819, -6.653456 ], [ 147.862577, -6.656316 ], [ 147.864005, -6.655155 ], [ 147.860819, -6.653456 ] ] ], [ [ [ 147.333132, -5.913908 ], [ 147.33459, -5.916481 ], [ 147.335133, -5.912741 ], [ 147.333132, -5.913908 ] ] ], [ [ [ 147.60939, -7.717625 ], [ 147.608844, -7.720784 ], [ 147.611142, -7.719904 ], [ 147.60939, -7.717625 ] ] ], [ [ [ 147.990399, -5.838511 ], [ 147.992724, -5.840782 ], [ 147.993861, -5.839053 ], [ 147.990399, -5.838511 ] ] ], [ [ [ 147.945074, -5.789483 ], [ 147.947673, -5.790617 ], [ 147.947366, -5.788029 ], [ 147.945074, -5.789483 ] ] ], [ [ [ 147.593318, -7.726933 ], [ 147.595066, -7.729216 ], [ 147.596213, -7.728347 ], [ 147.593318, -7.726933 ] ] ], [ [ [ 147.620151, -7.727856 ], [ 147.622501, -7.733003 ], [ 147.623364, -7.732706 ], [ 147.620151, -7.727856 ] ] ], [ [ [ 147.542398, -5.296636 ], [ 147.542426, -5.299516 ], [ 147.545005, -5.298343 ], [ 147.542398, -5.296636 ] ] ], [ [ [ 147.300747, -7.431232 ], [ 147.301922, -7.434379 ], [ 147.303057, -7.431501 ], [ 147.300747, -7.431232 ] ] ], [ [ [ 147.968156, -5.796757 ], [ 147.969906, -5.799323 ], [ 147.970756, -5.797592 ], [ 147.968156, -5.796757 ] ] ], [ [ [ 147.234963, -7.462175 ], [ 147.23585, -7.465036 ], [ 147.237273, -7.462445 ], [ 147.234963, -7.462175 ] ] ], [ [ [ 147.397119, -7.509362 ], [ 147.398003, -7.511654 ], [ 147.398848, -7.509352 ], [ 147.397119, -7.509362 ] ] ], [ [ [ 147.406092, -7.548314 ], [ 147.406112, -7.551183 ], [ 147.407539, -7.549164 ], [ 147.406092, -7.548314 ] ] ], [ [ [ 147.075742, -7.12333 ], [ 147.075761, -7.125912 ], [ 147.076896, -7.123605 ], [ 147.075742, -7.12333 ] ] ], [ [ [ 147.795806, -6.696813 ], [ 147.793806, -6.698553 ], [ 147.796385, -6.697381 ], [ 147.795806, -6.696813 ] ] ], [ [ [ 147.597594, -6.080377 ], [ 147.5947, -6.078679 ], [ 147.597026, -6.081244 ], [ 147.597594, -6.080377 ] ] ], [ [ [ 148.005907, -5.834637 ], [ 148.007645, -5.836344 ], [ 148.008212, -5.835189 ], [ 148.005907, -5.834637 ] ] ], [ [ [ 147.916755, -6.756924 ], [ 147.918218, -6.759494 ], [ 147.918774, -6.75748 ], [ 147.916755, -6.756924 ] ] ], [ [ [ 147.862768, -6.645689 ], [ 147.864228, -6.647974 ], [ 147.864205, -6.645389 ], [ 147.862768, -6.645689 ] ] ], [ [ [ 147.980026, -5.804406 ], [ 147.980043, -5.806703 ], [ 147.981483, -5.806696 ], [ 147.980026, -5.804406 ] ] ], [ [ [ 147.722481, -7.921465 ], [ 147.723942, -7.923457 ], [ 147.724511, -7.922308 ], [ 147.722481, -7.921465 ] ] ], [ [ [ 147.775392, -6.701297 ], [ 147.773959, -6.702453 ], [ 147.774827, -6.703022 ], [ 147.775392, -6.701297 ] ] ], [ [ [ 147.433014, -7.561579 ], [ 147.433901, -7.563576 ], [ 147.434746, -7.561278 ], [ 147.433014, -7.561579 ] ] ], [ [ [ 147.932564, -5.839881 ], [ 147.934586, -5.84044 ], [ 147.933426, -5.839299 ], [ 147.932564, -5.839881 ] ] ], [ [ [ 147.746897, -5.421546 ], [ 147.745098, -5.42042 ], [ 147.74485, -5.421582 ], [ 147.746897, -5.421546 ] ] ], [ [ [ 147.426712, -7.56622 ], [ 147.426443, -7.568522 ], [ 147.428157, -7.566781 ], [ 147.426712, -7.56622 ] ] ], [ [ [ 147.991212, -5.833041 ], [ 147.991517, -5.835047 ], [ 147.992364, -5.833032 ], [ 147.991212, -5.833041 ] ] ], [ [ [ 147.402464, -7.493252 ], [ 147.402769, -7.49497 ], [ 147.403336, -7.494102 ], [ 147.402464, -7.493252 ] ] ], [ [ [ 147.431898, -7.56532 ], [ 147.43335, -7.566744 ], [ 147.433914, -7.565587 ], [ 147.431898, -7.56532 ] ] ], [ [ [ 148.033225, -5.832379 ], [ 148.034956, -5.832652 ], [ 148.034375, -5.831797 ], [ 148.033225, -5.832379 ] ] ], [ [ [ 147.306275, -7.437499 ], [ 147.305133, -7.438946 ], [ 147.306572, -7.438359 ], [ 147.306275, -7.437499 ] ] ], [ [ [ 148.035841, -5.834944 ], [ 148.035858, -5.837242 ], [ 148.036707, -5.835511 ], [ 148.035841, -5.834944 ] ] ], [ [ [ 147.861975, -6.620426 ], [ 147.863427, -6.621561 ], [ 147.862834, -6.620128 ], [ 147.861975, -6.620426 ] ] ], [ [ [ 147.928593, -5.845948 ], [ 147.929184, -5.847672 ], [ 147.929753, -5.847089 ], [ 147.928593, -5.845948 ] ] ], [ [ [ 147.863168, -6.625295 ], [ 147.864045, -6.626725 ], [ 147.864609, -6.625857 ], [ 147.863168, -6.625295 ] ] ], [ [ [ 147.626261, -7.734404 ], [ 147.626567, -7.736123 ], [ 147.627132, -7.73497 ], [ 147.626261, -7.734404 ] ] ], [ [ [ 147.934575, -5.871468 ], [ 147.934589, -5.873198 ], [ 147.935441, -5.87204 ], [ 147.934575, -5.871468 ] ] ], [ [ [ 147.621507, -7.718092 ], [ 147.622959, -7.719226 ], [ 147.623244, -7.718654 ], [ 147.621507, -7.718092 ] ] ], [ [ [ 148.090928, -5.912316 ], [ 148.091798, -5.913172 ], [ 148.092069, -5.911731 ], [ 148.090928, -5.912316 ] ] ], [ [ [ 147.626462, -7.724077 ], [ 147.625021, -7.724091 ], [ 147.625317, -7.724662 ], [ 147.626462, -7.724077 ] ] ], [ [ [ 147.778834, -6.699831 ], [ 147.779422, -6.70126 ], [ 147.779701, -6.699822 ], [ 147.778834, -6.699831 ] ] ], [ [ [ 147.343721, -7.503196 ], [ 147.343729, -7.504632 ], [ 147.344301, -7.503769 ], [ 147.343721, -7.503196 ] ] ], [ [ [ 147.414992, -7.508644 ], [ 147.415005, -7.510076 ], [ 147.415572, -7.509213 ], [ 147.414992, -7.508644 ] ] ], [ [ [ 148.051931, -5.896865 ], [ 148.051944, -5.898014 ], [ 148.052513, -5.89743 ], [ 148.051931, -5.896865 ] ] ], [ [ [ 147.304517, -7.433499 ], [ 147.304525, -7.434931 ], [ 147.30509, -7.433783 ], [ 147.304517, -7.433499 ] ] ], [ [ [ 148.053366, -5.799731 ], [ 148.05193, -5.800031 ], [ 148.052792, -5.80031 ], [ 148.053366, -5.799731 ] ] ] ] } },
{ "type": "Feature", "properties": { "FID": 6, "PROVID": "OCNPNG003013", "PROVNAME": "Madang" }, "geometry": { "type": "MultiPolygon", "coordinates": [ [ [ [ 144.575516, -4.589538 ], [ 144.044412, -4.987558 ], [ 143.972536, -5.007907 ], [ 143.99472, -5.027284 ], [ 144.000371, -5.043052 ], [ 144.029579, -5.064361 ], [ 144.101569, -5.076433 ], [ 144.100613, -5.087994 ], [ 144.122242, -5.099981 ], [ 144.116959, -5.124657 ], [ 144.129934, -5.131484 ], [ 144.133178, -5.152493 ], [ 144.160306, -5.185151 ], [ 144.172064, -5.18588 ], [ 144.189953, -5.204406 ], [ 144.208039, -5.200012 ], [ 144.222048, -5.205737 ], [ 144.23865, -5.198475 ], [ 144.249347, -5.219144 ], [ 144.279573, -5.231594 ], [ 144.326078, -5.231986 ], [ 144.508577, -5.294483 ], [ 144.513721, -5.306921 ], [ 144.526459, -5.31247 ], [ 144.547234, -5.31316 ], [ 144.554713, -5.340356 ], [ 144.570343, -5.354228 ], [ 144.573462, -5.376558 ], [ 144.589452, -5.376672 ], [ 144.60053, -5.387754 ], [ 144.6294, -5.387172 ], [ 144.724493, -5.475731 ], [ 144.741948, -5.477979 ], [ 144.749861, -5.491222 ], [ 144.759419, -5.491926 ], [ 144.772872, -5.505627 ], [ 144.760154, -5.521624 ], [ 144.76907, -5.538707 ], [ 144.814909, -5.547537 ], [ 144.846588, -5.589613 ], [ 144.882439, -5.599936 ], [ 144.894176, -5.619177 ], [ 144.908141, -5.623453 ], [ 144.908898, -5.648839 ], [ 144.934098, -5.657689 ], [ 144.946636, -5.650464 ], [ 144.992533, -5.656275 ], [ 144.990855, -5.714657 ], [ 145.005046, -5.728918 ], [ 145.006082, -5.753377 ], [ 145.031021, -5.78076 ], [ 145.087626, -5.784878 ], [ 145.09448, -5.79585 ], [ 145.110096, -5.800431 ], [ 145.139666, -5.828604 ], [ 145.139649, -5.839391 ], [ 145.163568, -5.86655 ], [ 145.177842, -5.871291 ], [ 145.197981, -5.854925 ], [ 145.214444, -5.849755 ], [ 145.221348, -5.855046 ], [ 145.228249, -5.847257 ], [ 145.246945, -5.849993 ], [ 145.249195, -5.861613 ], [ 145.257801, -5.849317 ], [ 145.26758, -5.848796 ], [ 145.280066, -5.863467 ], [ 145.288304, -5.897236 ], [ 145.379412, -5.848631 ], [ 145.387643, -5.883951 ], [ 145.446916, -5.967232 ], [ 145.468248, -5.958491 ], [ 145.481638, -5.975843 ], [ 145.534414, -5.975847 ], [ 145.571913, -5.906961 ], [ 145.659411, -5.91946 ], [ 145.667748, -5.975847 ], [ 145.830266, -5.975848 ], [ 145.847743, -5.998523 ], [ 146.501074, -5.998635 ], [ 146.770517, -5.836984 ], [ 146.754992, -5.807184 ], [ 146.727037, -5.801924 ], [ 146.70094, -5.774531 ], [ 146.63065, -5.764127 ], [ 146.619009, -5.746106 ], [ 146.581137, -5.721669 ], [ 146.572638, -5.699602 ], [ 146.539319, -5.667659 ], [ 146.480194, -5.647386 ], [ 146.474798, -5.616386 ], [ 146.463687, -5.60816 ], [ 146.379279, -5.617053 ], [ 146.369136, -5.606205 ], [ 146.369896, -5.591545 ], [ 146.352624, -5.589938 ], [ 146.342161, -5.573919 ], [ 146.287077, -5.597281 ], [ 146.268224, -5.574421 ], [ 146.225923, -5.572983 ], [ 146.182389, -5.559195 ], [ 146.16064, -5.533191 ], [ 146.145755, -5.544784 ], [ 146.131613, -5.537406 ], [ 146.118987, -5.541797 ], [ 146.080041, -5.508313 ], [ 146.048289, -5.509217 ], [ 146.034402, -5.496949 ], [ 146.000166, -5.496885 ], [ 145.98504, -5.471119 ], [ 145.958917, -5.478468 ], [ 145.933577, -5.475183 ], [ 145.914473, -5.497513 ], [ 145.895689, -5.488359 ], [ 145.869546, -5.493404 ], [ 145.852161, -5.473685 ], [ 145.827439, -5.476141 ], [ 145.819463, -5.488259 ], [ 145.79535, -5.496171 ], [ 145.762951, -5.479572 ], [ 145.733364, -5.427297 ], [ 145.733847, -5.412636 ], [ 145.743831, -5.399063 ], [ 145.741686, -5.378097 ], [ 145.759428, -5.362758 ], [ 145.754521, -5.313641 ], [ 145.77157, -5.280194 ], [ 145.77288, -5.259204 ], [ 145.816332, -5.217547 ], [ 145.807356, -5.207832 ], [ 145.795978, -5.221972 ], [ 145.799944, -5.171375 ], [ 145.807661, -5.164138 ], [ 145.788921, -5.156499 ], [ 145.790603, -5.149012 ], [ 145.803876, -5.156404 ], [ 145.799432, -5.136023 ], [ 145.805998, -5.127936 ], [ 145.791669, -5.135783 ], [ 145.78787, -5.126034 ], [ 145.799356, -5.123374 ], [ 145.796982, -5.111606 ], [ 145.805557, -5.103508 ], [ 145.800919, -5.096924 ], [ 145.807227, -5.094295 ], [ 145.775202, -5.077254 ], [ 145.806554, -5.078779 ], [ 145.81541, -5.069237 ], [ 145.778995, -4.946441 ], [ 145.786456, -4.898104 ], [ 145.807253, -4.867507 ], [ 145.805697, -4.84912 ], [ 145.775404, -4.83091 ], [ 145.769831, -4.812834 ], [ 145.754874, -4.810913 ], [ 145.718828, -4.791875 ], [ 145.70436, -4.775292 ], [ 145.690189, -4.774057 ], [ 145.684125, -4.756155 ], [ 145.669936, -4.756156 ], [ 145.652564, -4.722434 ], [ 145.623844, -4.70601 ], [ 145.582656, -4.657305 ], [ 145.546311, -4.585656 ], [ 145.526023, -4.588441 ], [ 145.503568, -4.548827 ], [ 145.474136, -4.527432 ], [ 145.449798, -4.492221 ], [ 145.428252, -4.493209 ], [ 145.419865, -4.502417 ], [ 145.424188, -4.486331 ], [ 145.415744, -4.465969 ], [ 145.376843, -4.446069 ], [ 145.357813, -4.446911 ], [ 145.365, -4.434921 ], [ 145.320769, -4.386013 ], [ 145.276212, -4.381094 ], [ 145.228301, -4.392284 ], [ 145.221933, -4.384272 ], [ 145.219122, -4.394923 ], [ 145.199917, -4.4025 ], [ 145.192405, -4.395068 ], [ 145.181834, -4.405764 ], [ 145.165634, -4.384868 ], [ 145.148431, -4.391285 ], [ 145.123343, -4.374169 ], [ 145.103002, -4.384057 ], [ 145.088839, -4.367746 ], [ 145.022897, -4.344631 ], [ 144.986376, -4.294967 ], [ 144.969256, -4.297761 ], [ 144.974122, -4.258284 ], [ 144.952332, -4.235758 ], [ 144.932621, -4.230406 ], [ 144.933152, -4.221114 ], [ 144.909479, -4.193175 ], [ 144.873278, -4.200767 ], [ 144.849873, -4.185064 ], [ 144.842517, -4.148709 ], [ 144.850622, -4.137618 ], [ 144.867448, -4.137238 ], [ 144.856338, -4.115534 ], [ 144.784122, -4.073818 ], [ 144.780299, -4.081231 ], [ 144.787206, -4.080272 ], [ 144.77886, -4.089844 ], [ 144.774745, -4.089511 ], [ 144.773022, -4.083662 ], [ 144.78045, -4.072804 ], [ 144.730118, -4.046143 ], [ 144.67157, -4.022439 ], [ 144.660665, -4.029064 ], [ 144.661924, -4.007376 ], [ 144.603319, -4.013759 ], [ 144.574684, -3.999317 ], [ 144.575516, -4.589538 ] ] ], [ [ [ 147.009083, -5.244582 ], [ 146.989531, -5.282384 ], [ 146.999639, -5.296041 ], [ 146.993514, -5.314258 ], [ 147.005314, -5.320196 ], [ 146.997903, -5.361358 ], [ 147.032956, -5.364652 ], [ 147.030223, -5.375766 ], [ 147.064853, -5.389868 ], [ 147.116437, -5.439475 ], [ 147.135727, -5.44162 ], [ 147.163869, -5.415776 ], [ 147.218612, -5.404049 ], [ 147.205497, -5.389338 ], [ 147.20168, -5.359942 ], [ 147.219001, -5.35158 ], [ 147.205125, -5.342492 ], [ 147.207909, -5.330973 ], [ 147.185217, -5.308928 ], [ 147.175968, -5.286725 ], [ 147.189854, -5.266454 ], [ 147.137059, -5.245027 ], [ 147.106012, -5.209341 ], [ 147.087019, -5.208049 ], [ 147.033968, -5.247065 ], [ 147.009083, -5.244582 ] ] ], [ [ [ 145.880667, -4.659359 ], [ 145.888307, -4.730456 ], [ 145.903849, -4.734381 ], [ 145.928419, -4.75607 ], [ 145.964039, -4.753257 ], [ 145.979764, -4.741077 ], [ 145.993866, -4.743861 ], [ 146.052568, -4.710712 ], [ 146.052949, -4.68139 ], [ 146.060687, -4.677604 ], [ 146.057162, -4.665836 ], [ 146.068274, -4.651681 ], [ 146.061226, -4.640238 ], [ 146.06743, -4.610577 ], [ 146.062381, -4.585311 ], [ 146.042044, -4.550945 ], [ 145.999629, -4.523627 ], [ 145.968061, -4.529293 ], [ 145.917465, -4.570725 ], [ 145.905344, -4.592067 ], [ 145.89806, -4.591259 ], [ 145.880667, -4.659359 ] ] ], [ [ [ 144.996932, -4.045612 ], [ 144.988016, -4.066478 ], [ 144.997079, -4.11185 ], [ 145.034119, -4.124542 ], [ 145.071653, -4.107956 ], [ 145.081495, -4.068804 ], [ 145.069306, -4.044722 ], [ 145.034778, -4.03168 ], [ 144.996932, -4.045612 ] ] ], [ [ [ 146.202409, -4.812631 ], [ 146.208721, -4.811148 ], [ 146.214584, -4.828356 ], [ 146.231839, -4.829104 ], [ 146.232275, -4.808692 ], [ 146.240986, -4.822432 ], [ 146.249024, -4.820936 ], [ 146.258659, -4.800465 ], [ 146.250398, -4.768612 ], [ 146.235132, -4.763253 ], [ 146.201611, -4.779864 ], [ 146.202409, -4.812631 ] ] ], [ [ [ 146.948191, -5.104865 ], [ 146.94142, -5.120071 ], [ 146.946411, -5.133828 ], [ 146.959399, -5.140052 ], [ 146.971149, -5.134794 ], [ 146.97523, -5.104863 ], [ 146.961095, -5.098654 ], [ 146.948191, -5.104865 ] ] ], [ [ [ 144.957755, -3.993966 ], [ 144.969538, -4.003542 ], [ 144.970084, -3.99232 ], [ 144.957755, -3.993966 ] ] ], [ [ [ 145.813962, -5.206352 ], [ 145.827723, -5.199652 ], [ 145.826507, -5.188742 ], [ 145.813962, -5.206352 ] ] ], [ [ [ 145.821675, -5.105991 ], [ 145.822673, -5.081842 ], [ 145.816891, -5.076419 ], [ 145.814323, -5.079883 ], [ 145.821675, -5.105991 ] ] ], [ [ [ 145.801682, -5.0814 ], [ 145.797688, -5.086595 ], [ 145.800282, -5.087152 ], [ 145.801682, -5.0814 ] ] ], [ [ [ 144.774949, -4.084645 ], [ 144.78008, -4.085191 ], [ 144.777937, -4.081207 ], [ 144.774949, -4.084645 ] ] ], [ [ [ 145.829301, -5.175789 ], [ 145.83304, -5.176051 ], [ 145.831875, -5.173761 ], [ 145.829301, -5.175789 ] ] ], [ [ [ 144.870773, -4.170234 ], [ 144.872874, -4.174733 ], [ 144.871882, -4.169087 ], [ 144.870773, -4.170234 ] ] ], [ [ [ 145.803859, -5.200375 ], [ 145.806761, -5.2041 ], [ 145.805866, -5.199217 ], [ 145.803859, -5.200375 ] ] ], [ [ [ 145.842192, -5.16852 ], [ 145.839351, -5.174001 ], [ 145.843652, -5.171673 ], [ 145.842192, -5.16852 ] ] ], [ [ [ 145.807974, -5.1216 ], [ 145.808577, -5.126483 ], [ 145.809717, -5.12504 ], [ 145.807974, -5.1216 ] ] ], [ [ [ 145.781167, -5.297663 ], [ 145.781194, -5.30169 ], [ 145.78319, -5.298228 ], [ 145.781167, -5.297663 ] ] ], [ [ [ 145.814359, -5.131619 ], [ 145.812938, -5.134503 ], [ 145.815524, -5.133626 ], [ 145.814359, -5.131619 ] ] ], [ [ [ 145.809834, -5.143433 ], [ 145.809856, -5.147455 ], [ 145.810984, -5.143997 ], [ 145.809834, -5.143433 ] ] ], [ [ [ 145.786375, -5.255669 ], [ 145.787831, -5.258823 ], [ 145.789257, -5.257095 ], [ 145.786375, -5.255669 ] ] ], [ [ [ 144.666752, -4.008575 ], [ 144.66833, -4.005859 ], [ 144.665926, -4.006558 ], [ 144.666752, -4.008575 ] ] ], [ [ [ 145.756, -4.806598 ], [ 145.75831, -4.808883 ], [ 145.759168, -4.808013 ], [ 145.756, -4.806598 ] ] ], [ [ [ 144.941169, -4.228912 ], [ 144.940315, -4.231866 ], [ 144.942311, -4.229801 ], [ 144.941169, -4.228912 ] ] ], [ [ [ 145.805212, -5.186865 ], [ 145.807524, -5.188572 ], [ 145.80607, -5.185711 ], [ 145.805212, -5.186865 ] ] ], [ [ [ 145.792058, -5.244141 ], [ 145.79208, -5.248164 ], [ 145.792654, -5.248162 ], [ 145.792058, -5.244141 ] ] ], [ [ [ 145.804602, -5.134841 ], [ 145.806059, -5.137418 ], [ 145.807201, -5.136551 ], [ 145.804602, -5.134841 ] ] ], [ [ [ 145.012322, -4.293984 ], [ 145.011764, -4.296858 ], [ 145.013191, -4.294554 ], [ 145.012322, -4.293984 ] ] ], [ [ [ 145.806883, -5.131091 ], [ 145.806029, -5.13368 ], [ 145.807747, -5.131947 ], [ 145.806883, -5.131091 ] ] ], [ [ [ 145.200731, -4.393585 ], [ 145.201887, -4.395591 ], [ 145.201303, -4.393005 ], [ 145.200731, -4.393585 ] ] ], [ [ [ 145.692757, -4.758404 ], [ 145.693346, -4.760699 ], [ 145.694496, -4.76012 ], [ 145.692757, -4.758404 ] ] ], [ [ [ 145.702597, -4.769841 ], [ 145.702609, -4.770991 ], [ 145.703177, -4.770414 ], [ 145.702597, -4.769841 ] ] ], [ [ [ 145.803711, -5.176523 ], [ 145.804011, -5.178826 ], [ 145.80458, -5.177379 ], [ 145.803711, -5.176523 ] ] ], [ [ [ 145.79482, -4.995211 ], [ 145.795977, -4.996642 ], [ 145.795393, -4.994921 ], [ 145.79482, -4.995211 ] ] ], [ [ [ 145.823016, -5.136165 ], [ 145.823026, -5.137887 ], [ 145.823593, -5.137022 ], [ 145.823016, -5.136165 ] ] ], [ [ [ 145.708073, -4.771532 ], [ 145.708942, -4.772968 ], [ 145.709514, -4.772386 ], [ 145.708073, -4.771532 ] ] ], [ [ [ 145.808339, -5.088255 ], [ 145.808922, -5.089688 ], [ 145.8092, -5.088247 ], [ 145.808339, -5.088255 ] ] ], [ [ [ 145.016693, -4.305749 ], [ 145.016702, -4.307182 ], [ 145.017847, -4.306602 ], [ 145.016693, -4.305749 ] ] ], [ [ [ 145.806722, -5.106086 ], [ 145.807881, -5.106653 ], [ 145.807587, -5.105795 ], [ 145.806722, -5.106086 ] ] ], [ [ [ 145.813531, -5.137659 ], [ 145.813544, -5.139098 ], [ 145.814109, -5.137657 ], [ 145.813531, -5.137659 ] ] ], [ [ [ 145.795356, -4.988882 ], [ 145.794211, -4.989754 ], [ 145.79479, -4.990035 ], [ 145.795356, -4.988882 ] ] ], [ [ [ 146.019459, -4.524075 ], [ 146.018591, -4.523216 ], [ 146.018595, -4.524083 ], [ 146.019459, -4.524075 ] ] ], [ [ [ 145.806193, -5.113276 ], [ 145.807062, -5.114132 ], [ 145.807341, -5.112979 ], [ 145.806193, -5.113276 ] ] ], [ [ [ 145.809516, -5.093136 ], [ 145.810099, -5.094281 ], [ 145.810381, -5.092841 ], [ 145.809516, -5.093136 ] ] ], [ [ [ 145.806389, -5.191455 ], [ 145.807262, -5.192311 ], [ 145.807254, -5.191159 ], [ 145.806389, -5.191455 ] ] ], [ [ [ 145.805888, -5.156965 ], [ 145.806184, -5.158115 ], [ 145.806469, -5.157539 ], [ 145.805888, -5.156965 ] ] ], [ [ [ 145.807607, -5.109241 ], [ 145.807324, -5.110393 ], [ 145.807897, -5.110103 ], [ 145.807607, -5.109241 ] ] ], [ [ [ 145.806995, -5.195762 ], [ 145.807864, -5.196907 ], [ 145.807857, -5.196043 ], [ 145.806995, -5.195762 ] ] ], [ [ [ 145.809385, -5.164416 ], [ 145.809398, -5.165567 ], [ 145.809964, -5.164414 ], [ 145.809385, -5.164416 ] ] ], [ [ [ 145.777961, -4.826006 ], [ 145.779119, -4.826577 ], [ 145.778821, -4.825715 ], [ 145.777961, -4.826006 ] ] ], [ [ [ 145.794516, -4.992622 ], [ 145.795383, -4.99319 ], [ 145.795089, -4.992332 ], [ 145.794516, -4.992622 ] ] ] ] } },
{ "type": "Feature", "properties": { "FID": 7, "PROVID": "OCNPNG002011", "PROVNAME": "Eastern Highlands" }, "geometry": { "type": "Polygon", "coordinates": [ [ [ 145.982932, -6.727969 ], [ 146.016678, -6.719764 ], [ 146.030527, -6.698594 ], [ 146.13969, -6.202787 ], [ 145.971912, -6.107509 ], [ 145.969526, -6.099632 ], [ 145.965809, -6.103969 ], [ 145.956466, -6.082768 ], [ 145.932625, -6.091248 ], [ 145.931961, -6.078037 ], [ 145.903687, -6.06617 ], [ 145.898029, -6.053086 ], [ 145.884829, -6.046626 ], [ 145.885137, -6.021288 ], [ 145.868178, -6.005759 ], [ 145.848671, -6.000527 ], [ 145.830266, -5.975848 ], [ 145.667748, -5.975847 ], [ 145.659411, -5.91946 ], [ 145.571913, -5.906961 ], [ 145.534414, -5.975847 ], [ 145.481638, -5.975843 ], [ 145.468248, -5.958491 ], [ 145.446916, -5.967232 ], [ 145.387643, -5.883951 ], [ 145.379412, -5.848631 ], [ 145.288304, -5.897236 ], [ 145.280066, -5.863467 ], [ 145.26758, -5.848796 ], [ 145.248066, -5.861717 ], [ 145.246945, -5.849993 ], [ 145.227126, -5.847465 ], [ 145.221348, -5.855046 ], [ 145.213279, -5.849847 ], [ 145.177842, -5.871291 ], [ 145.168302, -5.868067 ], [ 145.119137, -6.001116 ], [ 145.134415, -6.081944 ], [ 145.184418, -6.131943 ], [ 145.251084, -6.131945 ], [ 145.268017, -6.294009 ], [ 145.25912, -6.31848 ], [ 145.244493, -6.33034 ], [ 145.222323, -6.330459 ], [ 145.194221, -6.36037 ], [ 145.193098, -6.399964 ], [ 145.178747, -6.417735 ], [ 145.125141, -6.410839 ], [ 145.111059, -6.415799 ], [ 145.06775, -6.394778 ], [ 145.047354, -6.404363 ], [ 145.020247, -6.397611 ], [ 145.001572, -6.413222 ], [ 144.984421, -6.531922 ], [ 145.101087, -6.565256 ], [ 145.201086, -6.681922 ], [ 145.317754, -6.681922 ], [ 145.351089, -6.731918 ], [ 145.299633, -6.873143 ], [ 145.711462, -7.143985 ], [ 145.757495, -7.13723 ], [ 145.760452, -7.124588 ], [ 145.772536, -7.124075 ], [ 145.788769, -7.081711 ], [ 145.801116, -7.085355 ], [ 145.809946, -7.078117 ], [ 145.82572, -7.084144 ], [ 145.840016, -7.10649 ], [ 145.858158, -7.108306 ], [ 145.870084, -7.088729 ], [ 145.880526, -7.100994 ], [ 145.894429, -7.099368 ], [ 145.902894, -7.112749 ], [ 145.91697, -7.10183 ], [ 145.916329, -7.052923 ], [ 145.926004, -7.022826 ], [ 145.918387, -7.006073 ], [ 145.932516, -6.978682 ], [ 145.965025, -6.953937 ], [ 145.969629, -6.940422 ], [ 146.011078, -6.899952 ], [ 146.005983, -6.87478 ], [ 146.025626, -6.852719 ], [ 146.003451, -6.81662 ], [ 146.000906, -6.803687 ], [ 146.009191, -6.802251 ], [ 145.982932, -6.727969 ] ] ] } },
{ "type": "Feature", "properties": { "FID": 8, "PROVID": "OCNPNG002010", "PROVNAME": "Chimbu (Simbu)" }, "geometry": { "type": "Polygon", "coordinates": [ [ [ 145.194221, -6.36037 ], [ 145.222323, -6.330459 ], [ 145.244493, -6.33034 ], [ 145.25912, -6.31848 ], [ 145.268017, -6.294009 ], [ 145.251084, -6.131945 ], [ 145.184418, -6.131943 ], [ 145.134415, -6.081944 ], [ 145.119137, -6.001116 ], [ 145.168302, -5.868067 ], [ 145.139649, -5.839391 ], [ 145.139666, -5.828604 ], [ 145.087626, -5.784878 ], [ 145.063692, -5.786228 ], [ 145.045591, -5.777182 ], [ 145.023596, -5.78327 ], [ 145.00445, -5.77341 ], [ 144.958836, -5.795578 ], [ 144.933268, -5.799489 ], [ 144.921483, -5.812062 ], [ 144.90598, -5.80119 ], [ 144.871195, -5.814961 ], [ 144.821361, -5.777238 ], [ 144.814221, -5.81337 ], [ 144.788223, -5.84184 ], [ 144.812506, -5.884685 ], [ 144.813034, -5.948605 ], [ 144.783098, -5.977269 ], [ 144.754396, -5.978169 ], [ 144.733793, -6.019906 ], [ 144.709368, -6.019156 ], [ 144.690443, -6.043103 ], [ 144.68819, -6.057232 ], [ 144.732654, -6.065304 ], [ 144.758586, -6.102498 ], [ 144.729796, -6.10888 ], [ 144.726296, -6.127282 ], [ 144.739632, -6.142036 ], [ 144.747558, -6.177734 ], [ 144.718389, -6.195023 ], [ 144.738452, -6.228914 ], [ 144.726175, -6.233481 ], [ 144.72418, -6.256313 ], [ 144.697044, -6.256327 ], [ 144.685113, -6.298797 ], [ 144.677409, -6.298331 ], [ 144.672758, -6.309677 ], [ 144.662286, -6.301859 ], [ 144.649891, -6.306311 ], [ 144.630128, -6.354191 ], [ 144.610118, -6.373704 ], [ 144.603266, -6.403053 ], [ 144.556497, -6.371233 ], [ 144.55916, -6.427426 ], [ 144.547367, -6.425349 ], [ 144.529285, -6.441009 ], [ 144.519195, -6.431885 ], [ 144.487394, -6.438254 ], [ 144.467494, -6.453492 ], [ 144.448513, -6.454684 ], [ 144.429321, -6.487855 ], [ 144.435427, -6.531804 ], [ 144.417706, -6.541345 ], [ 144.428059, -6.567886 ], [ 144.504778, -6.569888 ], [ 144.538861, -6.579326 ], [ 144.568463, -6.621176 ], [ 144.5626, -6.637326 ], [ 144.548466, -6.640628 ], [ 144.591621, -6.670818 ], [ 144.647344, -6.675163 ], [ 144.660944, -6.691244 ], [ 144.714094, -6.714886 ], [ 144.739387, -6.715815 ], [ 144.760736, -6.706209 ], [ 144.793778, -6.735781 ], [ 144.825499, -6.738226 ], [ 144.830181, -6.732626 ], [ 144.860763, -6.758393 ], [ 144.880714, -6.738718 ], [ 144.886849, -6.719476 ], [ 144.922019, -6.717716 ], [ 144.917612, -6.72525 ], [ 144.939158, -6.746736 ], [ 144.945417, -6.766656 ], [ 144.958579, -6.768938 ], [ 144.978331, -6.787172 ], [ 144.990951, -6.785134 ], [ 144.994746, -6.794832 ], [ 145.017732, -6.793079 ], [ 145.032797, -6.809366 ], [ 145.039091, -6.801004 ], [ 145.082328, -6.804793 ], [ 145.106668, -6.829358 ], [ 145.129971, -6.823203 ], [ 145.136947, -6.835222 ], [ 145.166401, -6.846552 ], [ 145.189777, -6.800766 ], [ 145.299633, -6.873143 ], [ 145.351089, -6.731918 ], [ 145.317754, -6.681922 ], [ 145.201086, -6.681922 ], [ 145.101087, -6.565256 ], [ 144.984421, -6.531922 ], [ 145.001572, -6.413222 ], [ 145.020247, -6.397611 ], [ 145.047354, -6.404363 ], [ 145.06775, -6.394778 ], [ 145.111059, -6.415799 ], [ 145.125141, -6.410839 ], [ 145.178747, -6.417735 ], [ 145.193098, -6.399964 ], [ 145.194221, -6.36037 ] ] ] } },
{ "type": "Feature", "properties": { "FID": 9, "PROVID": "OCNPNG002008", "PROVNAME": "Enga" }, "geometry": { "type": "Polygon", "coordinates": [ [ [ 143.899661, -5.791264 ], [ 143.902401, -5.778782 ], [ 143.915451, -5.779924 ], [ 143.957464, -5.803052 ], [ 143.969958, -5.779007 ], [ 143.984159, -5.769885 ], [ 144.007848, -5.757452 ], [ 144.029456, -5.761993 ], [ 144.048698, -5.752616 ], [ 144.017599, -5.631124 ], [ 144.03106, -5.613078 ], [ 144.027558, -5.590089 ], [ 144.011708, -5.587832 ], [ 143.986246, -5.561494 ], [ 143.998672, -5.530752 ], [ 143.990214, -5.508689 ], [ 143.997664, -5.477106 ], [ 144.038776, -5.461115 ], [ 144.04593, -5.409845 ], [ 144.118341, -5.388856 ], [ 144.142822, -5.346834 ], [ 144.229702, -5.356185 ], [ 144.241894, -5.340611 ], [ 144.241243, -5.311866 ], [ 144.251202, -5.282959 ], [ 144.234513, -5.239287 ], [ 144.244967, -5.212685 ], [ 144.240023, -5.199583 ], [ 144.189953, -5.204406 ], [ 144.172064, -5.18588 ], [ 144.160306, -5.185151 ], [ 144.128319, -5.144641 ], [ 144.129934, -5.131484 ], [ 144.116959, -5.124657 ], [ 144.122242, -5.099981 ], [ 144.100613, -5.087994 ], [ 144.101569, -5.076433 ], [ 144.029579, -5.064361 ], [ 144.000371, -5.043052 ], [ 143.99472, -5.027284 ], [ 143.972524, -5.007224 ], [ 143.30162, -5.155766 ], [ 143.277478, -5.13349 ], [ 143.219366, -5.107944 ], [ 143.161582, -5.137167 ], [ 143.142135, -5.117501 ], [ 143.117872, -5.118296 ], [ 143.105868, -5.098232 ], [ 143.085019, -5.108609 ], [ 143.040834, -5.105572 ], [ 143.027309, -5.131701 ], [ 143.010072, -5.129411 ], [ 142.979706, -5.117341 ], [ 142.954669, -5.091527 ], [ 142.901514, -5.065625 ], [ 142.892052, -5.052024 ], [ 142.871905, -5.042399 ], [ 142.862711, -5.047386 ], [ 142.853229, -5.034914 ], [ 142.808522, -5.0312 ], [ 142.798592, -5.036991 ], [ 142.769806, -5.023624 ], [ 142.751079, -5.038099 ], [ 142.751081, -5.584457 ], [ 143.259417, -5.753338 ], [ 143.346918, -5.873609 ], [ 143.521085, -5.977772 ], [ 143.709416, -5.902221 ], [ 143.826087, -5.940833 ], [ 143.798032, -5.855914 ], [ 143.785927, -5.845713 ], [ 143.793561, -5.833116 ], [ 143.788648, -5.824674 ], [ 143.794556, -5.817574 ], [ 143.82108, -5.818332 ], [ 143.861572, -5.831281 ], [ 143.884187, -5.813729 ], [ 143.887034, -5.792234 ], [ 143.899661, -5.791264 ] ] ] } },
{ "type": "Feature", "properties": { "FID": 10, "PROVID": "OCNPNG003014", "PROVNAME": "East Sepik" }, "geometry": { "type": "MultiPolygon", "coordinates": [ [ [ [ 142.534405, -4.069564 ], [ 141.808812, -4.069769 ], [ 141.796811, -4.055667 ], [ 141.817377, -4.052016 ], [ 141.817971, -4.039698 ], [ 141.798754, -4.04746 ], [ 141.781476, -4.025943 ], [ 141.767009, -4.02488 ], [ 141.760852, -4.040414 ], [ 141.758496, -4.028471 ], [ 141.73601, -4.026152 ], [ 141.736335, -4.015464 ], [ 141.766109, -3.994459 ], [ 141.763061, -3.981255 ], [ 141.75385, -3.980223 ], [ 141.732943, -4.005784 ], [ 141.720682, -3.993471 ], [ 141.342739, -4.257036 ], [ 141.342754, -4.611121 ], [ 142.326485, -4.611441 ], [ 142.32709, -4.955051 ], [ 142.343215, -4.968466 ], [ 142.357439, -4.962854 ], [ 142.377526, -4.975116 ], [ 142.392564, -5.000048 ], [ 142.408878, -5.004407 ], [ 142.413344, -4.991923 ], [ 142.42875, -4.989482 ], [ 142.439768, -4.974119 ], [ 142.43547, -4.961951 ], [ 142.449381, -4.951877 ], [ 142.475902, -4.968117 ], [ 142.511307, -4.971943 ], [ 142.561268, -4.995869 ], [ 142.589044, -4.983375 ], [ 142.626262, -4.995187 ], [ 142.667406, -4.983085 ], [ 142.712847, -5.004624 ], [ 142.714001, -5.025924 ], [ 142.725653, -5.036814 ], [ 142.759638, -5.036339 ], [ 142.772646, -5.023558 ], [ 142.798592, -5.036991 ], [ 142.808522, -5.0312 ], [ 142.853229, -5.034914 ], [ 142.862711, -5.047386 ], [ 142.871905, -5.042399 ], [ 142.892052, -5.052024 ], [ 142.901514, -5.065625 ], [ 142.954669, -5.091527 ], [ 142.979706, -5.117341 ], [ 143.010072, -5.129411 ], [ 143.027309, -5.131701 ], [ 143.040834, -5.105572 ], [ 143.085019, -5.108609 ], [ 143.105868, -5.098232 ], [ 143.117872, -5.118296 ], [ 143.142135, -5.117501 ], [ 143.161582, -5.137167 ], [ 143.219366, -5.107944 ], [ 143.277478, -5.13349 ], [ 143.30162, -5.155766 ], [ 144.044412, -4.987558 ], [ 144.575516, -4.589538 ], [ 144.574684, -3.999317 ], [ 144.542762, -3.951759 ], [ 144.547434, -3.912669 ], [ 144.542345, -3.907317 ], [ 144.563188, -3.882626 ], [ 144.549342, -3.853339 ], [ 144.535136, -3.862126 ], [ 144.540211, -3.82226 ], [ 144.509678, -3.80836 ], [ 144.379997, -3.785412 ], [ 144.322466, -3.787963 ], [ 144.315748, -3.783708 ], [ 144.279034, -3.778825 ], [ 144.27673, -3.787785 ], [ 144.299229, -3.801819 ], [ 144.307869, -3.784847 ], [ 144.314621, -3.785162 ], [ 144.312139, -3.809963 ], [ 144.327396, -3.813606 ], [ 144.333947, -3.825731 ], [ 144.352154, -3.796655 ], [ 144.35574, -3.804943 ], [ 144.366506, -3.79556 ], [ 144.373524, -3.79662 ], [ 144.373199, -3.803532 ], [ 144.35782, -3.809227 ], [ 144.367571, -3.826055 ], [ 144.41052, -3.824787 ], [ 144.432671, -3.799959 ], [ 144.435344, -3.805386 ], [ 144.41183, -3.826204 ], [ 144.384094, -3.82565 ], [ 144.368417, -3.833391 ], [ 144.386006, -3.882181 ], [ 144.37946, -3.886029 ], [ 144.35853, -3.888956 ], [ 144.344114, -3.886309 ], [ 144.336614, -3.872 ], [ 144.345681, -3.884995 ], [ 144.383417, -3.881935 ], [ 144.366769, -3.847657 ], [ 144.368767, -3.828625 ], [ 144.347693, -3.822636 ], [ 144.336071, -3.832605 ], [ 144.316498, -3.830619 ], [ 144.317169, -3.818802 ], [ 144.282264, -3.801091 ], [ 144.274137, -3.805101 ], [ 144.287491, -3.813809 ], [ 144.271918, -3.828164 ], [ 144.26139, -3.816529 ], [ 144.246481, -3.818784 ], [ 144.253689, -3.838241 ], [ 144.242921, -3.847913 ], [ 144.271361, -3.865019 ], [ 144.26425, -3.869737 ], [ 144.252859, -3.858117 ], [ 144.235302, -3.865168 ], [ 144.217791, -3.857525 ], [ 144.204778, -3.816279 ], [ 144.184915, -3.832291 ], [ 144.182294, -3.848303 ], [ 144.165701, -3.834458 ], [ 144.142397, -3.832813 ], [ 144.133032, -3.822019 ], [ 144.125913, -3.826164 ], [ 144.11781, -3.804416 ], [ 144.100686, -3.830019 ], [ 144.086881, -3.829372 ], [ 144.089245, -3.815226 ], [ 144.108157, -3.811767 ], [ 144.117192, -3.801833 ], [ 144.142513, -3.804023 ], [ 144.174504, -3.782365 ], [ 144.02356, -3.794819 ], [ 144.014078, -3.804317 ], [ 144.030924, -3.797716 ], [ 144.027937, -3.808705 ], [ 144.016224, -3.813206 ], [ 144.018738, -3.808274 ], [ 144.000772, -3.798769 ], [ 144.014249, -3.796833 ], [ 143.977362, -3.790213 ], [ 143.94671, -3.759312 ], [ 143.923982, -3.714493 ], [ 143.897749, -3.696456 ], [ 143.83414, -3.679303 ], [ 143.817189, -3.660712 ], [ 143.82518, -3.648348 ], [ 143.782237, -3.620799 ], [ 143.72719, -3.609269 ], [ 143.701978, -3.594972 ], [ 143.695795, -3.575357 ], [ 143.703295, -3.54976 ], [ 143.680701, -3.578601 ], [ 143.664635, -3.576255 ], [ 143.662765, -3.566501 ], [ 143.652705, -3.575288 ], [ 143.633755, -3.56694 ], [ 143.628693, -3.555211 ], [ 143.634042, -3.548226 ], [ 143.627263, -3.546026 ], [ 143.619955, -3.5565 ], [ 143.602613, -3.549428 ], [ 143.591784, -3.53606 ], [ 143.596246, -3.517996 ], [ 143.583922, -3.51991 ], [ 143.571419, -3.509889 ], [ 143.558829, -3.475098 ], [ 143.535137, -3.465956 ], [ 143.52205, -3.445425 ], [ 143.499928, -3.435973 ], [ 143.464361, -3.438807 ], [ 143.450042, -3.422614 ], [ 143.419555, -3.409694 ], [ 143.350639, -3.410719 ], [ 143.290958, -3.395198 ], [ 143.238786, -3.392365 ], [ 143.206847, -3.368651 ], [ 143.156398, -3.355574 ], [ 143.084399, -3.360067 ], [ 143.0844, -3.53657 ], [ 143.053276, -3.51837 ], [ 143.044601, -3.526741 ], [ 143.050517, -3.537154 ], [ 143.038283, -3.551372 ], [ 143.022107, -3.545042 ], [ 143.006858, -3.526112 ], [ 142.973837, -3.513778 ], [ 142.966643, -3.500718 ], [ 142.947193, -3.493704 ], [ 142.93029, -3.50506 ], [ 142.917332, -3.481722 ], [ 142.894718, -3.482577 ], [ 142.888095, -3.490255 ], [ 142.889183, -3.476654 ], [ 142.849075, -3.477402 ], [ 142.836162, -3.464091 ], [ 142.82731, -3.467712 ], [ 142.800382, -3.430358 ], [ 142.790547, -3.42808 ], [ 142.785284, -3.409513 ], [ 142.762641, -3.39632 ], [ 142.758979, -3.40704 ], [ 142.744443, -3.409245 ], [ 142.743472, -3.420527 ], [ 142.716732, -3.425578 ], [ 142.713054, -3.432365 ], [ 142.720834, -3.443319 ], [ 142.703903, -3.451202 ], [ 142.674451, -3.447687 ], [ 142.663669, -3.454459 ], [ 142.634402, -3.440185 ], [ 142.634401, -3.501289 ], [ 142.643748, -3.51521 ], [ 142.643144, -3.535908 ], [ 142.60739, -3.546771 ], [ 142.61406, -3.550998 ], [ 142.608685, -3.577846 ], [ 142.616001, -3.587525 ], [ 142.606867, -3.612124 ], [ 142.616243, -3.604505 ], [ 142.624112, -3.612747 ], [ 142.615473, -3.621077 ], [ 142.618989, -3.636421 ], [ 142.606763, -3.645805 ], [ 142.616894, -3.651132 ], [ 142.608167, -3.663917 ], [ 142.597819, -3.663779 ], [ 142.595139, -3.677339 ], [ 142.620187, -3.699226 ], [ 142.613459, -3.713935 ], [ 142.604562, -3.714342 ], [ 142.614042, -3.734937 ], [ 142.607399, -3.742089 ], [ 142.618972, -3.738037 ], [ 142.623783, -3.753224 ], [ 142.610721, -3.764346 ], [ 142.622888, -3.771663 ], [ 142.631673, -3.762616 ], [ 142.634043, -3.768052 ], [ 142.628122, -3.775903 ], [ 142.637836, -3.792753 ], [ 142.63275, -3.798869 ], [ 142.638789, -3.799074 ], [ 142.634405, -3.91958 ], [ 142.534404, -3.919578 ], [ 142.534405, -4.069564 ] ] ], [ [ [ 143.505545, -3.331971 ], [ 143.511621, -3.354049 ], [ 143.569126, -3.377645 ], [ 143.615786, -3.367729 ], [ 143.611555, -3.353691 ], [ 143.548329, -3.312619 ], [ 143.515892, -3.313688 ], [ 143.520703, -3.337077 ], [ 143.513149, -3.341072 ], [ 143.505545, -3.331971 ] ] ], [ [ [ 143.614126, -3.409201 ], [ 143.582758, -3.386364 ], [ 143.539658, -3.385002 ], [ 143.575656, -3.410654 ], [ 143.55217, -3.414745 ], [ 143.561296, -3.429575 ], [ 143.548711, -3.432937 ], [ 143.569603, -3.44672 ], [ 143.597981, -3.443128 ], [ 143.600696, -3.433013 ], [ 143.618496, -3.432456 ], [ 143.620664, -3.423789 ], [ 143.636376, -3.418365 ], [ 143.62819, -3.408704 ], [ 143.614126, -3.409201 ] ] ], [ [ [ 144.063867, -3.207095 ], [ 144.08731, -3.255371 ], [ 144.117862, -3.244246 ], [ 144.13195, -3.227326 ], [ 144.118434, -3.207965 ], [ 144.089729, -3.190287 ], [ 144.063867, -3.207095 ] ] ], [ [ [ 144.218324, -3.806611 ], [ 144.224017, -3.815399 ], [ 144.236436, -3.801382 ], [ 144.227029, -3.788289 ], [ 144.270451, -3.790475 ], [ 144.270639, -3.784143 ], [ 144.184102, -3.781199 ], [ 144.195885, -3.799421 ], [ 144.190961, -3.815059 ], [ 144.218324, -3.806611 ] ] ], [ [ [ 143.276132, -3.217955 ], [ 143.303466, -3.241442 ], [ 143.33906, -3.240626 ], [ 143.29961, -3.213576 ], [ 143.276132, -3.217955 ] ] ], [ [ [ 144.805146, -3.614799 ], [ 144.81957, -3.626652 ], [ 144.833855, -3.613457 ], [ 144.819512, -3.597576 ], [ 144.805146, -3.614799 ] ] ], [ [ [ 144.623337, -3.512154 ], [ 144.599279, -3.499018 ], [ 144.591175, -3.512683 ], [ 144.619149, -3.519711 ], [ 144.623337, -3.512154 ] ] ], [ [ [ 144.242598, -3.809346 ], [ 144.243616, -3.801267 ], [ 144.230238, -3.809251 ], [ 144.242479, -3.820285 ], [ 144.250815, -3.802305 ], [ 144.272343, -3.800808 ], [ 144.249499, -3.791963 ], [ 144.242069, -3.794385 ], [ 144.247617, -3.799761 ], [ 144.242598, -3.809346 ] ] ], [ [ [ 144.161879, -3.793065 ], [ 144.162515, -3.814932 ], [ 144.174871, -3.815025 ], [ 144.179927, -3.807463 ], [ 144.174763, -3.790273 ], [ 144.161879, -3.793065 ] ] ], [ [ [ 143.264009, -3.198256 ], [ 143.249411, -3.197624 ], [ 143.256626, -3.219679 ], [ 143.269775, -3.215458 ], [ 143.264009, -3.198256 ] ] ], [ [ [ 144.406387, -3.386457 ], [ 144.395549, -3.387476 ], [ 144.383963, -3.399178 ], [ 144.423017, -3.398836 ], [ 144.406387, -3.386457 ] ] ], [ [ [ 144.216825, -3.814935 ], [ 144.22209, -3.829685 ], [ 144.238776, -3.839921 ], [ 144.233733, -3.830211 ], [ 144.244277, -3.824574 ], [ 144.216825, -3.814935 ] ] ], [ [ [ 144.219664, -3.362082 ], [ 144.212034, -3.351841 ], [ 144.194128, -3.354005 ], [ 144.197565, -3.363009 ], [ 144.219664, -3.362082 ] ] ], [ [ [ 144.18197, -3.791595 ], [ 144.183082, -3.807412 ], [ 144.179757, -3.814947 ], [ 144.191, -3.799226 ], [ 144.18197, -3.791595 ] ] ], [ [ [ 144.577266, -3.610784 ], [ 144.581809, -3.615892 ], [ 144.589311, -3.609437 ], [ 144.58345, -3.602332 ], [ 144.577266, -3.610784 ] ] ], [ [ [ 143.437805, -3.391712 ], [ 143.458017, -3.398896 ], [ 143.461723, -3.39711 ], [ 143.446543, -3.390004 ], [ 143.437805, -3.391712 ] ] ], [ [ [ 143.490798, -3.401564 ], [ 143.490334, -3.409061 ], [ 143.494071, -3.409294 ], [ 143.490798, -3.401564 ] ] ], [ [ [ 144.352847, -3.803549 ], [ 144.354432, -3.812739 ], [ 144.356753, -3.814428 ], [ 144.352847, -3.803549 ] ] ], [ [ [ 144.356511, -3.81731 ], [ 144.358334, -3.823323 ], [ 144.36108, -3.824007 ], [ 144.356511, -3.81731 ] ] ], [ [ [ 144.240103, -3.833277 ], [ 144.241614, -3.837857 ], [ 144.244186, -3.837244 ], [ 144.240103, -3.833277 ] ] ], [ [ [ 144.365424, -3.799609 ], [ 144.363753, -3.803089 ], [ 144.366864, -3.799872 ], [ 144.365424, -3.799609 ] ] ], [ [ [ 143.60493, -3.503759 ], [ 143.605261, -3.506635 ], [ 143.60639, -3.50518 ], [ 143.60493, -3.503759 ] ] ], [ [ [ 144.23597, -3.790451 ], [ 144.240586, -3.79124 ], [ 144.240566, -3.790375 ], [ 144.23597, -3.790451 ] ] ], [ [ [ 144.587994, -3.511583 ], [ 144.587461, -3.514185 ], [ 144.588044, -3.514458 ], [ 144.587994, -3.511583 ] ] ], [ [ [ 143.411744, -3.377707 ], [ 143.412061, -3.379432 ], [ 143.412622, -3.378557 ], [ 143.411744, -3.377707 ] ] ], [ [ [ 144.367102, -3.796699 ], [ 144.367416, -3.798425 ], [ 144.368273, -3.798122 ], [ 144.367102, -3.796699 ] ] ], [ [ [ 144.43136, -3.807755 ], [ 144.429847, -3.806689 ], [ 144.429911, -3.807202 ], [ 144.43136, -3.807755 ] ] ], [ [ [ 144.156754, -3.796028 ], [ 144.15592, -3.797769 ], [ 144.157342, -3.796594 ], [ 144.156754, -3.796028 ] ] ], [ [ [ 144.427074, -3.809259 ], [ 144.427094, -3.810698 ], [ 144.427649, -3.809542 ], [ 144.427074, -3.809259 ] ] ] ] } },
{ "type": "Feature", "properties": { "FID": 11, "PROVID": "OCNPNG004018", "PROVNAME": "East New Britain" }, "geometry": { "type": "MultiPolygon", "coordinates": [ [ [ [ 150.833679, -5.750764 ], [ 150.819274, -5.746543 ], [ 150.779754, -5.758137 ], [ 150.757047, -5.732888 ], [ 150.628963, -5.725038 ], [ 150.600948, -5.743451 ], [ 150.60095, -5.915383 ], [ 150.778601, -6.074028 ], [ 150.768536, -6.03868 ], [ 150.788198, -6.022636 ], [ 150.788821, -6.009125 ], [ 150.791956, -6.024021 ], [ 150.795397, -6.017785 ], [ 150.811822, -6.024065 ], [ 150.827356, -6.046573 ], [ 150.848204, -6.025064 ], [ 150.903217, -6.00935 ], [ 150.95024, -6.021483 ], [ 150.98809, -6.010094 ], [ 150.999661, -6.014546 ], [ 151.009804, -6.032521 ], [ 151.023019, -6.019282 ], [ 151.043444, -6.014371 ], [ 151.056355, -5.985617 ], [ 151.07324, -5.971229 ], [ 151.117895, -5.965702 ], [ 151.148446, -5.94008 ], [ 151.165364, -5.959596 ], [ 151.183773, -5.957269 ], [ 151.192088, -5.939439 ], [ 151.21078, -5.933376 ], [ 151.215617, -5.897445 ], [ 151.230578, -5.899434 ], [ 151.263906, -5.871504 ], [ 151.28691, -5.864571 ], [ 151.316199, -5.830897 ], [ 151.338625, -5.827983 ], [ 151.373401, -5.808096 ], [ 151.396065, -5.772416 ], [ 151.390235, -5.76534 ], [ 151.402281, -5.738242 ], [ 151.389391, -5.736221 ], [ 151.400881, -5.731409 ], [ 151.405166, -5.716934 ], [ 151.424137, -5.712296 ], [ 151.422969, -5.701666 ], [ 151.409446, -5.701455 ], [ 151.451512, -5.683851 ], [ 151.489393, -5.69091 ], [ 151.512639, -5.665571 ], [ 151.51114, -5.634244 ], [ 151.453894, -5.626881 ], [ 151.461051, -5.610775 ], [ 151.444291, -5.569996 ], [ 151.455732, -5.534908 ], [ 151.471521, -5.51936 ], [ 151.489049, -5.512714 ], [ 151.540453, -5.529952 ], [ 151.558094, -5.529533 ], [ 151.565841, -5.521465 ], [ 151.580812, -5.529771 ], [ 151.574471, -5.523176 ], [ 151.591635, -5.532952 ], [ 151.600418, -5.553301 ], [ 151.62172, -5.564467 ], [ 151.645851, -5.517966 ], [ 151.674796, -5.504276 ], [ 151.667634, -5.495534 ], [ 151.670785, -5.487801 ], [ 151.676453, -5.501718 ], [ 151.671927, -5.51061 ], [ 151.695628, -5.5061 ], [ 151.730601, -5.515941 ], [ 151.754245, -5.544337 ], [ 151.748504, -5.547799 ], [ 151.75716, -5.559563 ], [ 151.787315, -5.565606 ], [ 151.788505, -5.581916 ], [ 151.81128, -5.58531 ], [ 151.84803, -5.560214 ], [ 151.850155, -5.545986 ], [ 151.866122, -5.535947 ], [ 151.887394, -5.547473 ], [ 151.913795, -5.523841 ], [ 151.958916, -5.514528 ], [ 151.984716, -5.483421 ], [ 152.043863, -5.449269 ], [ 152.055822, -5.443106 ], [ 152.084107, -5.446072 ], [ 152.088972, -5.436293 ], [ 152.083474, -5.424815 ], [ 152.098992, -5.420166 ], [ 152.129047, -5.372657 ], [ 152.131806, -5.328673 ], [ 152.053037, -5.22224 ], [ 152.034919, -5.217688 ], [ 152.019538, -5.196234 ], [ 151.994047, -5.196522 ], [ 151.988424, -5.178231 ], [ 151.947629, -5.140302 ], [ 151.940911, -5.097771 ], [ 151.966067, -5.043374 ], [ 151.949919, -5.021854 ], [ 151.951855, -4.990515 ], [ 151.976766, -4.966377 ], [ 151.997781, -4.971424 ], [ 152.005013, -4.988652 ], [ 152.028165, -4.963971 ], [ 152.044047, -4.9713 ], [ 152.062421, -4.96464 ], [ 152.086306, -4.9778 ], [ 152.144092, -4.987417 ], [ 152.179558, -4.967014 ], [ 152.217034, -4.970531 ], [ 152.235675, -4.957537 ], [ 152.242811, -4.933812 ], [ 152.272618, -4.915461 ], [ 152.289213, -4.889825 ], [ 152.288023, -4.876032 ], [ 152.320708, -4.853504 ], [ 152.332721, -4.833347 ], [ 152.327499, -4.817262 ], [ 152.335612, -4.799268 ], [ 152.363841, -4.769135 ], [ 152.360604, -4.744999 ], [ 152.371471, -4.726563 ], [ 152.369836, -4.693566 ], [ 152.381389, -4.681969 ], [ 152.372371, -4.646636 ], [ 152.380892, -4.614122 ], [ 152.374232, -4.609586 ], [ 152.362726, -4.590313 ], [ 152.367561, -4.574771 ], [ 152.361787, -4.564728 ], [ 152.355777, -4.572794 ], [ 152.351447, -4.565911 ], [ 152.358041, -4.561001 ], [ 152.333516, -4.523984 ], [ 152.330131, -4.499651 ], [ 152.359396, -4.437652 ], [ 152.353874, -4.416394 ], [ 152.381087, -4.394459 ], [ 152.387578, -4.35821 ], [ 152.403022, -4.336599 ], [ 152.398389, -4.323099 ], [ 152.341296, -4.338226 ], [ 152.315146, -4.331982 ], [ 152.27411, -4.340446 ], [ 152.236151, -4.318992 ], [ 152.211953, -4.29203 ], [ 152.187591, -4.306188 ], [ 152.166618, -4.301648 ], [ 152.154789, -4.280409 ], [ 152.167699, -4.276346 ], [ 152.169955, -4.262539 ], [ 152.151535, -4.246779 ], [ 152.148037, -4.227524 ], [ 152.160026, -4.20305 ], [ 152.174945, -4.199558 ], [ 152.177334, -4.230892 ], [ 152.200857, -4.226224 ], [ 152.203787, -4.246056 ], [ 152.232779, -4.243383 ], [ 152.221537, -4.227026 ], [ 152.223199, -4.207472 ], [ 152.203628, -4.189991 ], [ 152.199541, -4.163835 ], [ 152.184017, -4.156694 ], [ 152.166436, -4.132587 ], [ 152.149818, -4.143846 ], [ 152.138176, -4.188448 ], [ 152.123294, -4.206311 ], [ 152.100031, -4.204082 ], [ 152.093692, -4.195756 ], [ 152.056389, -4.203623 ], [ 152.018457, -4.188198 ], [ 151.984885, -4.194897 ], [ 151.983206, -4.212156 ], [ 152.000197, -4.231662 ], [ 152.027504, -4.24424 ], [ 152.030426, -4.258323 ], [ 151.994851, -4.308525 ], [ 151.946991, -4.339903 ], [ 151.925811, -4.338234 ], [ 151.915726, -4.323598 ], [ 151.884994, -4.318784 ], [ 151.884684, -4.31045 ], [ 151.849602, -4.288679 ], [ 151.837794, -4.271172 ], [ 151.851776, -4.235771 ], [ 151.847443, -4.224277 ], [ 151.829688, -4.216597 ], [ 151.814417, -4.220914 ], [ 151.800037, -4.208869 ], [ 151.76471, -4.204354 ], [ 151.75239, -4.213292 ], [ 151.745198, -4.207848 ], [ 151.736601, -4.212749 ], [ 151.735396, -4.203101 ], [ 151.718808, -4.218258 ], [ 151.704411, -4.199025 ], [ 151.670253, -4.203127 ], [ 151.664203, -4.192501 ], [ 151.633501, -4.19746 ], [ 151.632618, -4.188833 ], [ 151.624031, -4.199492 ], [ 151.619418, -4.193749 ], [ 151.577507, -4.194986 ], [ 151.570062, -4.205064 ], [ 151.556852, -4.196727 ], [ 151.556821, -4.188704 ], [ 151.537605, -4.195067 ], [ 151.53356, -4.184727 ], [ 151.520648, -4.184753 ], [ 151.517223, -4.196547 ], [ 151.49255, -4.206946 ], [ 151.486835, -4.22076 ], [ 151.51855, -4.287694 ], [ 151.507676, -4.308701 ], [ 151.534166, -4.341999 ], [ 151.531666, -4.38657 ], [ 151.556094, -4.39658 ], [ 151.558425, -4.412967 ], [ 151.571921, -4.412938 ], [ 151.620012, -4.475514 ], [ 151.625829, -4.512306 ], [ 151.61739, -4.519407 ], [ 151.610717, -4.564665 ], [ 151.619912, -4.564074 ], [ 151.63981, -4.602838 ], [ 151.655919, -4.615171 ], [ 151.666406, -4.676721 ], [ 151.653558, -4.716376 ], [ 151.656563, -4.76553 ], [ 151.674159, -4.791644 ], [ 151.685945, -4.795061 ], [ 151.683334, -4.786519 ], [ 151.690055, -4.795423 ], [ 151.681626, -4.813205 ], [ 151.684615, -4.867535 ], [ 151.646234, -4.930173 ], [ 151.700819, -4.982114 ], [ 151.426684, -4.982123 ], [ 151.333643, -5.051283 ], [ 151.239767, -5.198496 ], [ 151.134592, -5.415504 ], [ 151.147447, -5.417844 ], [ 151.1565, -5.429941 ], [ 151.180936, -5.426453 ], [ 151.215451, -5.434446 ], [ 151.231445, -5.449324 ], [ 151.203839, -5.481063 ], [ 151.193762, -5.509209 ], [ 151.183632, -5.504061 ], [ 151.167468, -5.515907 ], [ 151.150599, -5.509024 ], [ 151.134345, -5.517388 ], [ 151.120719, -5.556384 ], [ 151.098162, -5.558983 ], [ 151.105056, -5.57138 ], [ 151.069745, -5.59036 ], [ 151.041867, -5.593246 ], [ 151.033781, -5.627065 ], [ 150.965787, -5.586664 ], [ 150.94689, -5.589457 ], [ 150.953223, -5.605238 ], [ 150.935961, -5.635769 ], [ 150.956083, -5.666945 ], [ 150.956194, -5.695902 ], [ 150.943702, -5.698784 ], [ 150.933045, -5.715339 ], [ 150.911448, -5.716264 ], [ 150.897619, -5.729279 ], [ 150.876129, -5.721711 ], [ 150.855995, -5.728754 ], [ 150.833679, -5.750764 ] ] ], [ [ [ 152.435675, -4.214191 ], [ 152.466627, -4.202991 ], [ 152.472046, -4.189458 ], [ 152.469533, -4.213904 ], [ 152.480362, -4.187702 ], [ 152.496973, -4.175575 ], [ 152.492889, -4.155749 ], [ 152.462654, -4.124793 ], [ 152.454048, -4.126835 ], [ 152.444196, -4.116304 ], [ 152.451763, -4.130868 ], [ 152.447773, -4.140654 ], [ 152.423396, -4.147916 ], [ 152.411384, -4.162046 ], [ 152.440441, -4.180642 ], [ 152.426729, -4.203401 ], [ 152.435675, -4.214191 ] ] ], [ [ [ 152.054447, -4.119098 ], [ 152.080025, -4.129379 ], [ 152.087452, -4.116996 ], [ 152.08886, -4.105779 ], [ 152.073022, -4.086842 ], [ 152.055245, -4.096377 ], [ 152.054447, -4.119098 ] ] ], [ [ [ 152.431957, -4.223801 ], [ 152.414951, -4.201429 ], [ 152.397739, -4.206081 ], [ 152.397208, -4.219023 ], [ 152.418743, -4.221252 ], [ 152.427956, -4.231291 ], [ 152.431957, -4.223801 ] ] ], [ [ [ 152.428814, -4.119301 ], [ 152.410071, -4.108282 ], [ 152.406936, -4.114329 ], [ 152.423634, -4.131531 ], [ 152.432526, -4.130062 ], [ 152.428814, -4.119301 ] ] ], [ [ [ 152.460089, -4.223421 ], [ 152.451792, -4.232937 ], [ 152.465565, -4.229726 ], [ 152.460089, -4.223421 ] ] ], [ [ [ 151.932888, -4.180078 ], [ 151.94238, -4.186383 ], [ 151.945246, -4.184649 ], [ 151.939481, -4.177188 ], [ 151.932888, -4.180078 ] ] ], [ [ [ 152.405295, -4.233944 ], [ 152.396961, -4.231674 ], [ 152.388643, -4.235433 ], [ 152.396116, -4.237143 ], [ 152.405295, -4.233944 ] ] ], [ [ [ 152.189703, -4.240345 ], [ 152.183088, -4.234902 ], [ 152.180791, -4.236632 ], [ 152.18283, -4.244967 ], [ 152.189703, -4.240345 ] ] ], [ [ [ 152.422538, -4.241657 ], [ 152.40932, -4.237674 ], [ 152.412784, -4.243991 ], [ 152.422538, -4.241657 ] ] ], [ [ [ 150.916504, -6.039719 ], [ 150.918629, -6.048597 ], [ 150.922349, -6.047114 ], [ 150.916504, -6.039719 ] ] ], [ [ [ 151.739044, -5.561616 ], [ 151.741948, -5.573686 ], [ 151.749593, -5.570583 ], [ 151.739044, -5.561616 ] ] ], [ [ [ 152.441169, -4.231824 ], [ 152.440002, -4.226654 ], [ 152.434266, -4.22782 ], [ 152.441169, -4.231824 ] ] ], [ [ [ 151.646393, -5.537107 ], [ 151.646409, -5.544582 ], [ 151.646992, -5.548603 ], [ 151.646393, -5.537107 ] ] ], [ [ [ 152.373679, -4.602646 ], [ 152.371931, -4.595749 ], [ 152.36964, -4.596906 ], [ 152.373679, -4.602646 ] ] ], [ [ [ 151.574277, -4.158478 ], [ 151.57141, -4.160787 ], [ 151.576862, -4.161345 ], [ 151.574277, -4.158478 ] ] ], [ [ [ 152.463509, -4.215362 ], [ 152.463238, -4.219677 ], [ 152.466098, -4.216504 ], [ 152.463509, -4.215362 ] ] ], [ [ [ 152.423571, -4.202548 ], [ 152.423846, -4.199676 ], [ 152.420978, -4.200259 ], [ 152.423571, -4.202548 ] ] ], [ [ [ 150.894419, -6.023329 ], [ 150.895897, -6.026472 ], [ 150.89732, -6.025016 ], [ 150.894419, -6.023329 ] ] ], [ [ [ 151.491566, -5.625949 ], [ 151.486966, -5.625382 ], [ 151.486681, -5.626246 ], [ 151.491566, -5.625949 ] ] ], [ [ [ 151.795939, -4.197628 ], [ 151.793409, -4.198823 ], [ 151.795136, -4.199107 ], [ 151.795939, -4.197628 ] ] ], [ [ [ 151.569964, -4.155612 ], [ 151.567959, -4.156191 ], [ 151.568821, -4.157051 ], [ 151.569964, -4.155612 ] ] ], [ [ [ 150.895134, -6.057511 ], [ 150.896018, -6.059223 ], [ 150.896575, -6.057497 ], [ 150.895134, -6.057511 ] ] ], [ [ [ 152.435925, -4.113087 ], [ 152.434192, -4.110793 ], [ 152.433909, -4.111372 ], [ 152.435925, -4.113087 ] ] ], [ [ [ 151.465167, -5.687929 ], [ 151.467412, -5.688988 ], [ 151.46637, -5.686924 ], [ 151.465167, -5.687929 ] ] ], [ [ [ 151.496458, -5.626512 ], [ 151.495882, -5.625362 ], [ 151.495597, -5.626803 ], [ 151.496458, -5.626512 ] ] ], [ [ [ 150.900733, -6.021816 ], [ 150.901896, -6.022661 ], [ 150.901598, -6.021806 ], [ 150.900733, -6.021816 ] ] ], [ [ [ 152.440233, -4.115089 ], [ 152.439084, -4.114514 ], [ 152.439377, -4.115378 ], [ 152.440233, -4.115089 ] ] ], [ [ [ 150.94116, -6.054924 ], [ 150.942317, -6.055485 ], [ 150.942019, -6.05463 ], [ 150.94116, -6.054924 ] ] ], [ [ [ 152.374264, -4.606378 ], [ 152.37426, -4.605231 ], [ 152.373687, -4.606093 ], [ 152.374264, -4.606378 ] ] ], [ [ [ 150.773227, -6.0458 ], [ 150.7741, -6.046368 ], [ 150.773798, -6.045509 ], [ 150.773227, -6.0458 ] ] ], [ [ [ 151.499913, -5.627944 ], [ 151.499623, -5.627085 ], [ 151.499047, -5.627658 ], [ 151.499913, -5.627944 ] ] ] ] } },
{ "type": "Feature", "properties": { "FID": 12, "PROVID": "OCNPNG004020", "PROVNAME": "Bougainville" }, "geometry": { "type": "MultiPolygon", "coordinates": [ [ [ [ 155.924971, -6.515131 ], [ 155.915944, -6.500833 ], [ 155.880169, -6.477857 ], [ 155.88008, -6.485612 ], [ 155.862862, -6.466968 ], [ 155.858884, -6.440671 ], [ 155.823631, -6.390526 ], [ 155.814236, -6.356557 ], [ 155.755369, -6.334034 ], [ 155.710026, -6.271465 ], [ 155.665538, -6.246229 ], [ 155.657287, -6.219285 ], [ 155.63279, -6.213152 ], [ 155.631214, -6.194481 ], [ 155.637505, -6.188687 ], [ 155.62965, -6.176681 ], [ 155.636533, -6.173472 ], [ 155.628699, -6.164049 ], [ 155.622706, -6.171566 ], [ 155.61547, -6.165011 ], [ 155.610697, -6.181999 ], [ 155.625204, -6.197976 ], [ 155.624161, -6.213499 ], [ 155.60057, -6.213106 ], [ 155.592455, -6.205415 ], [ 155.585356, -6.218682 ], [ 155.547853, -6.204314 ], [ 155.544615, -6.19399 ], [ 155.558663, -6.186986 ], [ 155.54427, -6.186232 ], [ 155.544727, -6.168769 ], [ 155.531396, -6.155005 ], [ 155.526331, -6.17085 ], [ 155.514852, -6.174959 ], [ 155.475618, -6.160019 ], [ 155.421169, -6.092178 ], [ 155.404323, -6.041289 ], [ 155.402807, -5.988135 ], [ 155.382066, -5.982827 ], [ 155.349578, -5.943113 ], [ 155.310296, -5.946236 ], [ 155.30138, -5.918168 ], [ 155.283481, -5.907947 ], [ 155.273845, -5.88618 ], [ 155.274772, -5.896806 ], [ 155.242956, -5.868291 ], [ 155.229086, -5.867255 ], [ 155.222717, -5.852333 ], [ 155.207854, -5.86681 ], [ 155.192554, -5.855989 ], [ 155.183206, -5.83566 ], [ 155.190587, -5.821524 ], [ 155.167491, -5.79219 ], [ 155.173943, -5.782551 ], [ 155.167778, -5.763625 ], [ 155.176848, -5.74373 ], [ 155.170112, -5.724231 ], [ 155.154441, -5.723657 ], [ 155.130372, -5.701263 ], [ 155.109886, -5.653367 ], [ 155.082029, -5.6205 ], [ 155.074311, -5.582326 ], [ 155.050955, -5.571852 ], [ 155.062338, -5.553949 ], [ 155.053967, -5.548261 ], [ 155.065418, -5.550573 ], [ 155.065044, -5.539564 ], [ 155.034313, -5.531145 ], [ 155.017047, -5.557469 ], [ 155.007007, -5.532476 ], [ 154.939751, -5.534938 ], [ 154.919004, -5.526744 ], [ 154.907564, -5.536593 ], [ 154.891401, -5.526346 ], [ 154.882194, -5.546639 ], [ 154.875586, -5.525299 ], [ 154.854334, -5.524968 ], [ 154.836582, -5.493929 ], [ 154.813941, -5.504715 ], [ 154.809813, -5.488064 ], [ 154.773195, -5.469043 ], [ 154.769938, -5.454116 ], [ 154.716771, -5.407885 ], [ 154.706121, -5.406227 ], [ 154.671511, -5.434324 ], [ 154.680531, -5.452666 ], [ 154.704127, -5.457697 ], [ 154.727921, -5.493478 ], [ 154.746037, -5.494513 ], [ 154.757444, -5.523072 ], [ 154.754273, -5.534096 ], [ 154.771582, -5.541128 ], [ 154.777012, -5.557265 ], [ 154.766733, -5.542381 ], [ 154.757822, -5.542438 ], [ 154.76, -5.569734 ], [ 154.745633, -5.582942 ], [ 154.741276, -5.563527 ], [ 154.720827, -5.557906 ], [ 154.737471, -5.600341 ], [ 154.713866, -5.643893 ], [ 154.718526, -5.70221 ], [ 154.694605, -5.741157 ], [ 154.697029, -5.761837 ], [ 154.723685, -5.794721 ], [ 154.744941, -5.839136 ], [ 154.748709, -5.865755 ], [ 154.729864, -5.893274 ], [ 154.742369, -5.937722 ], [ 154.804234, -5.98849 ], [ 154.817089, -6.020875 ], [ 154.856863, -6.034128 ], [ 154.865877, -6.049587 ], [ 154.92444, -6.076211 ], [ 154.946128, -6.094458 ], [ 154.96226, -6.120067 ], [ 154.957841, -6.142945 ], [ 154.968906, -6.193447 ], [ 155.024652, -6.221453 ], [ 155.037801, -6.246457 ], [ 155.077468, -6.252485 ], [ 155.099415, -6.265264 ], [ 155.154693, -6.269485 ], [ 155.204125, -6.303134 ], [ 155.223681, -6.34572 ], [ 155.213465, -6.367624 ], [ 155.236427, -6.426834 ], [ 155.227152, -6.413495 ], [ 155.228632, -6.441061 ], [ 155.196283, -6.526777 ], [ 155.166827, -6.510105 ], [ 155.156851, -6.511946 ], [ 155.156236, -6.521376 ], [ 155.249773, -6.635205 ], [ 155.304753, -6.678956 ], [ 155.336164, -6.724402 ], [ 155.402313, -6.759826 ], [ 155.516616, -6.838261 ], [ 155.6311, -6.862678 ], [ 155.645717, -6.853381 ], [ 155.641201, -6.848609 ], [ 155.653167, -6.848156 ], [ 155.707515, -6.878184 ], [ 155.733688, -6.834898 ], [ 155.818087, -6.761 ], [ 155.855712, -6.749504 ], [ 155.863263, -6.758924 ], [ 155.862857, -6.780759 ], [ 155.86949, -6.782427 ], [ 155.896922, -6.755496 ], [ 155.913317, -6.714581 ], [ 155.923535, -6.734027 ], [ 155.921074, -6.751287 ], [ 155.914267, -6.764264 ], [ 155.901672, -6.774703 ], [ 155.907309, -6.796485 ], [ 155.914532, -6.799874 ], [ 155.917601, -6.786356 ], [ 155.949919, -6.758808 ], [ 155.955108, -6.721426 ], [ 155.968236, -6.706381 ], [ 155.966376, -6.688877 ], [ 155.946225, -6.66463 ], [ 155.951537, -6.667452 ], [ 155.921535, -6.595878 ], [ 155.927351, -6.520045 ], [ 155.919752, -6.513444 ], [ 155.924971, -6.515131 ] ] ], [ [ [ 154.515954, -5.124811 ], [ 154.552281, -5.09642 ], [ 154.55828, -5.094742 ], [ 154.569877, -5.108392 ], [ 154.570817, -5.121607 ], [ 154.557095, -5.133763 ], [ 154.567813, -5.149218 ], [ 154.559796, -5.154156 ], [ 154.566479, -5.167339 ], [ 154.56078, -5.175427 ], [ 154.570438, -5.204975 ], [ 154.550106, -5.217747 ], [ 154.555005, -5.270329 ], [ 154.576325, -5.328266 ], [ 154.57733, -5.353558 ], [ 154.601679, -5.388478 ], [ 154.602063, -5.410297 ], [ 154.615688, -5.416721 ], [ 154.613172, -5.428606 ], [ 154.599978, -5.411651 ], [ 154.618753, -5.456782 ], [ 154.633888, -5.440019 ], [ 154.638322, -5.411537 ], [ 154.649778, -5.404129 ], [ 154.655283, -5.412001 ], [ 154.646208, -5.445007 ], [ 154.679191, -5.420478 ], [ 154.680136, -5.385983 ], [ 154.690679, -5.370971 ], [ 154.684533, -5.352322 ], [ 154.691398, -5.298522 ], [ 154.709685, -5.231712 ], [ 154.71023, -5.178817 ], [ 154.696627, -5.162514 ], [ 154.675898, -5.155743 ], [ 154.668921, -5.142271 ], [ 154.677763, -5.083281 ], [ 154.65486, -5.04778 ], [ 154.649193, -5.013603 ], [ 154.62528, -5.000522 ], [ 154.606343, -5.004951 ], [ 154.527272, -5.095136 ], [ 154.515954, -5.124811 ] ] ], [ [ [ 154.169089, -4.459495 ], [ 154.185714, -4.460853 ], [ 154.214816, -4.479955 ], [ 154.231159, -4.529314 ], [ 154.231366, -4.568132 ], [ 154.208924, -4.560491 ], [ 154.195606, -4.539289 ], [ 154.20003, -4.561404 ], [ 154.190107, -4.531271 ], [ 154.167297, -4.507244 ], [ 154.163625, -4.517903 ], [ 154.182628, -4.529587 ], [ 154.205643, -4.57193 ], [ 154.233694, -4.573576 ], [ 154.233569, -4.550575 ], [ 154.247658, -4.53027 ], [ 154.230459, -4.505745 ], [ 154.228529, -4.469815 ], [ 154.18162, -4.447648 ], [ 154.168135, -4.448871 ], [ 154.169089, -4.459495 ] ] ], [ [ [ 154.644153, -5.488547 ], [ 154.636497, -5.492896 ], [ 154.636634, -5.517041 ], [ 154.65552, -5.544519 ], [ 154.657021, -5.560606 ], [ 154.653365, -5.574716 ], [ 154.662045, -5.584137 ], [ 154.666829, -5.566296 ], [ 154.661056, -5.562307 ], [ 154.678422, -5.533451 ], [ 154.665431, -5.524913 ], [ 154.661532, -5.496766 ], [ 154.644153, -5.488547 ] ] ], [ [ [ 159.457278, -4.590208 ], [ 159.437434, -4.601068 ], [ 159.441714, -4.613091 ], [ 159.475567, -4.613864 ], [ 159.481793, -4.601454 ], [ 159.457278, -4.590208 ] ] ], [ [ [ 155.675305, -6.204779 ], [ 155.661914, -6.183043 ], [ 155.648409, -6.185156 ], [ 155.656952, -6.212679 ], [ 155.675305, -6.204779 ] ] ], [ [ [ 154.121918, -4.368247 ], [ 154.134683, -4.420017 ], [ 154.143945, -4.434337 ], [ 154.131906, -4.438146 ], [ 154.142547, -4.442108 ], [ 154.145952, -4.433755 ], [ 154.131052, -4.384961 ], [ 154.13032, -4.354197 ], [ 154.107975, -4.364093 ], [ 154.121918, -4.368247 ] ] ], [ [ [ 154.625842, -5.47424 ], [ 154.640083, -5.467003 ], [ 154.636554, -5.452942 ], [ 154.628527, -5.457303 ], [ 154.625842, -5.47424 ] ] ], [ [ [ 154.553283, -5.320067 ], [ 154.550736, -5.326692 ], [ 154.563228, -5.350479 ], [ 154.565771, -5.342699 ], [ 154.553283, -5.320067 ] ] ], [ [ [ 154.521625, -5.195881 ], [ 154.514975, -5.204737 ], [ 154.530517, -5.20924 ], [ 154.527302, -5.200351 ], [ 154.521625, -5.195881 ] ] ], [ [ [ 154.549481, -5.30831 ], [ 154.538208, -5.29745 ], [ 154.534501, -5.302939 ], [ 154.549481, -5.30831 ] ] ], [ [ [ 154.820703, -3.475155 ], [ 154.817967, -3.461593 ], [ 154.808333, -3.443868 ], [ 154.811349, -3.460833 ], [ 154.820703, -3.475155 ] ] ], [ [ [ 154.157879, -4.463305 ], [ 154.163688, -4.476209 ], [ 154.162727, -4.456951 ], [ 154.157879, -4.463305 ] ] ], [ [ [ 154.822131, -3.488467 ], [ 154.803544, -3.512384 ], [ 154.821096, -3.498524 ], [ 154.822131, -3.488467 ] ] ], [ [ [ 154.773598, -3.413852 ], [ 154.776545, -3.405386 ], [ 154.773827, -3.405694 ], [ 154.773598, -3.413852 ] ] ], [ [ [ 155.64478, -6.126436 ], [ 155.645582, -6.132578 ], [ 155.652112, -6.136865 ], [ 155.65207, -6.130148 ], [ 155.64478, -6.126436 ] ] ], [ [ [ 155.672228, -6.176646 ], [ 155.665639, -6.180428 ], [ 155.674017, -6.185246 ], [ 155.672228, -6.176646 ] ] ], [ [ [ 154.806564, -3.440468 ], [ 154.804357, -3.422111 ], [ 154.803556, -3.422039 ], [ 154.806564, -3.440468 ] ] ], [ [ [ 157.025972, -4.773527 ], [ 157.037053, -4.768857 ], [ 157.032682, -4.761998 ], [ 157.03182, -4.762299 ], [ 157.025972, -4.773527 ] ] ], [ [ [ 154.577201, -5.381156 ], [ 154.571181, -5.383202 ], [ 154.572668, -5.392106 ], [ 154.576673, -5.389204 ], [ 154.577201, -5.381156 ] ] ], [ [ [ 155.082854, -5.569338 ], [ 155.073678, -5.573708 ], [ 155.074563, -5.577438 ], [ 155.082854, -5.569338 ] ] ], [ [ [ 155.688976, -6.151234 ], [ 155.677619, -6.150233 ], [ 155.688705, -6.153334 ], [ 155.688976, -6.151234 ] ] ], [ [ [ 155.891416, -6.826776 ], [ 155.898301, -6.823846 ], [ 155.899308, -6.819925 ], [ 155.891416, -6.826776 ] ] ], [ [ [ 154.806075, -3.347599 ], [ 154.804421, -3.337921 ], [ 154.802313, -3.340505 ], [ 154.806075, -3.347599 ] ] ], [ [ [ 154.050649, -4.561927 ], [ 154.053173, -4.568078 ], [ 154.05711, -4.567268 ], [ 154.058221, -4.563605 ], [ 154.050649, -4.561927 ] ] ], [ [ [ 154.553757, -4.548229 ], [ 154.545905, -4.546552 ], [ 154.54927, -4.551025 ], [ 154.553757, -4.548229 ] ] ], [ [ [ 155.844685, -6.853564 ], [ 155.838865, -6.845859 ], [ 155.834574, -6.848764 ], [ 155.835739, -6.850762 ], [ 155.844685, -6.853564 ] ] ], [ [ [ 154.16611, -4.500348 ], [ 154.163175, -4.488002 ], [ 154.165255, -4.500643 ], [ 154.16611, -4.500348 ] ] ], [ [ [ 155.457203, -4.748465 ], [ 155.450013, -4.74708 ], [ 155.450346, -4.753406 ], [ 155.451779, -4.753106 ], [ 155.457203, -4.748465 ] ] ], [ [ [ 154.664355, -5.439254 ], [ 154.667556, -5.446136 ], [ 154.668659, -5.435441 ], [ 154.664355, -5.439254 ] ] ], [ [ [ 154.712403, -5.591018 ], [ 154.704918, -5.590201 ], [ 154.704349, -5.590777 ], [ 154.708987, -5.596497 ], [ 154.712403, -5.591018 ] ] ], [ [ [ 154.702402, -5.553996 ], [ 154.706735, -5.556844 ], [ 154.707853, -5.551954 ], [ 154.702402, -5.553996 ] ] ], [ [ [ 154.705413, -5.576398 ], [ 154.70538, -5.570651 ], [ 154.702526, -5.574977 ], [ 154.705413, -5.576398 ] ] ], [ [ [ 154.64083, -5.572985 ], [ 154.63498, -5.576264 ], [ 154.640142, -5.575082 ], [ 154.64083, -5.572985 ] ] ], [ [ [ 155.976413, -6.683049 ], [ 155.979549, -6.679294 ], [ 155.973509, -6.680201 ], [ 155.976413, -6.683049 ] ] ], [ [ [ 154.071402, -4.54152 ], [ 154.066073, -4.543197 ], [ 154.069719, -4.546272 ], [ 154.071402, -4.54152 ] ] ], [ [ [ 154.563918, -3.1716 ], [ 154.562611, -3.165169 ], [ 154.55935, -3.16333 ], [ 154.563918, -3.1716 ] ] ], [ [ [ 155.429443, -4.708786 ], [ 155.424435, -4.708232 ], [ 155.42911, -4.713112 ], [ 155.429443, -4.708786 ] ] ], [ [ [ 154.642961, -5.711878 ], [ 154.642062, -5.706711 ], [ 154.640362, -5.710744 ], [ 154.642961, -5.711878 ] ] ], [ [ [ 154.540656, -5.173533 ], [ 154.538617, -5.169232 ], [ 154.536911, -5.17212 ], [ 154.540656, -5.173533 ] ] ], [ [ [ 155.825011, -6.802883 ], [ 155.825253, -6.796563 ], [ 155.822959, -6.797442 ], [ 155.825011, -6.802883 ] ] ], [ [ [ 154.514496, -5.171396 ], [ 154.511012, -5.16509 ], [ 154.508999, -5.165103 ], [ 154.514496, -5.171396 ] ] ], [ [ [ 154.690967, -5.467266 ], [ 154.688972, -5.471299 ], [ 154.69299, -5.470126 ], [ 154.690967, -5.467266 ] ] ], [ [ [ 154.691337, -3.662495 ], [ 154.686851, -3.660411 ], [ 154.687277, -3.66282 ], [ 154.691337, -3.662495 ] ] ], [ [ [ 155.836209, -6.29346 ], [ 155.836814, -6.29777 ], [ 155.839693, -6.297748 ], [ 155.836209, -6.29346 ] ] ], [ [ [ 155.027062, -6.244488 ], [ 155.028182, -6.239594 ], [ 155.025588, -6.238751 ], [ 155.027062, -6.244488 ] ] ], [ [ [ 154.69629, -5.589393 ], [ 154.695402, -5.584796 ], [ 154.692533, -5.586537 ], [ 154.69629, -5.589393 ] ] ], [ [ [ 154.760561, -3.394198 ], [ 154.757934, -3.389482 ], [ 154.759202, -3.394353 ], [ 154.760561, -3.394198 ] ] ], [ [ [ 155.305793, -4.72432 ], [ 155.301786, -4.727204 ], [ 155.30557, -4.728202 ], [ 155.305793, -4.72432 ] ] ], [ [ [ 154.753128, -3.380076 ], [ 154.752142, -3.375484 ], [ 154.749706, -3.376922 ], [ 154.753128, -3.380076 ] ] ], [ [ [ 155.454584, -4.784429 ], [ 155.451396, -4.780426 ], [ 155.449121, -4.783607 ], [ 155.454584, -4.784429 ] ] ], [ [ [ 155.307504, -4.692628 ], [ 155.307483, -4.689471 ], [ 155.302886, -4.689789 ], [ 155.307504, -4.692628 ] ] ], [ [ [ 154.648595, -5.545997 ], [ 154.645601, -5.547744 ], [ 154.648604, -5.547147 ], [ 154.648595, -5.545997 ] ] ], [ [ [ 155.450701, -4.770232 ], [ 155.447919, -4.772228 ], [ 155.450813, -4.773892 ], [ 155.450701, -4.770232 ] ] ], [ [ [ 154.605123, -5.732805 ], [ 154.603374, -5.728792 ], [ 154.602232, -5.730525 ], [ 154.605123, -5.732805 ] ] ], [ [ [ 155.917321, -6.749594 ], [ 155.916714, -6.74586 ], [ 155.914995, -6.747309 ], [ 155.917321, -6.749594 ] ] ], [ [ [ 155.973854, -6.460432 ], [ 155.972948, -6.454981 ], [ 155.971799, -6.455281 ], [ 155.973854, -6.460432 ] ] ], [ [ [ 154.558706, -5.114208 ], [ 154.555531, -5.112212 ], [ 154.556702, -5.115366 ], [ 154.558706, -5.114208 ] ] ], [ [ [ 155.517919, -6.066914 ], [ 155.521957, -6.072503 ], [ 155.522449, -6.068872 ], [ 155.517919, -6.066914 ] ] ], [ [ [ 155.828203, -6.300707 ], [ 155.825889, -6.298138 ], [ 155.824746, -6.299586 ], [ 155.828203, -6.300707 ] ] ], [ [ [ 155.334507, -4.659539 ], [ 155.331614, -4.660094 ], [ 155.334285, -4.662978 ], [ 155.334507, -4.659539 ] ] ], [ [ [ 155.63328, -6.161428 ], [ 155.630678, -6.15915 ], [ 155.630111, -6.160587 ], [ 155.63328, -6.161428 ] ] ], [ [ [ 155.507124, -6.057203 ], [ 155.509737, -6.061049 ], [ 155.508266, -6.056043 ], [ 155.507124, -6.057203 ] ] ], [ [ [ 154.566514, -3.16296 ], [ 154.56492, -3.159942 ], [ 154.563025, -3.160189 ], [ 154.566514, -3.16296 ] ] ], [ [ [ 155.654317, -6.166441 ], [ 155.650274, -6.16446 ], [ 155.649707, -6.165327 ], [ 155.654317, -6.166441 ] ] ], [ [ [ 154.701816, -5.551702 ], [ 154.701214, -5.547686 ], [ 154.700077, -5.549992 ], [ 154.701816, -5.551702 ] ] ], [ [ [ 154.694314, -5.547439 ], [ 154.693137, -5.542563 ], [ 154.692281, -5.543428 ], [ 154.694314, -5.547439 ] ] ], [ [ [ 154.706267, -5.478376 ], [ 154.706863, -5.482112 ], [ 154.708296, -5.481528 ], [ 154.706267, -5.478376 ] ] ], [ [ [ 154.572874, -5.427751 ], [ 154.571705, -5.424306 ], [ 154.571725, -5.428329 ], [ 154.572874, -5.427751 ] ] ], [ [ [ 154.630789, -3.234208 ], [ 154.630275, -3.232504 ], [ 154.628393, -3.234708 ], [ 154.630789, -3.234208 ] ] ], [ [ [ 155.421422, -4.681162 ], [ 155.418819, -4.679169 ], [ 155.4197, -4.682036 ], [ 155.421422, -4.681162 ] ] ], [ [ [ 154.620277, -3.229539 ], [ 154.620525, -3.227229 ], [ 154.61889, -3.227275 ], [ 154.620277, -3.229539 ] ] ], [ [ [ 155.831653, -6.805126 ], [ 155.831917, -6.801967 ], [ 155.830482, -6.802844 ], [ 155.831653, -6.805126 ] ] ], [ [ [ 154.549, -5.124899 ], [ 154.548978, -5.121452 ], [ 154.54785, -5.124909 ], [ 154.549, -5.124899 ] ] ], [ [ [ 154.657261, -5.601992 ], [ 154.656962, -5.599409 ], [ 154.655823, -5.601426 ], [ 154.657261, -5.601992 ] ] ], [ [ [ 157.034629, -4.755078 ], [ 157.033456, -4.752215 ], [ 157.032899, -4.754233 ], [ 157.034629, -4.755078 ] ] ], [ [ [ 154.555089, -5.284413 ], [ 154.554777, -5.280388 ], [ 154.553635, -5.281551 ], [ 154.555089, -5.284413 ] ] ], [ [ [ 155.423767, -4.68862 ], [ 155.422602, -4.686328 ], [ 155.422036, -4.687481 ], [ 155.423767, -4.68862 ] ] ], [ [ [ 154.802696, -3.442751 ], [ 154.803512, -3.439983 ], [ 154.802202, -3.440349 ], [ 154.802696, -3.442751 ] ] ], [ [ [ 155.526657, -6.090589 ], [ 155.527183, -6.086937 ], [ 155.52432, -6.084121 ], [ 155.526657, -6.090589 ] ] ], [ [ [ 154.800129, -3.38259 ], [ 154.800986, -3.378152 ], [ 154.80048, -3.377759 ], [ 154.800129, -3.38259 ] ] ], [ [ [ 154.743892, -3.359189 ], [ 154.742551, -3.361286 ], [ 154.743899, -3.360684 ], [ 154.743892, -3.359189 ] ] ], [ [ [ 154.197459, -4.419754 ], [ 154.195356, -4.421432 ], [ 154.19788, -4.421991 ], [ 154.197459, -4.419754 ] ] ], [ [ [ 154.749806, -3.371538 ], [ 154.749531, -3.368907 ], [ 154.748738, -3.371313 ], [ 154.749806, -3.371538 ] ] ], [ [ [ 154.735101, -5.540857 ], [ 154.735087, -5.538557 ], [ 154.734231, -5.539422 ], [ 154.735101, -5.540857 ] ] ], [ [ [ 154.737749, -3.337074 ], [ 154.736803, -3.3341 ], [ 154.736864, -3.337925 ], [ 154.737749, -3.337074 ] ] ], [ [ [ 154.597482, -5.556376 ], [ 154.596886, -5.552354 ], [ 154.596311, -5.552641 ], [ 154.597482, -5.556376 ] ] ], [ [ [ 154.106032, -4.376755 ], [ 154.105157, -4.374174 ], [ 154.104584, -4.374752 ], [ 154.106032, -4.376755 ] ] ], [ [ [ 154.639897, -5.532832 ], [ 154.639306, -5.530245 ], [ 154.638745, -5.532837 ], [ 154.639897, -5.532832 ] ] ], [ [ [ 154.603447, -3.179447 ], [ 154.603977, -3.177581 ], [ 154.602406, -3.178551 ], [ 154.603447, -3.179447 ] ] ], [ [ [ 154.58343, -3.19648 ], [ 154.583698, -3.194627 ], [ 154.582344, -3.195044 ], [ 154.58343, -3.19648 ] ] ], [ [ [ 154.611797, -5.545649 ], [ 154.610063, -5.545089 ], [ 154.610937, -5.546804 ], [ 154.611797, -5.545649 ] ] ], [ [ [ 154.554143, -5.120844 ], [ 154.553561, -5.118836 ], [ 154.552701, -5.119706 ], [ 154.554143, -5.120844 ] ] ], [ [ [ 154.578989, -3.169496 ], [ 154.579202, -3.167512 ], [ 154.578295, -3.16783 ], [ 154.578989, -3.169496 ] ] ], [ [ [ 154.10111, -4.368156 ], [ 154.100809, -4.36557 ], [ 154.09995, -4.366153 ], [ 154.10111, -4.368156 ] ] ], [ [ [ 154.652902, -5.447091 ], [ 154.652888, -5.444791 ], [ 154.651748, -5.446524 ], [ 154.652902, -5.447091 ] ] ], [ [ [ 154.702367, -5.498814 ], [ 154.702066, -5.496803 ], [ 154.701497, -5.497379 ], [ 154.702367, -5.498814 ] ] ], [ [ [ 157.035987, -4.746726 ], [ 157.033116, -4.746465 ], [ 157.033122, -4.747614 ], [ 157.035987, -4.746726 ] ] ], [ [ [ 154.803793, -3.368023 ], [ 154.80341, -3.365984 ], [ 154.802386, -3.367162 ], [ 154.803793, -3.368023 ] ] ], [ [ [ 154.808006, -3.350374 ], [ 154.80613, -3.349889 ], [ 154.806329, -3.351049 ], [ 154.808006, -3.350374 ] ] ], [ [ [ 154.615105, -3.182858 ], [ 154.615891, -3.181006 ], [ 154.614388, -3.181459 ], [ 154.615105, -3.182858 ] ] ], [ [ [ 155.569317, -6.143724 ], [ 155.569564, -6.141502 ], [ 155.567247, -6.1397 ], [ 155.569317, -6.143724 ] ] ], [ [ [ 157.029267, -4.73414 ], [ 157.027822, -4.732719 ], [ 157.027258, -4.733872 ], [ 157.029267, -4.73414 ] ] ], [ [ [ 157.026376, -4.731292 ], [ 157.026933, -4.729274 ], [ 157.02522, -4.730728 ], [ 157.026376, -4.731292 ] ] ], [ [ [ 154.604809, -5.531028 ], [ 154.603936, -5.529602 ], [ 154.603368, -5.530471 ], [ 154.604809, -5.531028 ] ] ], [ [ [ 154.671296, -5.446687 ], [ 154.671886, -5.448984 ], [ 154.672454, -5.448116 ], [ 154.671296, -5.446687 ] ] ], [ [ [ 154.699185, -5.544538 ], [ 154.701195, -5.544235 ], [ 154.699753, -5.543669 ], [ 154.699185, -5.544538 ] ] ], [ [ [ 154.606016, -3.219345 ], [ 154.605969, -3.217675 ], [ 154.604893, -3.218227 ], [ 154.606016, -3.219345 ] ] ], [ [ [ 154.714929, -5.533226 ], [ 154.715209, -5.531213 ], [ 154.714067, -5.532657 ], [ 154.714929, -5.533226 ] ] ], [ [ [ 154.636488, -3.222528 ], [ 154.637337, -3.220747 ], [ 154.636718, -3.220601 ], [ 154.636488, -3.222528 ] ] ], [ [ [ 154.635749, -3.217881 ], [ 154.636856, -3.216576 ], [ 154.636232, -3.216144 ], [ 154.635749, -3.217881 ] ] ], [ [ [ 154.561209, -5.149836 ], [ 154.560911, -5.1484 ], [ 154.560056, -5.149269 ], [ 154.561209, -5.149836 ] ] ], [ [ [ 154.623725, -3.193039 ], [ 154.622759, -3.191499 ], [ 154.623314, -3.193087 ], [ 154.623725, -3.193039 ] ] ], [ [ [ 155.704384, -6.247083 ], [ 155.704662, -6.245644 ], [ 155.703516, -6.246228 ], [ 155.704384, -6.247083 ] ] ], [ [ [ 155.12157, -6.283542 ], [ 155.121509, -6.280506 ], [ 155.120531, -6.281492 ], [ 155.12157, -6.283542 ] ] ], [ [ [ 154.626516, -5.605635 ], [ 154.625935, -5.604203 ], [ 154.625649, -5.604777 ], [ 154.626516, -5.605635 ] ] ], [ [ [ 154.803854, -3.375558 ], [ 154.803032, -3.374913 ], [ 154.803006, -3.375629 ], [ 154.803854, -3.375558 ] ] ], [ [ [ 154.806925, -3.403515 ], [ 154.806479, -3.402228 ], [ 154.806427, -3.403436 ], [ 154.806925, -3.403515 ] ] ], [ [ [ 157.031298, -4.736419 ], [ 157.031859, -4.734689 ], [ 157.030433, -4.736138 ], [ 157.031298, -4.736419 ] ] ], [ [ [ 155.573121, -6.115329 ], [ 155.572532, -6.113893 ], [ 155.572248, -6.114474 ], [ 155.573121, -6.115329 ] ] ], [ [ [ 155.03195, -6.243882 ], [ 155.033099, -6.243586 ], [ 155.03252, -6.243305 ], [ 155.03195, -6.243882 ] ] ], [ [ [ 154.803213, -3.36182 ], [ 154.80399, -3.360407 ], [ 154.803734, -3.360173 ], [ 154.803213, -3.36182 ] ] ], [ [ [ 154.631461, -5.71252 ], [ 154.630304, -5.711379 ], [ 154.630598, -5.712817 ], [ 154.631461, -5.71252 ] ] ], [ [ [ 155.11961, -6.278759 ], [ 155.118819, -6.279821 ], [ 155.119657, -6.279324 ], [ 155.11961, -6.278759 ] ] ], [ [ [ 154.622219, -3.18921 ], [ 154.62317, -3.18905 ], [ 154.622678, -3.188489 ], [ 154.622219, -3.18921 ] ] ], [ [ [ 154.805693, -3.401422 ], [ 154.805805, -3.399859 ], [ 154.80518, -3.401102 ], [ 154.805693, -3.401422 ] ] ], [ [ [ 154.561227, -5.103552 ], [ 154.56008, -5.103273 ], [ 154.560653, -5.103843 ], [ 154.561227, -5.103552 ] ] ], [ [ [ 154.620381, -3.18737 ], [ 154.620955, -3.186101 ], [ 154.620133, -3.186255 ], [ 154.620381, -3.18737 ] ] ], [ [ [ 154.711051, -5.557966 ], [ 154.71047, -5.556823 ], [ 154.710185, -5.557401 ], [ 154.711051, -5.557966 ] ] ], [ [ [ 154.202346, -4.511367 ], [ 154.201191, -4.510795 ], [ 154.20149, -4.511658 ], [ 154.202346, -4.511367 ] ] ], [ [ [ 155.711102, -6.89653 ], [ 155.709664, -6.896542 ], [ 155.709954, -6.897119 ], [ 155.711102, -6.89653 ] ] ], [ [ [ 154.558868, -5.292152 ], [ 154.558002, -5.291583 ], [ 154.558298, -5.292447 ], [ 154.558868, -5.292152 ] ] ], [ [ [ 154.714511, -5.559672 ], [ 154.713648, -5.559099 ], [ 154.713936, -5.55996 ], [ 154.714511, -5.559672 ] ] ], [ [ [ 154.712059, -5.582106 ], [ 154.711196, -5.581536 ], [ 154.711484, -5.582397 ], [ 154.712059, -5.582106 ] ] ], [ [ [ 154.703357, -5.569226 ], [ 154.703066, -5.568361 ], [ 154.70278, -5.56894 ], [ 154.703357, -5.569226 ] ] ], [ [ [ 154.652959, -5.554309 ], [ 154.652667, -5.553449 ], [ 154.652382, -5.554027 ], [ 154.652959, -5.554309 ] ] ], [ [ [ 157.028725, -4.737307 ], [ 157.028427, -4.736446 ], [ 157.028147, -4.737027 ], [ 157.028725, -4.737307 ] ] ], [ [ [ 154.653521, -5.552001 ], [ 154.653811, -5.552577 ], [ 154.654097, -5.551999 ], [ 154.653521, -5.552001 ] ] ], [ [ [ 154.653862, -5.560625 ], [ 154.654152, -5.561201 ], [ 154.654433, -5.560623 ], [ 154.653862, -5.560625 ] ] ] ] } },
{ "type": "Feature", "properties": { "FID": 13, "PROVID": "OCNPNG004017", "PROVNAME": "New Ireland" }, "geometry": { "type": "MultiPolygon", "coordinates": [ [ [ [ 151.427279, -3.057198 ], [ 151.443038, -3.093607 ], [ 151.465543, -3.116795 ], [ 151.543364, -3.142597 ], [ 151.558069, -3.155868 ], [ 151.591262, -3.161061 ], [ 151.623932, -3.181738 ], [ 151.719071, -3.303979 ], [ 151.79915, -3.341308 ], [ 151.831525, -3.374207 ], [ 151.840924, -3.371286 ], [ 151.854616, -3.382569 ], [ 151.856054, -3.393194 ], [ 151.896996, -3.41323 ], [ 151.90688, -3.432154 ], [ 151.932638, -3.433882 ], [ 151.935242, -3.443538 ], [ 151.971044, -3.449373 ], [ 151.977155, -3.458899 ], [ 151.998826, -3.442374 ], [ 152.010879, -3.446797 ], [ 152.016045, -3.459224 ], [ 152.037906, -3.470339 ], [ 152.055433, -3.465665 ], [ 152.069301, -3.479114 ], [ 152.121106, -3.489051 ], [ 152.141677, -3.480965 ], [ 152.2223, -3.532096 ], [ 152.227117, -3.553397 ], [ 152.264968, -3.566394 ], [ 152.28887, -3.593344 ], [ 152.294983, -3.614435 ], [ 152.344286, -3.643727 ], [ 152.340681, -3.684892 ], [ 152.356378, -3.710439 ], [ 152.414159, -3.768847 ], [ 152.425532, -3.798004 ], [ 152.446987, -3.824049 ], [ 152.478647, -3.84729 ], [ 152.497459, -3.85112 ], [ 152.529152, -3.907187 ], [ 152.532128, -3.928414 ], [ 152.547654, -3.946695 ], [ 152.562587, -3.951321 ], [ 152.595799, -4.024296 ], [ 152.609029, -4.03345 ], [ 152.612592, -4.089415 ], [ 152.633369, -4.102083 ], [ 152.641784, -4.129941 ], [ 152.682709, -4.177821 ], [ 152.669321, -4.208057 ], [ 152.682051, -4.236189 ], [ 152.679313, -4.276167 ], [ 152.687988, -4.294822 ], [ 152.677181, -4.323328 ], [ 152.682229, -4.373627 ], [ 152.672356, -4.425123 ], [ 152.655737, -4.436107 ], [ 152.648037, -4.452235 ], [ 152.673739, -4.494698 ], [ 152.667493, -4.515998 ], [ 152.674801, -4.551624 ], [ 152.707612, -4.574218 ], [ 152.717647, -4.651238 ], [ 152.726321, -4.668459 ], [ 152.769444, -4.678656 ], [ 152.800631, -4.726266 ], [ 152.790285, -4.724576 ], [ 152.788602, -4.734934 ], [ 152.805543, -4.733435 ], [ 152.831809, -4.768988 ], [ 152.857086, -4.768607 ], [ 152.852237, -4.777254 ], [ 152.873333, -4.811094 ], [ 152.875094, -4.822305 ], [ 152.866196, -4.82492 ], [ 152.876625, -4.848749 ], [ 152.895798, -4.827683 ], [ 152.886519, -4.802999 ], [ 152.893683, -4.79866 ], [ 152.891921, -4.787738 ], [ 152.903675, -4.78108 ], [ 152.927568, -4.795079 ], [ 152.920611, -4.778718 ], [ 152.962734, -4.749806 ], [ 152.973005, -4.731077 ], [ 152.968339, -4.712693 ], [ 152.981814, -4.706891 ], [ 152.989773, -4.685009 ], [ 153.00039, -4.680943 ], [ 153.0053, -4.688972 ], [ 153.01389, -4.681752 ], [ 153.010934, -4.659628 ], [ 153.018871, -4.630563 ], [ 153.058952, -4.598202 ], [ 153.054721, -4.544737 ], [ 153.060114, -4.52804 ], [ 153.043147, -4.521497 ], [ 153.029293, -4.503726 ], [ 153.022353, -4.491103 ], [ 153.024871, -4.473554 ], [ 153.052882, -4.424068 ], [ 153.117226, -4.373128 ], [ 153.100139, -4.336103 ], [ 153.110408, -4.319674 ], [ 153.114535, -4.272791 ], [ 153.102343, -4.240062 ], [ 153.08588, -4.2154 ], [ 153.053125, -4.206532 ], [ 153.031805, -4.186004 ], [ 153.036266, -4.152343 ], [ 153.015767, -4.140406 ], [ 153.003903, -4.096695 ], [ 152.994544, -4.095984 ], [ 152.989208, -4.081227 ], [ 152.941398, -4.036556 ], [ 152.942127, -4.001222 ], [ 152.931223, -3.977503 ], [ 152.919021, -3.978662 ], [ 152.897052, -3.997296 ], [ 152.847281, -3.974849 ], [ 152.841686, -3.951973 ], [ 152.822932, -3.935509 ], [ 152.826167, -3.921864 ], [ 152.812865, -3.881066 ], [ 152.818444, -3.863807 ], [ 152.789228, -3.855565 ], [ 152.765201, -3.886894 ], [ 152.741149, -3.889453 ], [ 152.734791, -3.880395 ], [ 152.727339, -3.884888 ], [ 152.704468, -3.872654 ], [ 152.682074, -3.872251 ], [ 152.672002, -3.851991 ], [ 152.645466, -3.84062 ], [ 152.647831, -3.831036 ], [ 152.638001, -3.822621 ], [ 152.616678, -3.819248 ], [ 152.594598, -3.826295 ], [ 152.552389, -3.811773 ], [ 152.550592, -3.798686 ], [ 152.529344, -3.781912 ], [ 152.544665, -3.757332 ], [ 152.541658, -3.741804 ], [ 152.514449, -3.705692 ], [ 152.491224, -3.640113 ], [ 152.475421, -3.635872 ], [ 152.448621, -3.660127 ], [ 152.426603, -3.656941 ], [ 152.420011, -3.670188 ], [ 152.413752, -3.6775 ], [ 152.415889, -3.656708 ], [ 152.390391, -3.599486 ], [ 152.369414, -3.585325 ], [ 152.348836, -3.583149 ], [ 152.356961, -3.550247 ], [ 152.351114, -3.53487 ], [ 152.19861, -3.450353 ], [ 152.17756, -3.416724 ], [ 152.159229, -3.409164 ], [ 152.103136, -3.320204 ], [ 152.077111, -3.307503 ], [ 152.069182, -3.29275 ], [ 152.04778, -3.279794 ], [ 152.041091, -3.258468 ], [ 152.050203, -3.250389 ], [ 152.047127, -3.241701 ], [ 152.024997, -3.248751 ], [ 152.007082, -3.231474 ], [ 151.992013, -3.228844 ], [ 151.956626, -3.239118 ], [ 151.939855, -3.203444 ], [ 151.906382, -3.197097 ], [ 151.885036, -3.201499 ], [ 151.853075, -3.184123 ], [ 151.800067, -3.191438 ], [ 151.771531, -3.159608 ], [ 151.771628, -3.12904 ], [ 151.752295, -3.140083 ], [ 151.732988, -3.135159 ], [ 151.712279, -3.117559 ], [ 151.704547, -3.08895 ], [ 151.680322, -3.066192 ], [ 151.671996, -3.046389 ], [ 151.653622, -3.039735 ], [ 151.638303, -3.044727 ], [ 151.598514, -3.017529 ], [ 151.583082, -3.022624 ], [ 151.562634, -2.994159 ], [ 151.539874, -2.996875 ], [ 151.509904, -2.97028 ], [ 151.483766, -2.974631 ], [ 151.454618, -2.946939 ], [ 151.454285, -2.931058 ], [ 151.439136, -2.926269 ], [ 151.413474, -2.901429 ], [ 151.392702, -2.896236 ], [ 151.378638, -2.904908 ], [ 151.342566, -2.905634 ], [ 151.330106, -2.878174 ], [ 151.298426, -2.868032 ], [ 151.261837, -2.872256 ], [ 151.253347, -2.8812 ], [ 151.213444, -2.874145 ], [ 151.183065, -2.850946 ], [ 151.186482, -2.804579 ], [ 151.180355, -2.796211 ], [ 151.165226, -2.796855 ], [ 151.158645, -2.778772 ], [ 151.122504, -2.779791 ], [ 151.114807, -2.765889 ], [ 151.088965, -2.761343 ], [ 151.081763, -2.74153 ], [ 151.053598, -2.745952 ], [ 151.037076, -2.702132 ], [ 151.020749, -2.687411 ], [ 150.949146, -2.683533 ], [ 150.929625, -2.65245 ], [ 150.900164, -2.642363 ], [ 150.872519, -2.610118 ], [ 150.847137, -2.607186 ], [ 150.816234, -2.562317 ], [ 150.794413, -2.556758 ], [ 150.776021, -2.616723 ], [ 150.789188, -2.614883 ], [ 150.820999, -2.648816 ], [ 150.843326, -2.64632 ], [ 150.842659, -2.635689 ], [ 150.85337, -2.647956 ], [ 150.854991, -2.636728 ], [ 150.862149, -2.636378 ], [ 150.871158, -2.650965 ], [ 150.866915, -2.657038 ], [ 150.849756, -2.660639 ], [ 150.846016, -2.658949 ], [ 150.842983, -2.672778 ], [ 150.848182, -2.677331 ], [ 150.858702, -2.668036 ], [ 150.891483, -2.680827 ], [ 150.856918, -2.693068 ], [ 150.875036, -2.700671 ], [ 150.848413, -2.703783 ], [ 150.84004, -2.696384 ], [ 150.836563, -2.70437 ], [ 150.828788, -2.698287 ], [ 150.828378, -2.706259 ], [ 150.818668, -2.693266 ], [ 150.807594, -2.704864 ], [ 150.81127, -2.715899 ], [ 150.800894, -2.709094 ], [ 150.790938, -2.717234 ], [ 150.787494, -2.740474 ], [ 150.781886, -2.730828 ], [ 150.728537, -2.708724 ], [ 150.712787, -2.726831 ], [ 150.70108, -2.731532 ], [ 150.71896, -2.744608 ], [ 150.718731, -2.75122 ], [ 150.812774, -2.789788 ], [ 150.853431, -2.78569 ], [ 150.857066, -2.775304 ], [ 150.885808, -2.769013 ], [ 150.907312, -2.769973 ], [ 150.901047, -2.757951 ], [ 150.924427, -2.77729 ], [ 150.966634, -2.786402 ], [ 150.979051, -2.779611 ], [ 151.026003, -2.830199 ], [ 151.039061, -2.82443 ], [ 151.055307, -2.835837 ], [ 151.10307, -2.845842 ], [ 151.108049, -2.864884 ], [ 151.127231, -2.878713 ], [ 151.14278, -2.905001 ], [ 151.170916, -2.901803 ], [ 151.233055, -2.955869 ], [ 151.250566, -2.956273 ], [ 151.292, -2.990842 ], [ 151.341678, -3.004025 ], [ 151.391121, -3.040686 ], [ 151.427279, -3.057198 ] ] ], [ [ [ 149.942252, -2.468364 ], [ 149.958552, -2.502161 ], [ 150.006759, -2.512426 ], [ 150.021282, -2.501098 ], [ 150.036639, -2.52283 ], [ 150.050413, -2.525882 ], [ 150.053636, -2.534767 ], [ 150.062214, -2.532357 ], [ 150.060333, -2.548806 ], [ 150.086921, -2.57821 ], [ 150.083154, -2.591035 ], [ 150.096971, -2.617804 ], [ 150.126142, -2.647193 ], [ 150.162953, -2.664149 ], [ 150.172256, -2.680462 ], [ 150.203126, -2.671306 ], [ 150.203866, -2.663006 ], [ 150.225798, -2.67572 ], [ 150.244207, -2.660194 ], [ 150.260102, -2.665952 ], [ 150.274116, -2.657581 ], [ 150.278583, -2.665081 ], [ 150.315461, -2.672111 ], [ 150.312557, -2.662935 ], [ 150.332924, -2.652846 ], [ 150.340306, -2.662133 ], [ 150.344542, -2.653169 ], [ 150.342081, -2.669016 ], [ 150.363182, -2.656189 ], [ 150.371528, -2.660724 ], [ 150.340818, -2.672333 ], [ 150.342887, -2.679505 ], [ 150.37475, -2.669609 ], [ 150.383616, -2.659455 ], [ 150.440673, -2.654107 ], [ 150.451326, -2.643093 ], [ 150.436222, -2.618201 ], [ 150.443684, -2.620156 ], [ 150.441079, -2.616724 ], [ 150.441549, -2.60436 ], [ 150.449525, -2.598541 ], [ 150.443746, -2.592838 ], [ 150.461646, -2.540067 ], [ 150.450219, -2.526943 ], [ 150.437448, -2.558594 ], [ 150.439065, -2.476718 ], [ 150.421913, -2.481176 ], [ 150.422709, -2.473694 ], [ 150.408006, -2.462604 ], [ 150.366712, -2.458193 ], [ 150.330373, -2.427018 ], [ 150.267227, -2.412014 ], [ 150.258493, -2.39397 ], [ 150.245609, -2.394655 ], [ 150.238069, -2.383787 ], [ 150.215181, -2.383755 ], [ 150.196338, -2.358539 ], [ 150.159814, -2.376083 ], [ 150.170513, -2.38893 ], [ 150.151908, -2.390809 ], [ 150.140943, -2.380546 ], [ 150.143618, -2.405118 ], [ 150.10482, -2.394922 ], [ 150.103928, -2.409018 ], [ 150.086225, -2.418732 ], [ 150.085005, -2.406865 ], [ 150.066937, -2.403849 ], [ 150.049287, -2.418071 ], [ 150.053658, -2.431077 ], [ 150.025664, -2.437522 ], [ 150.01089, -2.454027 ], [ 149.999991, -2.452386 ], [ 149.969925, -2.491147 ], [ 149.963858, -2.484726 ], [ 149.971214, -2.472164 ], [ 149.961107, -2.461607 ], [ 149.967914, -2.45321 ], [ 149.959029, -2.45242 ], [ 149.942252, -2.468364 ] ] ], [ [ [ 149.514342, -1.441237 ], [ 149.548939, -1.452126 ], [ 149.576793, -1.486114 ], [ 149.612852, -1.50668 ], [ 149.625972, -1.520804 ], [ 149.650846, -1.517751 ], [ 149.656188, -1.493352 ], [ 149.689063, -1.539879 ], [ 149.702955, -1.521673 ], [ 149.722073, -1.534174 ], [ 149.748031, -1.522918 ], [ 149.730405, -1.497923 ], [ 149.717329, -1.491972 ], [ 149.719512, -1.478165 ], [ 149.709235, -1.468069 ], [ 149.709916, -1.456398 ], [ 149.694427, -1.43195 ], [ 149.695308, -1.415425 ], [ 149.679652, -1.387383 ], [ 149.634206, -1.35382 ], [ 149.615588, -1.351083 ], [ 149.579029, -1.319466 ], [ 149.542982, -1.31915 ], [ 149.545538, -1.357052 ], [ 149.527317, -1.369396 ], [ 149.523203, -1.394275 ], [ 149.505068, -1.418541 ], [ 149.514342, -1.441237 ] ] ], [ [ [ 152.520778, -3.08464 ], [ 152.527906, -3.113519 ], [ 152.542409, -3.132464 ], [ 152.559433, -3.139951 ], [ 152.562901, -3.150697 ], [ 152.550304, -3.164348 ], [ 152.564568, -3.162417 ], [ 152.560448, -3.174982 ], [ 152.582046, -3.17733 ], [ 152.59132, -3.204403 ], [ 152.601815, -3.200974 ], [ 152.621483, -3.226514 ], [ 152.636921, -3.22359 ], [ 152.646035, -3.208608 ], [ 152.64414, -3.185469 ], [ 152.659614, -3.15228 ], [ 152.661037, -3.126987 ], [ 152.653596, -3.117624 ], [ 152.641979, -3.124194 ], [ 152.632499, -3.113388 ], [ 152.641071, -3.087805 ], [ 152.629975, -3.074162 ], [ 152.638852, -3.065276 ], [ 152.630003, -3.032618 ], [ 152.572773, -3.040518 ], [ 152.550411, -3.051981 ], [ 152.520778, -3.08464 ] ] ], [ [ [ 151.916961, -2.766917 ], [ 151.905596, -2.802721 ], [ 151.922498, -2.810791 ], [ 151.911365, -2.81218 ], [ 151.912274, -2.824923 ], [ 151.923121, -2.831302 ], [ 151.929233, -2.844437 ], [ 151.936978, -2.836837 ], [ 151.941537, -2.849195 ], [ 151.955982, -2.842306 ], [ 151.966461, -2.822471 ], [ 151.994536, -2.831929 ], [ 152.003939, -2.808054 ], [ 151.98902, -2.807116 ], [ 151.983814, -2.817811 ], [ 151.979792, -2.803221 ], [ 151.994591, -2.788648 ], [ 151.993033, -2.799882 ], [ 152.004131, -2.796543 ], [ 152.004909, -2.771594 ], [ 151.997459, -2.77774 ], [ 151.993116, -2.771593 ], [ 152.005046, -2.756183 ], [ 151.976517, -2.720937 ], [ 151.916491, -2.701789 ], [ 151.908046, -2.711855 ], [ 151.923759, -2.727409 ], [ 151.917851, -2.736722 ], [ 151.933905, -2.754205 ], [ 151.927236, -2.768977 ], [ 151.916961, -2.766917 ] ] ], [ [ [ 151.948845, -2.850364 ], [ 151.941528, -2.883225 ], [ 151.960277, -2.904626 ], [ 151.98876, -2.905368 ], [ 152.0003, -2.964494 ], [ 152.014869, -2.986889 ], [ 152.038371, -2.999677 ], [ 152.049625, -2.997521 ], [ 152.069227, -2.975932 ], [ 152.075947, -2.955442 ], [ 152.074339, -2.932266 ], [ 152.063862, -2.916896 ], [ 152.038973, -2.901247 ], [ 152.025948, -2.905554 ], [ 152.001558, -2.891458 ], [ 151.968882, -2.834338 ], [ 151.948845, -2.850364 ] ] ], [ [ [ 150.865687, -2.908658 ], [ 150.834968, -2.935672 ], [ 150.811177, -2.935597 ], [ 150.795625, -2.958779 ], [ 150.788388, -2.961494 ], [ 150.790388, -2.951311 ], [ 150.775778, -2.9523 ], [ 150.745119, -2.986504 ], [ 150.754638, -2.993035 ], [ 150.786289, -2.974351 ], [ 150.800966, -2.980549 ], [ 150.808325, -2.970135 ], [ 150.824958, -2.97056 ], [ 150.812261, -2.960893 ], [ 150.820497, -2.952772 ], [ 150.829489, -2.964767 ], [ 150.842922, -2.960047 ], [ 150.848444, -2.968916 ], [ 150.853829, -2.961675 ], [ 150.874141, -2.974005 ], [ 150.891758, -2.972265 ], [ 150.89209, -2.964794 ], [ 150.875365, -2.966083 ], [ 150.895823, -2.962086 ], [ 150.900688, -2.977362 ], [ 150.929641, -2.977386 ], [ 150.961204, -2.964884 ], [ 150.967211, -2.979929 ], [ 150.989702, -2.978144 ], [ 151.004889, -2.965886 ], [ 150.995684, -2.958675 ], [ 150.960439, -2.959569 ], [ 150.956567, -2.943213 ], [ 150.938654, -2.927274 ], [ 150.902826, -2.917448 ], [ 150.881686, -2.902473 ], [ 150.881445, -2.912056 ], [ 150.870569, -2.909477 ], [ 150.867165, -2.916146 ], [ 150.865687, -2.908658 ] ] ], [ [ [ 153.588186, -4.102069 ], [ 153.603336, -4.128306 ], [ 153.622313, -4.135408 ], [ 153.642379, -4.128982 ], [ 153.643351, -4.109632 ], [ 153.659482, -4.10331 ], [ 153.658753, -4.071112 ], [ 153.642258, -4.040711 ], [ 153.649641, -4.024575 ], [ 153.646428, -4.011362 ], [ 153.615496, -4.025313 ], [ 153.570657, -4.073254 ], [ 153.568749, -4.095118 ], [ 153.588186, -4.102069 ] ] ], [ [ [ 151.945668, -2.630727 ], [ 151.945171, -2.660311 ], [ 151.998847, -2.664248 ], [ 152.015044, -2.658762 ], [ 152.025679, -2.633876 ], [ 152.016604, -2.608178 ], [ 151.977666, -2.591285 ], [ 151.956289, -2.608726 ], [ 151.945668, -2.630727 ] ] ], [ [ [ 153.171977, -3.455511 ], [ 153.196811, -3.491753 ], [ 153.210988, -3.486768 ], [ 153.222187, -3.495861 ], [ 153.245374, -3.494744 ], [ 153.246782, -3.483786 ], [ 153.21546, -3.42992 ], [ 153.18765, -3.455301 ], [ 153.171977, -3.455511 ] ] ], [ [ [ 149.909878, -1.677861 ], [ 149.938013, -1.689135 ], [ 149.937579, -1.670459 ], [ 149.956471, -1.670312 ], [ 149.971594, -1.682981 ], [ 150.006393, -1.686303 ], [ 150.02657, -1.667465 ], [ 150.006731, -1.67452 ], [ 149.982212, -1.667524 ], [ 149.975727, -1.636644 ], [ 149.955749, -1.622199 ], [ 149.951512, -1.65828 ], [ 149.907085, -1.649143 ], [ 149.920101, -1.667146 ], [ 149.909878, -1.677861 ] ] ], [ [ [ 153.262988, -3.377153 ], [ 153.250209, -3.376376 ], [ 153.249882, -3.387686 ], [ 153.267644, -3.391909 ], [ 153.285444, -3.381516 ], [ 153.298301, -3.383292 ], [ 153.32771, -3.41404 ], [ 153.340213, -3.381 ], [ 153.331731, -3.368398 ], [ 153.281952, -3.357477 ], [ 153.262988, -3.377153 ] ] ], [ [ [ 150.531708, -2.665672 ], [ 150.522644, -2.67412 ], [ 150.52472, -2.682442 ], [ 150.557756, -2.692511 ], [ 150.58787, -2.729346 ], [ 150.589432, -2.710644 ], [ 150.607266, -2.684899 ], [ 150.576601, -2.684301 ], [ 150.565266, -2.671384 ], [ 150.531708, -2.665672 ] ] ], [ [ [ 150.628684, -2.710164 ], [ 150.629358, -2.722087 ], [ 150.684386, -2.756411 ], [ 150.714981, -2.748669 ], [ 150.686778, -2.734533 ], [ 150.674025, -2.71768 ], [ 150.649011, -2.707829 ], [ 150.628684, -2.710164 ] ] ], [ [ [ 153.661135, -4.026532 ], [ 153.688928, -4.017768 ], [ 153.698997, -4.023186 ], [ 153.702217, -4.036682 ], [ 153.716004, -4.039493 ], [ 153.740345, -4.028448 ], [ 153.742023, -4.019523 ], [ 153.718908, -3.996146 ], [ 153.701253, -3.994327 ], [ 153.692612, -4.007686 ], [ 153.65505, -4.015351 ], [ 153.661135, -4.026532 ] ] ], [ [ [ 150.720962, -2.677877 ], [ 150.686685, -2.690255 ], [ 150.697596, -2.726101 ], [ 150.733758, -2.699622 ], [ 150.724547, -2.694521 ], [ 150.720962, -2.677877 ] ] ], [ [ [ 150.595154, -2.607943 ], [ 150.572449, -2.634016 ], [ 150.609774, -2.659433 ], [ 150.614305, -2.653067 ], [ 150.595154, -2.607943 ] ] ], [ [ [ 150.509223, -2.507756 ], [ 150.516847, -2.529253 ], [ 150.526543, -2.523996 ], [ 150.520861, -2.495293 ], [ 150.492604, -2.472818 ], [ 150.488096, -2.482058 ], [ 150.509223, -2.507756 ] ] ], [ [ [ 150.514297, -2.532437 ], [ 150.534631, -2.565329 ], [ 150.54276, -2.561381 ], [ 150.542782, -2.54657 ], [ 150.526583, -2.528307 ], [ 150.514297, -2.532437 ] ] ], [ [ [ 152.645184, -2.775326 ], [ 152.649134, -2.797531 ], [ 152.669582, -2.787559 ], [ 152.660721, -2.768402 ], [ 152.645184, -2.775326 ] ] ], [ [ [ 149.602484, -1.556897 ], [ 149.619079, -1.556489 ], [ 149.637301, -1.582791 ], [ 149.66026, -1.592098 ], [ 149.635257, -1.557516 ], [ 149.610891, -1.552671 ], [ 149.602484, -1.556897 ] ] ], [ [ [ 152.653933, -2.93645 ], [ 152.64157, -2.959065 ], [ 152.651992, -2.965652 ], [ 152.665025, -2.959748 ], [ 152.669734, -2.947004 ], [ 152.653933, -2.93645 ] ] ], [ [ [ 150.523772, -2.604625 ], [ 150.544471, -2.611539 ], [ 150.547154, -2.589809 ], [ 150.536485, -2.581706 ], [ 150.523772, -2.604625 ] ] ], [ [ [ 150.454341, -2.453876 ], [ 150.475661, -2.468074 ], [ 150.474089, -2.451411 ], [ 150.432906, -2.425019 ], [ 150.433747, -2.435176 ], [ 150.444749, -2.436993 ], [ 150.454341, -2.453876 ] ] ], [ [ [ 149.599756, -1.575019 ], [ 149.564213, -1.567235 ], [ 149.581729, -1.585164 ], [ 149.581904, -1.579892 ], [ 149.587826, -1.587462 ], [ 149.598952, -1.583361 ], [ 149.599756, -1.575019 ] ] ], [ [ [ 150.62976, -2.66803 ], [ 150.647186, -2.662415 ], [ 150.646822, -2.652787 ], [ 150.631326, -2.649899 ], [ 150.62976, -2.66803 ] ] ], [ [ [ 152.831465, -4.799832 ], [ 152.83598, -4.809797 ], [ 152.845993, -4.79855 ], [ 152.858705, -4.810106 ], [ 152.846288, -4.786134 ], [ 152.831465, -4.799832 ] ] ], [ [ [ 150.433411, -2.659633 ], [ 150.441963, -2.67178 ], [ 150.453848, -2.670679 ], [ 150.460061, -2.659842 ], [ 150.433411, -2.659633 ] ] ], [ [ [ 150.49181, -2.637575 ], [ 150.481744, -2.648587 ], [ 150.496773, -2.664566 ], [ 150.499612, -2.660945 ], [ 150.49181, -2.637575 ] ] ], [ [ [ 150.483578, -2.662373 ], [ 150.461799, -2.662268 ], [ 150.464786, -2.677194 ], [ 150.484407, -2.670255 ], [ 150.483578, -2.662373 ] ] ], [ [ [ 150.56349, -2.624171 ], [ 150.566138, -2.632918 ], [ 150.591114, -2.604529 ], [ 150.586803, -2.602843 ], [ 150.56349, -2.624171 ] ] ], [ [ [ 150.480617, -2.567385 ], [ 150.475137, -2.577624 ], [ 150.485253, -2.588466 ], [ 150.491152, -2.57404 ], [ 150.480617, -2.567385 ] ] ], [ [ [ 149.693002, -2.622644 ], [ 149.711568, -2.614452 ], [ 149.713345, -2.602795 ], [ 149.703732, -2.600709 ], [ 149.693002, -2.622644 ] ] ], [ [ [ 150.720559, -2.998102 ], [ 150.732046, -2.99927 ], [ 150.737348, -2.980951 ], [ 150.733085, -2.981978 ], [ 150.720559, -2.998102 ] ] ], [ [ [ 150.476836, -2.472089 ], [ 150.486352, -2.479196 ], [ 150.490535, -2.465361 ], [ 150.483332, -2.460245 ], [ 150.476836, -2.472089 ] ] ], [ [ [ 153.170588, -3.501184 ], [ 153.179897, -3.512505 ], [ 153.186759, -3.513364 ], [ 153.189359, -3.497527 ], [ 153.170588, -3.501184 ] ] ], [ [ [ 153.188236, -3.525446 ], [ 153.19812, -3.543131 ], [ 153.208378, -3.535714 ], [ 153.188236, -3.525446 ] ] ], [ [ [ 150.675905, -2.661248 ], [ 150.680482, -2.668162 ], [ 150.68955, -2.656874 ], [ 150.684785, -2.65231 ], [ 150.675905, -2.661248 ] ] ], [ [ [ 150.300223, -2.347343 ], [ 150.306009, -2.354483 ], [ 150.311177, -2.356168 ], [ 150.308766, -2.341234 ], [ 150.300223, -2.347343 ] ] ], [ [ [ 150.528489, -2.622538 ], [ 150.530349, -2.635814 ], [ 150.532944, -2.637805 ], [ 150.537976, -2.622808 ], [ 150.528489, -2.622538 ] ] ], [ [ [ 152.768088, -4.702523 ], [ 152.761998, -4.685299 ], [ 152.768404, -4.709996 ], [ 152.768088, -4.702523 ] ] ], [ [ [ 152.687523, -3.030293 ], [ 152.67397, -3.027082 ], [ 152.667913, -3.030594 ], [ 152.685862, -3.038369 ], [ 152.687523, -3.030293 ] ] ], [ [ [ 150.72783, -2.676664 ], [ 150.732491, -2.685251 ], [ 150.739914, -2.682311 ], [ 150.737268, -2.674858 ], [ 150.72783, -2.676664 ] ] ], [ [ [ 150.851044, -2.676731 ], [ 150.856531, -2.681569 ], [ 150.866509, -2.676023 ], [ 150.858434, -2.670052 ], [ 150.851044, -2.676731 ] ] ], [ [ [ 150.631085, -2.622012 ], [ 150.628056, -2.636131 ], [ 150.637949, -2.620228 ], [ 150.631085, -2.622012 ] ] ], [ [ [ 150.72157, -2.648255 ], [ 150.731486, -2.652336 ], [ 150.728405, -2.643597 ], [ 150.72157, -2.648255 ] ] ], [ [ [ 149.637895, -1.547153 ], [ 149.643922, -1.549124 ], [ 149.65366, -1.530804 ], [ 149.647221, -1.530707 ], [ 149.637895, -1.547153 ] ] ], [ [ [ 150.627825, -2.676386 ], [ 150.633337, -2.684388 ], [ 150.639908, -2.682319 ], [ 150.638997, -2.676001 ], [ 150.627825, -2.676386 ] ] ], [ [ [ 150.54756, -2.638538 ], [ 150.560422, -2.63498 ], [ 150.560977, -2.632104 ], [ 150.550515, -2.631757 ], [ 150.54756, -2.638538 ] ] ], [ [ [ 150.412195, -2.414267 ], [ 150.417362, -2.415373 ], [ 150.429852, -2.426584 ], [ 150.417334, -2.412212 ], [ 150.412195, -2.414267 ] ] ], [ [ [ 149.603576, -1.510056 ], [ 149.592697, -1.509556 ], [ 149.603068, -1.518385 ], [ 149.603576, -1.510056 ] ] ], [ [ [ 150.56973, -2.651002 ], [ 150.577367, -2.655605 ], [ 150.575707, -2.646066 ], [ 150.56973, -2.651002 ] ] ], [ [ [ 150.775903, -2.570146 ], [ 150.780012, -2.581036 ], [ 150.783051, -2.568433 ], [ 150.775903, -2.570146 ] ] ], [ [ [ 150.113727, -2.362365 ], [ 150.12307, -2.366027 ], [ 150.124193, -2.363139 ], [ 150.113727, -2.362365 ] ] ], [ [ [ 150.459767, -2.589538 ], [ 150.452676, -2.598798 ], [ 150.462199, -2.597972 ], [ 150.459767, -2.589538 ] ] ], [ [ [ 150.091396, -2.381228 ], [ 150.096004, -2.38464 ], [ 150.103434, -2.38257 ], [ 150.098236, -2.377152 ], [ 150.091396, -2.381228 ] ] ], [ [ [ 150.643459, -2.695227 ], [ 150.639245, -2.705043 ], [ 150.646368, -2.700666 ], [ 150.643459, -2.695227 ] ] ], [ [ [ 150.447177, -2.626738 ], [ 150.450836, -2.631939 ], [ 150.454352, -2.631796 ], [ 150.453452, -2.623235 ], [ 150.447177, -2.626738 ] ] ], [ [ [ 150.584573, -2.668833 ], [ 150.577185, -2.668336 ], [ 150.57997, -2.675933 ], [ 150.582253, -2.675052 ], [ 150.584573, -2.668833 ] ] ], [ [ [ 150.766179, -2.632019 ], [ 150.767272, -2.64302 ], [ 150.769657, -2.642659 ], [ 150.766179, -2.632019 ] ] ], [ [ [ 150.90128, -2.914248 ], [ 150.911029, -2.918194 ], [ 150.915261, -2.918049 ], [ 150.90128, -2.914248 ] ] ], [ [ [ 150.612348, -2.675653 ], [ 150.619765, -2.67214 ], [ 150.614588, -2.670173 ], [ 150.612348, -2.675653 ] ] ], [ [ [ 149.672971, -2.625665 ], [ 149.67073, -2.633159 ], [ 149.680987, -2.625322 ], [ 149.672971, -2.625665 ] ] ], [ [ [ 150.316861, -2.668364 ], [ 150.325746, -2.668288 ], [ 150.326853, -2.663679 ], [ 150.32282, -2.661411 ], [ 150.316861, -2.668364 ] ] ], [ [ [ 150.831795, -2.965899 ], [ 150.836575, -2.97175 ], [ 150.839556, -2.968273 ], [ 150.831795, -2.965899 ] ] ], [ [ [ 150.760046, -2.69105 ], [ 150.765514, -2.693877 ], [ 150.764889, -2.687557 ], [ 150.760046, -2.69105 ] ] ], [ [ [ 149.654973, -2.633562 ], [ 149.662906, -2.640552 ], [ 149.665895, -2.638081 ], [ 149.663279, -2.633501 ], [ 149.654973, -2.633562 ] ] ], [ [ [ 150.718802, -2.652147 ], [ 150.717526, -2.644552 ], [ 150.710777, -2.64252 ], [ 150.710359, -2.644039 ], [ 150.718802, -2.652147 ] ] ], [ [ [ 150.036834, -2.400346 ], [ 150.042859, -2.402311 ], [ 150.043124, -2.398858 ], [ 150.036834, -2.400346 ] ] ], [ [ [ 150.853706, -2.653991 ], [ 150.853888, -2.65816 ], [ 150.863445, -2.653619 ], [ 150.853706, -2.653991 ] ] ], [ [ [ 149.902692, -1.673605 ], [ 149.903038, -1.681357 ], [ 149.908162, -1.677585 ], [ 149.902692, -1.673605 ] ] ], [ [ [ 149.999526, -2.429101 ], [ 150.002431, -2.433965 ], [ 150.007256, -2.428467 ], [ 149.999526, -2.429101 ] ] ], [ [ [ 152.661539, -3.034812 ], [ 152.655001, -3.028912 ], [ 152.654452, -3.032438 ], [ 152.661539, -3.034812 ] ] ], [ [ [ 151.128364, -2.905651 ], [ 151.133962, -2.909655 ], [ 151.133324, -2.905457 ], [ 151.128364, -2.905651 ] ] ], [ [ [ 150.854329, -2.969725 ], [ 150.861097, -2.973404 ], [ 150.863941, -2.970787 ], [ 150.854329, -2.969725 ] ] ], [ [ [ 150.666909, -2.656203 ], [ 150.662076, -2.660849 ], [ 150.662944, -2.661703 ], [ 150.666909, -2.656203 ] ] ], [ [ [ 150.53751, -2.567318 ], [ 150.54439, -2.571556 ], [ 150.545988, -2.570552 ], [ 150.543216, -2.564398 ], [ 150.53751, -2.567318 ] ] ], [ [ [ 149.655941, -1.549892 ], [ 149.659135, -1.555619 ], [ 149.660831, -1.552731 ], [ 149.655941, -1.549892 ] ] ], [ [ [ 150.141965, -2.346755 ], [ 150.143578, -2.351487 ], [ 150.146704, -2.348301 ], [ 150.141965, -2.346755 ] ] ], [ [ [ 150.773694, -2.579366 ], [ 150.77691, -2.586813 ], [ 150.779764, -2.585637 ], [ 150.773694, -2.579366 ] ] ], [ [ [ 150.409891, -2.413134 ], [ 150.417294, -2.424714 ], [ 150.421759, -2.425291 ], [ 150.409891, -2.413134 ] ] ], [ [ [ 150.323034, -2.66975 ], [ 150.321922, -2.674069 ], [ 150.327201, -2.67115 ], [ 150.323034, -2.66975 ] ] ], [ [ [ 149.905751, -1.661511 ], [ 149.907385, -1.669973 ], [ 149.908393, -1.670398 ], [ 149.905751, -1.661511 ] ] ], [ [ [ 150.677729, -2.614422 ], [ 150.673492, -2.622223 ], [ 150.681353, -2.614291 ], [ 150.677729, -2.614422 ] ] ], [ [ [ 149.664099, -1.530296 ], [ 149.659221, -1.528607 ], [ 149.660117, -1.533198 ], [ 149.664099, -1.530296 ] ] ], [ [ [ 150.788314, -2.629989 ], [ 150.790821, -2.638449 ], [ 150.792824, -2.637854 ], [ 150.788314, -2.629989 ] ] ], [ [ [ 150.783619, -2.63362 ], [ 150.785124, -2.641951 ], [ 150.786264, -2.641362 ], [ 150.783619, -2.63362 ] ] ], [ [ [ 150.670593, -1.644904 ], [ 150.675502, -1.649086 ], [ 150.671445, -1.644319 ], [ 150.670593, -1.644904 ] ] ], [ [ [ 150.238834, -2.371708 ], [ 150.238021, -2.377174 ], [ 150.242149, -2.373084 ], [ 150.238834, -2.371708 ] ] ], [ [ [ 150.832313, -2.691785 ], [ 150.83317, -2.697305 ], [ 150.838883, -2.694955 ], [ 150.832313, -2.691785 ] ] ], [ [ [ 150.475772, -2.613851 ], [ 150.479487, -2.618416 ], [ 150.477432, -2.612109 ], [ 150.475772, -2.613851 ] ] ], [ [ [ 149.655952, -1.511681 ], [ 149.658846, -1.516254 ], [ 149.658519, -1.510512 ], [ 149.655952, -1.511681 ] ] ], [ [ [ 150.84711, -2.685971 ], [ 150.849738, -2.691409 ], [ 150.850854, -2.68766 ], [ 150.84711, -2.685971 ] ] ], [ [ [ 149.588174, -1.556715 ], [ 149.595069, -1.555692 ], [ 149.594737, -1.554081 ], [ 149.588174, -1.556715 ] ] ], [ [ [ 150.451098, -2.61578 ], [ 150.449423, -2.620969 ], [ 150.453145, -2.620646 ], [ 150.451098, -2.61578 ] ] ], [ [ [ 150.700705, -2.654477 ], [ 150.703332, -2.660207 ], [ 150.705592, -2.656158 ], [ 150.700705, -2.654477 ] ] ], [ [ [ 150.334616, -2.667354 ], [ 150.334092, -2.672819 ], [ 150.336374, -2.67165 ], [ 150.334616, -2.667354 ] ] ], [ [ [ 150.858376, -2.683291 ], [ 150.860012, -2.686716 ], [ 150.862857, -2.684102 ], [ 150.858376, -2.683291 ] ] ], [ [ [ 153.245572, -3.380898 ], [ 153.240961, -3.38325 ], [ 153.243091, -3.384871 ], [ 153.245572, -3.380898 ] ] ], [ [ [ 150.767326, -2.6053 ], [ 150.770689, -2.602844 ], [ 150.769047, -2.600155 ], [ 150.767326, -2.6053 ] ] ], [ [ [ 152.774679, -4.718417 ], [ 152.771604, -4.720906 ], [ 152.773617, -4.723199 ], [ 152.774679, -4.718417 ] ] ], [ [ [ 151.921304, -2.834409 ], [ 151.917795, -2.831103 ], [ 151.917495, -2.833737 ], [ 151.921304, -2.834409 ] ] ], [ [ [ 150.45696, -2.614435 ], [ 150.459438, -2.619156 ], [ 150.458245, -2.613417 ], [ 150.45696, -2.614435 ] ] ], [ [ [ 152.907874, -4.830517 ], [ 152.907855, -4.825055 ], [ 152.905858, -4.82909 ], [ 152.907874, -4.830517 ] ] ], [ [ [ 150.449915, -2.611191 ], [ 150.446504, -2.614379 ], [ 150.451364, -2.612901 ], [ 150.449915, -2.611191 ] ] ], [ [ [ 150.85428, -2.686766 ], [ 150.85546, -2.690495 ], [ 150.857442, -2.687887 ], [ 150.85428, -2.686766 ] ] ], [ [ [ 150.771898, -2.670241 ], [ 150.771684, -2.678297 ], [ 150.772832, -2.678286 ], [ 150.771898, -2.670241 ] ] ], [ [ [ 149.582923, -1.502736 ], [ 149.582029, -1.498141 ], [ 149.57975, -1.499599 ], [ 149.582923, -1.502736 ] ] ], [ [ [ 150.33228, -2.661332 ], [ 150.332371, -2.66587 ], [ 150.3343, -2.663328 ], [ 150.33228, -2.661332 ] ] ], [ [ [ 150.021452, -2.412256 ], [ 150.022912, -2.415551 ], [ 150.022314, -2.412249 ], [ 150.021452, -2.412256 ] ] ], [ [ [ 153.209657, -3.509745 ], [ 153.207822, -3.50621 ], [ 153.205433, -3.507442 ], [ 153.209657, -3.509745 ] ] ], [ [ [ 149.584078, -1.525177 ], [ 149.585296, -1.528654 ], [ 149.587146, -1.527349 ], [ 149.584078, -1.525177 ] ] ], [ [ [ 150.003773, -2.422456 ], [ 150.004808, -2.426333 ], [ 150.007393, -2.422374 ], [ 150.003773, -2.422456 ] ] ], [ [ [ 150.025232, -1.67955 ], [ 150.0295, -1.67635 ], [ 150.029484, -1.674338 ], [ 150.028912, -1.674349 ], [ 150.025232, -1.67955 ] ] ], [ [ [ 150.7133, -2.719349 ], [ 150.71333, -2.723086 ], [ 150.714452, -2.719915 ], [ 150.7133, -2.719349 ] ] ], [ [ [ 150.451021, -2.606291 ], [ 150.447289, -2.605459 ], [ 150.447881, -2.607183 ], [ 150.451021, -2.606291 ] ] ], [ [ [ 150.338615, -2.366291 ], [ 150.341646, -2.369138 ], [ 150.342208, -2.367696 ], [ 150.338615, -2.366291 ] ] ], [ [ [ 150.443413, -2.604342 ], [ 150.445018, -2.607779 ], [ 150.445868, -2.606911 ], [ 150.443413, -2.604342 ] ] ], [ [ [ 150.732656, -2.666139 ], [ 150.73468, -2.668472 ], [ 150.735147, -2.667674 ], [ 150.732656, -2.666139 ] ] ], [ [ [ 152.847518, -4.822696 ], [ 152.845494, -4.818963 ], [ 152.844058, -4.818965 ], [ 152.847518, -4.822696 ] ] ], [ [ [ 150.033613, -2.424141 ], [ 150.033312, -2.427114 ], [ 150.035891, -2.424363 ], [ 150.033613, -2.424141 ] ] ], [ [ [ 149.960195, -1.681025 ], [ 149.962009, -1.6832 ], [ 149.963131, -1.680609 ], [ 149.960195, -1.681025 ] ] ], [ [ [ 150.455397, -2.616031 ], [ 150.453698, -2.618057 ], [ 150.454892, -2.618339 ], [ 150.455397, -2.616031 ] ] ], [ [ [ 150.640929, -2.637027 ], [ 150.64155, -2.639174 ], [ 150.643252, -2.637147 ], [ 150.640929, -2.637027 ] ] ], [ [ [ 150.485891, -2.561721 ], [ 150.485057, -2.564887 ], [ 150.48705, -2.563146 ], [ 150.485891, -2.561721 ] ] ], [ [ [ 150.323638, -2.389011 ], [ 150.324644, -2.391703 ], [ 150.325511, -2.389355 ], [ 150.323638, -2.389011 ] ] ], [ [ [ 149.940472, -1.673888 ], [ 149.94142, -1.676263 ], [ 149.943056, -1.675299 ], [ 149.940472, -1.673888 ] ] ], [ [ [ 150.444209, -2.6144 ], [ 150.445377, -2.616976 ], [ 150.445947, -2.616109 ], [ 150.444209, -2.6144 ] ] ], [ [ [ 152.232516, -3.457254 ], [ 152.231253, -3.454843 ], [ 152.230268, -3.455656 ], [ 152.232516, -3.457254 ] ] ], [ [ [ 149.944076, -2.482436 ], [ 149.942368, -2.483599 ], [ 149.942938, -2.483884 ], [ 149.944076, -2.482436 ] ] ], [ [ [ 150.517926, -2.658058 ], [ 150.519083, -2.659775 ], [ 150.519249, -2.657324 ], [ 150.517926, -2.658058 ] ] ], [ [ [ 150.843539, -2.638269 ], [ 150.844237, -2.641194 ], [ 150.845566, -2.640261 ], [ 150.843539, -2.638269 ] ] ], [ [ [ 150.353642, -2.435743 ], [ 150.355383, -2.438315 ], [ 150.354043, -2.435613 ], [ 150.353642, -2.435743 ] ] ], [ [ [ 149.579638, -1.524022 ], [ 149.580516, -1.526602 ], [ 149.581074, -1.524296 ], [ 149.579638, -1.524022 ] ] ], [ [ [ 150.061676, -2.390375 ], [ 150.060256, -2.392401 ], [ 150.062543, -2.391521 ], [ 150.061676, -2.390375 ] ] ], [ [ [ 149.61289, -1.571471 ], [ 149.612908, -1.574057 ], [ 149.614051, -1.573765 ], [ 149.61289, -1.571471 ] ] ], [ [ [ 153.187736, -3.520972 ], [ 153.186368, -3.522241 ], [ 153.187399, -3.523158 ], [ 153.187736, -3.520972 ] ] ], [ [ [ 149.65817, -1.580049 ], [ 149.659049, -1.582914 ], [ 149.660198, -1.583197 ], [ 149.65817, -1.580049 ] ] ], [ [ [ 150.56228, -2.650777 ], [ 150.564009, -2.652205 ], [ 150.564567, -2.650761 ], [ 150.56228, -2.650777 ] ] ], [ [ [ 153.069493, -4.207128 ], [ 153.068623, -4.205117 ], [ 153.067767, -4.205989 ], [ 153.069493, -4.207128 ] ] ], [ [ [ 150.753115, -2.684782 ], [ 150.755114, -2.684189 ], [ 150.753101, -2.683059 ], [ 150.753115, -2.684782 ] ] ], [ [ [ 149.591758, -1.497783 ], [ 149.590628, -1.500091 ], [ 149.591776, -1.500369 ], [ 149.591758, -1.497783 ] ] ], [ [ [ 152.347346, -3.699195 ], [ 152.347035, -3.697525 ], [ 152.346116, -3.698819 ], [ 152.347346, -3.699195 ] ] ], [ [ [ 150.330056, -2.423572 ], [ 150.330935, -2.425294 ], [ 150.331487, -2.423561 ], [ 150.330056, -2.423572 ] ] ], [ [ [ 149.644033, -1.525274 ], [ 149.644334, -1.526994 ], [ 149.644899, -1.525981 ], [ 149.644033, -1.525274 ] ] ], [ [ [ 149.568155, -1.5583 ], [ 149.568743, -1.560301 ], [ 149.569314, -1.560015 ], [ 149.568155, -1.5583 ] ] ], [ [ [ 150.774021, -2.650096 ], [ 150.775459, -2.650946 ], [ 150.77488, -2.650086 ], [ 150.774021, -2.650096 ] ] ], [ [ [ 149.615903, -1.513121 ], [ 149.616775, -1.51484 ], [ 149.616763, -1.513119 ], [ 149.615903, -1.513121 ] ] ], [ [ [ 150.355555, -2.367427 ], [ 150.355678, -2.369024 ], [ 150.356823, -2.368442 ], [ 150.355555, -2.367427 ] ] ], [ [ [ 150.509234, -2.663692 ], [ 150.510247, -2.665311 ], [ 150.510376, -2.664913 ], [ 150.509234, -2.663692 ] ] ], [ [ [ 149.949625, -1.673239 ], [ 149.950783, -1.674671 ], [ 149.950769, -1.673231 ], [ 149.949625, -1.673239 ] ] ], [ [ [ 149.651553, -1.575501 ], [ 149.652631, -1.576476 ], [ 149.652697, -1.575494 ], [ 149.651553, -1.575501 ] ] ], [ [ [ 149.564253, -1.572983 ], [ 149.563688, -1.574134 ], [ 149.56483, -1.573552 ], [ 149.564253, -1.572983 ] ] ], [ [ [ 149.581517, -1.506479 ], [ 149.582099, -1.507624 ], [ 149.582948, -1.506472 ], [ 149.581517, -1.506479 ] ] ], [ [ [ 149.579489, -1.528242 ], [ 149.580255, -1.529474 ], [ 149.580533, -1.528898 ], [ 149.579489, -1.528242 ] ] ], [ [ [ 153.208467, -3.504893 ], [ 153.208417, -3.503779 ], [ 153.207914, -3.504146 ], [ 153.208467, -3.504893 ] ] ], [ [ [ 149.617625, -1.514263 ], [ 149.618191, -1.515498 ], [ 149.618489, -1.514542 ], [ 149.617625, -1.514263 ] ] ], [ [ [ 150.526466, -2.651083 ], [ 150.525035, -2.651386 ], [ 150.525899, -2.651663 ], [ 150.526466, -2.651083 ] ] ], [ [ [ 149.618213, -1.516264 ], [ 149.619136, -1.517177 ], [ 149.619357, -1.516257 ], [ 149.618213, -1.516264 ] ] ], [ [ [ 149.590084, -1.547501 ], [ 149.589551, -1.548659 ], [ 149.590117, -1.548369 ], [ 149.590084, -1.547501 ] ] ], [ [ [ 149.566421, -1.555436 ], [ 149.566995, -1.556582 ], [ 149.567561, -1.555716 ], [ 149.566421, -1.555436 ] ] ], [ [ [ 149.652106, -1.572909 ], [ 149.652401, -1.57434 ], [ 149.652967, -1.573478 ], [ 149.652106, -1.572909 ] ] ], [ [ [ 149.661428, -1.556176 ], [ 149.661727, -1.557611 ], [ 149.662293, -1.556745 ], [ 149.661428, -1.556176 ] ] ], [ [ [ 149.565591, -1.56004 ], [ 149.566221, -1.56115 ], [ 149.566451, -1.560034 ], [ 149.565591, -1.56004 ] ] ], [ [ [ 149.642024, -1.524427 ], [ 149.643174, -1.52528 ], [ 149.643168, -1.524416 ], [ 149.642024, -1.524427 ] ] ], [ [ [ 149.655584, -1.578918 ], [ 149.656162, -1.580062 ], [ 149.656728, -1.578911 ], [ 149.655584, -1.578918 ] ] ], [ [ [ 149.580113, -1.549587 ], [ 149.580974, -1.550446 ], [ 149.580969, -1.549586 ], [ 149.580113, -1.549587 ] ] ], [ [ [ 149.65443, -1.577778 ], [ 149.654724, -1.578638 ], [ 149.655289, -1.577482 ], [ 149.65443, -1.577778 ] ] ], [ [ [ 149.653562, -1.576349 ], [ 149.654424, -1.576918 ], [ 149.654422, -1.576342 ], [ 149.653562, -1.576349 ] ] ], [ [ [ 149.587838, -1.547101 ], [ 149.587542, -1.548097 ], [ 149.588109, -1.547806 ], [ 149.587838, -1.547101 ] ] ] ] } },
{ "type": "Feature", "properties": { "FID": 14, "PROVID": "OCNPNG003015", "PROVNAME": "West Sepik (Sandaun)" }, "geometry": { "type": "MultiPolygon", "coordinates": [ [ [ [ 141.296129, -2.689324 ], [ 141.270154, -2.67713 ], [ 141.278003, -2.662208 ], [ 141.236437, -2.658884 ], [ 141.2062, -2.633157 ], [ 141.153054, -2.640082 ], [ 141.138153, -2.629098 ], [ 141.103689, -2.628387 ], [ 141.058682, -2.60589 ], [ 141.029415, -2.605663 ], [ 141.015464, -2.613839 ], [ 141.001067, -2.604706 ], [ 141.00108, -4.998647 ], [ 142.123321, -5.375434 ], [ 142.167393, -5.345649 ], [ 142.186292, -5.320961 ], [ 142.214827, -5.326946 ], [ 142.243667, -5.321154 ], [ 142.265043, -5.332881 ], [ 142.295622, -5.33256 ], [ 142.309264, -5.320914 ], [ 142.303477, -5.299123 ], [ 142.315143, -5.269251 ], [ 142.307612, -5.250843 ], [ 142.322158, -5.186362 ], [ 142.317887, -5.169437 ], [ 142.292336, -5.137501 ], [ 142.285827, -5.097182 ], [ 142.310273, -5.084628 ], [ 142.322515, -5.088552 ], [ 142.327254, -5.102773 ], [ 142.326485, -4.611441 ], [ 141.342754, -4.611121 ], [ 141.342739, -4.257036 ], [ 141.720682, -3.993471 ], [ 141.732943, -4.005784 ], [ 141.757864, -3.979309 ], [ 141.766109, -3.994459 ], [ 141.736335, -4.015464 ], [ 141.73601, -4.026152 ], [ 141.758496, -4.028471 ], [ 141.760852, -4.040414 ], [ 141.767009, -4.02488 ], [ 141.781476, -4.025943 ], [ 141.798754, -4.04746 ], [ 141.817971, -4.039698 ], [ 141.817377, -4.052016 ], [ 141.796811, -4.055667 ], [ 141.808812, -4.069769 ], [ 142.534405, -4.069564 ], [ 142.534404, -3.919578 ], [ 142.634405, -3.91958 ], [ 142.638789, -3.799074 ], [ 142.63275, -3.798869 ], [ 142.637836, -3.792753 ], [ 142.628122, -3.775903 ], [ 142.634043, -3.768052 ], [ 142.631673, -3.762616 ], [ 142.622888, -3.771663 ], [ 142.610721, -3.764346 ], [ 142.623783, -3.753224 ], [ 142.618972, -3.738037 ], [ 142.607399, -3.742089 ], [ 142.614042, -3.734937 ], [ 142.604562, -3.714342 ], [ 142.613459, -3.713935 ], [ 142.620187, -3.699226 ], [ 142.595139, -3.677339 ], [ 142.597819, -3.663779 ], [ 142.608167, -3.663917 ], [ 142.616894, -3.651132 ], [ 142.606763, -3.645805 ], [ 142.618989, -3.636421 ], [ 142.615473, -3.621077 ], [ 142.624112, -3.612747 ], [ 142.616243, -3.604505 ], [ 142.606867, -3.612124 ], [ 142.616001, -3.587525 ], [ 142.608685, -3.577846 ], [ 142.61406, -3.550998 ], [ 142.60739, -3.546771 ], [ 142.643144, -3.535908 ], [ 142.643748, -3.51521 ], [ 142.634401, -3.501289 ], [ 142.634402, -3.440185 ], [ 142.663669, -3.454459 ], [ 142.674451, -3.447687 ], [ 142.703903, -3.451202 ], [ 142.720834, -3.443319 ], [ 142.713054, -3.432365 ], [ 142.716732, -3.425578 ], [ 142.743472, -3.420527 ], [ 142.744443, -3.409245 ], [ 142.758979, -3.40704 ], [ 142.762641, -3.39632 ], [ 142.785284, -3.409513 ], [ 142.790547, -3.42808 ], [ 142.800382, -3.430358 ], [ 142.82731, -3.467712 ], [ 142.836162, -3.464091 ], [ 142.849075, -3.477402 ], [ 142.889183, -3.476654 ], [ 142.888095, -3.490255 ], [ 142.894718, -3.482577 ], [ 142.917332, -3.481722 ], [ 142.93029, -3.50506 ], [ 142.947193, -3.493704 ], [ 142.966643, -3.500718 ], [ 142.973837, -3.513778 ], [ 143.006858, -3.526112 ], [ 143.022107, -3.545042 ], [ 143.038283, -3.551372 ], [ 143.050517, -3.537154 ], [ 143.044601, -3.526741 ], [ 143.053276, -3.51837 ], [ 143.0844, -3.53657 ], [ 143.084399, -3.360067 ], [ 143.038038, -3.362628 ], [ 143.003071, -3.347296 ], [ 142.955696, -3.347984 ], [ 142.921758, -3.335078 ], [ 142.851419, -3.325869 ], [ 142.808757, -3.305028 ], [ 142.658461, -3.265848 ], [ 142.620862, -3.246648 ], [ 142.537873, -3.236441 ], [ 142.385405, -3.152906 ], [ 142.357354, -3.148108 ], [ 142.347416, -3.124931 ], [ 142.290961, -3.121529 ], [ 142.234658, -3.097961 ], [ 142.215446, -3.099809 ], [ 142.211692, -3.109205 ], [ 142.193041, -3.098017 ], [ 142.212703, -3.098833 ], [ 142.168826, -3.086215 ], [ 142.090561, -3.024773 ], [ 142.133824, -3.06161 ], [ 142.120306, -3.059492 ], [ 142.114091, -3.067056 ], [ 142.109692, -3.060206 ], [ 142.094633, -3.07163 ], [ 142.079649, -3.067514 ], [ 142.066897, -3.036888 ], [ 142.075924, -3.025253 ], [ 142.059519, -3.022017 ], [ 142.071466, -3.013802 ], [ 142.084461, -3.0191 ], [ 142.000531, -2.96783 ], [ 141.993056, -2.966774 ], [ 141.993638, -2.974389 ], [ 141.989159, -2.964961 ], [ 141.965468, -2.964548 ], [ 141.877197, -2.975202 ], [ 141.828847, -2.931951 ], [ 141.826519, -2.918874 ], [ 141.767175, -2.902093 ], [ 141.652763, -2.843123 ], [ 141.640651, -2.83867 ], [ 141.632679, -2.846696 ], [ 141.637483, -2.838133 ], [ 141.513217, -2.77007 ], [ 141.454705, -2.749508 ], [ 141.450921, -2.759157 ], [ 141.452387, -2.747523 ], [ 141.444569, -2.742155 ], [ 141.338331, -2.714123 ], [ 141.308578, -2.698087 ], [ 141.307652, -2.66961 ], [ 141.29736, -2.672614 ], [ 141.296129, -2.689324 ] ] ], [ [ [ 142.395549, -3.117653 ], [ 142.399127, -3.127677 ], [ 142.40242, -3.116117 ], [ 142.395549, -3.117653 ] ] ], [ [ [ 142.459704, -3.127418 ], [ 142.470022, -3.126124 ], [ 142.466496, -3.120131 ], [ 142.459704, -3.127418 ] ] ], [ [ [ 142.476861, -3.143015 ], [ 142.482144, -3.151286 ], [ 142.484585, -3.141179 ], [ 142.476861, -3.143015 ] ] ], [ [ [ 142.210731, -3.101735 ], [ 142.207278, -3.10121 ], [ 142.206716, -3.102368 ], [ 142.210731, -3.101735 ] ] ] ] } },
{ "type": "Feature", "properties": { "FID": 15, "PROVID": "OCNPNG001005", "PROVNAME": "Milne Bay Province" }, "geometry": { "type": "MultiPolygon", "coordinates": [ [ [ [ 149.440771, -9.598547 ], [ 149.04141, -9.720228 ], [ 149.024904, -9.686367 ], [ 149.010143, -9.690838 ], [ 148.976676, -9.71245 ], [ 148.978371, -9.744834 ], [ 148.971929, -9.753541 ], [ 149.007712, -9.791291 ], [ 149.058315, -9.800888 ], [ 149.077061, -9.769715 ], [ 149.090528, -9.772093 ], [ 149.121332, -9.749824 ], [ 149.143087, -9.752907 ], [ 149.143612, -9.76614 ], [ 149.158902, -9.779485 ], [ 149.176657, -9.769696 ], [ 149.18232, -9.794341 ], [ 149.218082, -9.793914 ], [ 149.216722, -9.803844 ], [ 149.225424, -9.803045 ], [ 149.22304, -9.818045 ], [ 149.245448, -9.805181 ], [ 149.250071, -9.839292 ], [ 149.286506, -9.833645 ], [ 149.299988, -9.854041 ], [ 149.316927, -9.855432 ], [ 149.337046, -9.842218 ], [ 149.346163, -9.860366 ], [ 149.324719, -9.879708 ], [ 149.327404, -9.8981 ], [ 149.317711, -9.90276 ], [ 149.30522, -9.940206 ], [ 149.406608, -9.940205 ], [ 149.399357, -9.951214 ], [ 149.413151, -9.971968 ], [ 149.455886, -9.955377 ], [ 149.467627, -9.972352 ], [ 149.462957, -9.996862 ], [ 149.502988, -9.997821 ], [ 149.512203, -10.023134 ], [ 149.540876, -10.034461 ], [ 149.667658, -10.034658 ], [ 149.667712, -10.344718 ], [ 149.7527, -10.347818 ], [ 149.775965, -10.363903 ], [ 149.791641, -10.363286 ], [ 149.853315, -10.405502 ], [ 149.854456, -10.399445 ], [ 149.884454, -10.428481 ], [ 149.909859, -10.471368 ], [ 149.914878, -10.495573 ], [ 149.9288, -10.489907 ], [ 149.913045, -10.46876 ], [ 149.929773, -10.476929 ], [ 149.941707, -10.44445 ], [ 149.929817, -10.448812 ], [ 149.9321, -10.436118 ], [ 149.927458, -10.438439 ], [ 149.92367, -10.433547 ], [ 149.920943, -10.442209 ], [ 149.91236, -10.437331 ], [ 149.920787, -10.440188 ], [ 149.921341, -10.432115 ], [ 149.93412, -10.432651 ], [ 149.935889, -10.441009 ], [ 149.951819, -10.430289 ], [ 149.952371, -10.421921 ], [ 149.96168, -10.426216 ], [ 149.963976, -10.419576 ], [ 149.954386, -10.416438 ], [ 149.953207, -10.411537 ], [ 149.963093, -10.41612 ], [ 149.965438, -10.422024 ], [ 149.962265, -10.427656 ], [ 149.952956, -10.423361 ], [ 149.955017, -10.431143 ], [ 150.024249, -10.464355 ], [ 150.047442, -10.454758 ], [ 150.063745, -10.465082 ], [ 150.085799, -10.460964 ], [ 150.088645, -10.447687 ], [ 150.107148, -10.427719 ], [ 150.105362, -10.41706 ], [ 150.110265, -10.426537 ], [ 150.128, -10.414954 ], [ 150.129473, -10.420715 ], [ 150.102246, -10.436103 ], [ 150.102559, -10.441291 ], [ 150.118026, -10.442695 ], [ 150.122337, -10.449867 ], [ 150.103228, -10.463202 ], [ 150.112526, -10.464034 ], [ 150.115758, -10.472962 ], [ 150.087469, -10.47941 ], [ 150.052306, -10.473341 ], [ 150.036593, -10.502667 ], [ 150.043241, -10.517758 ], [ 150.031936, -10.49951 ], [ 150.018044, -10.512823 ], [ 149.977134, -10.524212 ], [ 149.959369, -10.511293 ], [ 149.929747, -10.511097 ], [ 149.917726, -10.521519 ], [ 149.898353, -10.502835 ], [ 149.880347, -10.503463 ], [ 149.862104, -10.520243 ], [ 149.864737, -10.526293 ], [ 149.893171, -10.516691 ], [ 149.904228, -10.523291 ], [ 149.887114, -10.529977 ], [ 149.886863, -10.541222 ], [ 149.873635, -10.538809 ], [ 149.865111, -10.551669 ], [ 149.853784, -10.551988 ], [ 149.866154, -10.560314 ], [ 149.87703, -10.554516 ], [ 149.882606, -10.57209 ], [ 149.884177, -10.56358 ], [ 149.902337, -10.564823 ], [ 149.90405, -10.556453 ], [ 149.895314, -10.549559 ], [ 149.905744, -10.541743 ], [ 149.927069, -10.577147 ], [ 149.929914, -10.559547 ], [ 149.949374, -10.558327 ], [ 149.946846, -10.583428 ], [ 149.969671, -10.549323 ], [ 149.962288, -10.596353 ], [ 149.975303, -10.579582 ], [ 149.986071, -10.584163 ], [ 149.980162, -10.597592 ], [ 150.000366, -10.601416 ], [ 150.00379, -10.584104 ], [ 150.019725, -10.573089 ], [ 150.018314, -10.583476 ], [ 150.036077, -10.594659 ], [ 150.031784, -10.611399 ], [ 150.019233, -10.614661 ], [ 150.014986, -10.626165 ], [ 150.033554, -10.618606 ], [ 150.033615, -10.634464 ], [ 150.040304, -10.63588 ], [ 150.056225, -10.620829 ], [ 150.080467, -10.651311 ], [ 150.081575, -10.638327 ], [ 150.104698, -10.642005 ], [ 150.100242, -10.65556 ], [ 150.116008, -10.67338 ], [ 150.137996, -10.649936 ], [ 150.190586, -10.648859 ], [ 150.198483, -10.660651 ], [ 150.17671, -10.665643 ], [ 150.172417, -10.680078 ], [ 150.181184, -10.691578 ], [ 150.187541, -10.683192 ], [ 150.204396, -10.683124 ], [ 150.201279, -10.700728 ], [ 150.244809, -10.6867 ], [ 150.23891, -10.667982 ], [ 150.25401, -10.673941 ], [ 150.250647, -10.691867 ], [ 150.288632, -10.673821 ], [ 150.305956, -10.68052 ], [ 150.322797, -10.64771 ], [ 150.32341, -10.654629 ], [ 150.342728, -10.653242 ], [ 150.354536, -10.660538 ], [ 150.35756, -10.683883 ], [ 150.366874, -10.686723 ], [ 150.371196, -10.679782 ], [ 150.375313, -10.689571 ], [ 150.392162, -10.688044 ], [ 150.410567, -10.678153 ], [ 150.426474, -10.691627 ], [ 150.418196, -10.664559 ], [ 150.44138, -10.652911 ], [ 150.465087, -10.656969 ], [ 150.467209, -10.646437 ], [ 150.459928, -10.643157 ], [ 150.472, -10.61959 ], [ 150.496099, -10.616293 ], [ 150.516773, -10.623971 ], [ 150.523711, -10.618167 ], [ 150.554286, -10.629541 ], [ 150.570286, -10.608255 ], [ 150.600311, -10.600159 ], [ 150.609834, -10.589438 ], [ 150.606004, -10.580807 ], [ 150.648981, -10.577679 ], [ 150.658615, -10.585121 ], [ 150.694194, -10.56069 ], [ 150.650547, -10.477313 ], [ 150.588493, -10.468151 ], [ 150.497672, -10.428842 ], [ 150.491015, -10.432916 ], [ 150.493291, -10.424541 ], [ 150.42409, -10.405862 ], [ 150.343633, -10.397884 ], [ 150.342439, -10.362276 ], [ 150.349758, -10.345663 ], [ 150.343308, -10.333582 ], [ 150.37138, -10.316726 ], [ 150.389076, -10.315202 ], [ 150.407553, -10.296656 ], [ 150.418354, -10.309291 ], [ 150.453747, -10.307826 ], [ 150.456725, -10.320634 ], [ 150.504713, -10.324015 ], [ 150.552502, -10.345073 ], [ 150.588208, -10.346317 ], [ 150.587534, -10.354831 ], [ 150.60645, -10.345735 ], [ 150.633081, -10.351113 ], [ 150.649227, -10.333142 ], [ 150.717037, -10.315733 ], [ 150.735771, -10.295433 ], [ 150.760904, -10.300614 ], [ 150.792498, -10.272305 ], [ 150.817062, -10.257734 ], [ 150.839107, -10.256149 ], [ 150.875774, -10.229961 ], [ 150.873997, -10.224782 ], [ 150.837753, -10.227901 ], [ 150.817306, -10.250523 ], [ 150.783677, -10.254772 ], [ 150.778843, -10.270372 ], [ 150.735011, -10.267471 ], [ 150.73089, -10.258269 ], [ 150.717, -10.264696 ], [ 150.700115, -10.255569 ], [ 150.65415, -10.284094 ], [ 150.613243, -10.285483 ], [ 150.595245, -10.257402 ], [ 150.598829, -10.252983 ], [ 150.567615, -10.248974 ], [ 150.569424, -10.235556 ], [ 150.597168, -10.217525 ], [ 150.586384, -10.208645 ], [ 150.576851, -10.215616 ], [ 150.541116, -10.207161 ], [ 150.518334, -10.231506 ], [ 150.470059, -10.210709 ], [ 150.461586, -10.199794 ], [ 150.426122, -10.213524 ], [ 150.360057, -10.201734 ], [ 150.328662, -10.188328 ], [ 150.297181, -10.187172 ], [ 150.247478, -10.135061 ], [ 150.205118, -10.131781 ], [ 150.180873, -10.092091 ], [ 150.158555, -10.095356 ], [ 150.151937, -10.106626 ], [ 150.124297, -10.119854 ], [ 150.092983, -10.08667 ], [ 150.062981, -10.089376 ], [ 150.048287, -10.077319 ], [ 150.01697, -10.076856 ], [ 149.995836, -10.085864 ], [ 149.930504, -10.061284 ], [ 149.892372, -10.017294 ], [ 149.861071, -10.019405 ], [ 149.86243, -9.991147 ], [ 149.82696, -9.958962 ], [ 149.808705, -9.91245 ], [ 149.799569, -9.909162 ], [ 149.790327, -9.920717 ], [ 149.779313, -9.920457 ], [ 149.796673, -9.909746 ], [ 149.757815, -9.900621 ], [ 149.731611, -9.856147 ], [ 149.713626, -9.84884 ], [ 149.71107, -9.814112 ], [ 149.729735, -9.80556 ], [ 149.72791, -9.796877 ], [ 149.731755, -9.802962 ], [ 149.760342, -9.788042 ], [ 149.862303, -9.773207 ], [ 149.871008, -9.777508 ], [ 149.890792, -9.75972 ], [ 149.9237, -9.770429 ], [ 149.936398, -9.757414 ], [ 149.942497, -9.761718 ], [ 149.950847, -9.74728 ], [ 149.968826, -9.753851 ], [ 149.973867, -9.746482 ], [ 149.987929, -9.750039 ], [ 150.009858, -9.728632 ], [ 150.04689, -9.718992 ], [ 150.054733, -9.724726 ], [ 150.045864, -9.715968 ], [ 150.055739, -9.685808 ], [ 150.048746, -9.67488 ], [ 150.027257, -9.671529 ], [ 150.017374, -9.661832 ], [ 150.008233, -9.668429 ], [ 150.012962, -9.630332 ], [ 149.985589, -9.626536 ], [ 149.966977, -9.642881 ], [ 149.946551, -9.638336 ], [ 149.925007, -9.645901 ], [ 149.922095, -9.640145 ], [ 149.883461, -9.645018 ], [ 149.855915, -9.631551 ], [ 149.849365, -9.620763 ], [ 149.830888, -9.621399 ], [ 149.833135, -9.615333 ], [ 149.81464, -9.625475 ], [ 149.78768, -9.613151 ], [ 149.771484, -9.618096 ], [ 149.762174, -9.600682 ], [ 149.76925, -9.595761 ], [ 149.758681, -9.59449 ], [ 149.758121, -9.600547 ], [ 149.747533, -9.593655 ], [ 149.729334, -9.607102 ], [ 149.698209, -9.604442 ], [ 149.691872, -9.616849 ], [ 149.64379, -9.604563 ], [ 149.629362, -9.624192 ], [ 149.607359, -9.623375 ], [ 149.585614, -9.608716 ], [ 149.553467, -9.60128 ], [ 149.525098, -9.600179 ], [ 149.518161, -9.606245 ], [ 149.51149, -9.597895 ], [ 149.482397, -9.598952 ], [ 149.456243, -9.622772 ], [ 149.440771, -9.598547 ] ] ], [ [ [ 150.696786, -9.427669 ], [ 150.678913, -9.436851 ], [ 150.639048, -9.423101 ], [ 150.621489, -9.388908 ], [ 150.545272, -9.363107 ], [ 150.538112, -9.350175 ], [ 150.504904, -9.333638 ], [ 150.478279, -9.329743 ], [ 150.444555, -9.350662 ], [ 150.423146, -9.376562 ], [ 150.430525, -9.431426 ], [ 150.457004, -9.460111 ], [ 150.452733, -9.472816 ], [ 150.458272, -9.480281 ], [ 150.468364, -9.47389 ], [ 150.482007, -9.482754 ], [ 150.493396, -9.501714 ], [ 150.510207, -9.505952 ], [ 150.523075, -9.530527 ], [ 150.514859, -9.56184 ], [ 150.462549, -9.575947 ], [ 150.448181, -9.595333 ], [ 150.437195, -9.597691 ], [ 150.432531, -9.618611 ], [ 150.438556, -9.632566 ], [ 150.468267, -9.642788 ], [ 150.494107, -9.629396 ], [ 150.556468, -9.625174 ], [ 150.611415, -9.640287 ], [ 150.633103, -9.659623 ], [ 150.692828, -9.672823 ], [ 150.749505, -9.661527 ], [ 150.781647, -9.684246 ], [ 150.800583, -9.679513 ], [ 150.804232, -9.662338 ], [ 150.815364, -9.661234 ], [ 150.815714, -9.668751 ], [ 150.818842, -9.660662 ], [ 150.84459, -9.657322 ], [ 150.853638, -9.668363 ], [ 150.843953, -9.691484 ], [ 150.843006, -9.722481 ], [ 150.875993, -9.697906 ], [ 150.871742, -9.690006 ], [ 150.879198, -9.679581 ], [ 150.89309, -9.678626 ], [ 150.910005, -9.696096 ], [ 150.912229, -9.683108 ], [ 150.924967, -9.682157 ], [ 150.935291, -9.66854 ], [ 150.936027, -9.649798 ], [ 150.9206, -9.638085 ], [ 150.920831, -9.630015 ], [ 150.91541, -9.64129 ], [ 150.903769, -9.632721 ], [ 150.900024, -9.594412 ], [ 150.87339, -9.593436 ], [ 150.863014, -9.578947 ], [ 150.884938, -9.568426 ], [ 150.892585, -9.523556 ], [ 150.887854, -9.509612 ], [ 150.842294, -9.490455 ], [ 150.831068, -9.456085 ], [ 150.795929, -9.414952 ], [ 150.772844, -9.401555 ], [ 150.761569, -9.402487 ], [ 150.736129, -9.427141 ], [ 150.696786, -9.427669 ] ] ], [ [ [ 150.831831, -9.782511 ], [ 150.829562, -9.747067 ], [ 150.816745, -9.735908 ], [ 150.765621, -9.713168 ], [ 150.755776, -9.713231 ], [ 150.748384, -9.734026 ], [ 150.739129, -9.736102 ], [ 150.751353, -9.745252 ], [ 150.760863, -9.782957 ], [ 150.757793, -9.80085 ], [ 150.791956, -9.797463 ], [ 150.819111, -9.829289 ], [ 150.849051, -9.844521 ], [ 150.872663, -9.885881 ], [ 150.878187, -9.92995 ], [ 150.887972, -9.940984 ], [ 150.878736, -9.946526 ], [ 150.877372, -9.958931 ], [ 150.887897, -9.972121 ], [ 150.885081, -9.983673 ], [ 150.894077, -9.985345 ], [ 150.888326, -9.991435 ], [ 150.894538, -9.98909 ], [ 150.912206, -10.007134 ], [ 150.948126, -10.003142 ], [ 150.953503, -9.985231 ], [ 150.946081, -9.96135 ], [ 150.977297, -9.988523 ], [ 150.984959, -10.005769 ], [ 150.970369, -10.032108 ], [ 150.959885, -10.025835 ], [ 150.968195, -10.012229 ], [ 150.954911, -10.019819 ], [ 150.946176, -10.014685 ], [ 150.952038, -10.023297 ], [ 150.945964, -10.025067 ], [ 150.946927, -10.038325 ], [ 150.954189, -10.040291 ], [ 150.959865, -10.063027 ], [ 150.957096, -10.100962 ], [ 151.008094, -10.114878 ], [ 151.063183, -10.113044 ], [ 151.092244, -10.121193 ], [ 151.112121, -10.140648 ], [ 151.138183, -10.135552 ], [ 151.152166, -10.143233 ], [ 151.155162, -10.155322 ], [ 151.163077, -10.147762 ], [ 151.178096, -10.157452 ], [ 151.192275, -10.153593 ], [ 151.202337, -10.177738 ], [ 151.22101, -10.190854 ], [ 151.210981, -10.171037 ], [ 151.227484, -10.167161 ], [ 151.222417, -10.150477 ], [ 151.238689, -10.154097 ], [ 151.229013, -10.141488 ], [ 151.236589, -10.110287 ], [ 151.266989, -10.069682 ], [ 151.269285, -10.032468 ], [ 151.292645, -9.983559 ], [ 151.290747, -9.947681 ], [ 151.272198, -9.930388 ], [ 151.2724, -9.919716 ], [ 151.245266, -9.915467 ], [ 151.227487, -9.920939 ], [ 151.223678, -9.933134 ], [ 151.19717, -9.934726 ], [ 151.192347, -9.94239 ], [ 151.182126, -9.938015 ], [ 151.175038, -9.957962 ], [ 151.160574, -9.961532 ], [ 151.160392, -9.975081 ], [ 151.147172, -9.989023 ], [ 151.144343, -10.034308 ], [ 151.125274, -10.043099 ], [ 151.106992, -10.041217 ], [ 151.051908, -10.003275 ], [ 151.045985, -10.005626 ], [ 151.030914, -9.986995 ], [ 151.035066, -9.973636 ], [ 151.027285, -9.96684 ], [ 151.037997, -9.96532 ], [ 151.029161, -9.946357 ], [ 151.045111, -9.947683 ], [ 151.056531, -9.963168 ], [ 151.050723, -9.942742 ], [ 150.99098, -9.917509 ], [ 150.957587, -9.887523 ], [ 150.935123, -9.847551 ], [ 150.93111, -9.853345 ], [ 150.897812, -9.81494 ], [ 150.852545, -9.804282 ], [ 150.831831, -9.782511 ] ] ], [ [ [ 152.466072, -9.038281 ], [ 152.473709, -9.045665 ], [ 152.507358, -9.036671 ], [ 152.527834, -9.045511 ], [ 152.520851, -9.037261 ], [ 152.528532, -9.042119 ], [ 152.527617, -9.034972 ], [ 152.55385, -9.056698 ], [ 152.558373, -9.050094 ], [ 152.574431, -9.074991 ], [ 152.597962, -9.068588 ], [ 152.609958, -9.08992 ], [ 152.622931, -9.090707 ], [ 152.633828, -9.108154 ], [ 152.648499, -9.1148 ], [ 152.681991, -9.089045 ], [ 152.699904, -9.088229 ], [ 152.704185, -9.102485 ], [ 152.681829, -9.103592 ], [ 152.664479, -9.137488 ], [ 152.692754, -9.145839 ], [ 152.69622, -9.153489 ], [ 152.706276, -9.15095 ], [ 152.696019, -9.156246 ], [ 152.708876, -9.158524 ], [ 152.703097, -9.164541 ], [ 152.707794, -9.177652 ], [ 152.670327, -9.192704 ], [ 152.668766, -9.199923 ], [ 152.66143, -9.184783 ], [ 152.65822, -9.190766 ], [ 152.650693, -9.184004 ], [ 152.650499, -9.17396 ], [ 152.663068, -9.164957 ], [ 152.647701, -9.166808 ], [ 152.641721, -9.182852 ], [ 152.662473, -9.209727 ], [ 152.717218, -9.226898 ], [ 152.734426, -9.260069 ], [ 152.743612, -9.255876 ], [ 152.750492, -9.223084 ], [ 152.734771, -9.22032 ], [ 152.726319, -9.210002 ], [ 152.738031, -9.195248 ], [ 152.732479, -9.174189 ], [ 152.741607, -9.178548 ], [ 152.755845, -9.208525 ], [ 152.754812, -9.221467 ], [ 152.773825, -9.227252 ], [ 152.780103, -9.208911 ], [ 152.782261, -9.236019 ], [ 152.801541, -9.233907 ], [ 152.807904, -9.254005 ], [ 152.821053, -9.250952 ], [ 152.832431, -9.261995 ], [ 152.848143, -9.25246 ], [ 152.8751, -9.253187 ], [ 152.938085, -9.224868 ], [ 152.953164, -9.235208 ], [ 152.962516, -9.257307 ], [ 152.975619, -9.24274 ], [ 152.967282, -9.227093 ], [ 152.938206, -9.200615 ], [ 152.906768, -9.195774 ], [ 152.924474, -9.19287 ], [ 152.947638, -9.175022 ], [ 152.953741, -9.187497 ], [ 152.979714, -9.200015 ], [ 152.995096, -9.182913 ], [ 152.98455, -9.177454 ], [ 152.995337, -9.15934 ], [ 153.024507, -9.161479 ], [ 152.977493, -9.13357 ], [ 152.976766, -9.122379 ], [ 152.969808, -9.130545 ], [ 152.947384, -9.126634 ], [ 152.949724, -9.085071 ], [ 152.918111, -9.068597 ], [ 152.890664, -9.085862 ], [ 152.873722, -9.072471 ], [ 152.836487, -9.072711 ], [ 152.832127, -9.031676 ], [ 152.809781, -9.02135 ], [ 152.802181, -9.026554 ], [ 152.799424, -9.017701 ], [ 152.809092, -9.019063 ], [ 152.806872, -9.011471 ], [ 152.791669, -9.004452 ], [ 152.779978, -9.003397 ], [ 152.735253, -9.025657 ], [ 152.720675, -9.012383 ], [ 152.681705, -9.008545 ], [ 152.615686, -8.983586 ], [ 152.557008, -8.988515 ], [ 152.546228, -8.996572 ], [ 152.521437, -8.990619 ], [ 152.506514, -8.997057 ], [ 152.483475, -9.032968 ], [ 152.466072, -9.038281 ] ] ], [ [ [ 153.173117, -11.360821 ], [ 153.18808, -11.394775 ], [ 153.215798, -11.399929 ], [ 153.205805, -11.414641 ], [ 153.223625, -11.440861 ], [ 153.242135, -11.426938 ], [ 153.257597, -11.437407 ], [ 153.253419, -11.449307 ], [ 153.264425, -11.462118 ], [ 153.300117, -11.473671 ], [ 153.266826, -11.496066 ], [ 153.267303, -11.503078 ], [ 153.285195, -11.501711 ], [ 153.306662, -11.486935 ], [ 153.333549, -11.500184 ], [ 153.339902, -11.490008 ], [ 153.358601, -11.492105 ], [ 153.353126, -11.506834 ], [ 153.359739, -11.510693 ], [ 153.349652, -11.513903 ], [ 153.347857, -11.533229 ], [ 153.361671, -11.559958 ], [ 153.371618, -11.554961 ], [ 153.419673, -11.568855 ], [ 153.423844, -11.559035 ], [ 153.410725, -11.543679 ], [ 153.434784, -11.553859 ], [ 153.438722, -11.565814 ], [ 153.449612, -11.550534 ], [ 153.47013, -11.546834 ], [ 153.456513, -11.559692 ], [ 153.470742, -11.578719 ], [ 153.450385, -11.587858 ], [ 153.47556, -11.593979 ], [ 153.50491, -11.585936 ], [ 153.516026, -11.60674 ], [ 153.532156, -11.616886 ], [ 153.545325, -11.614778 ], [ 153.556377, -11.600765 ], [ 153.555977, -11.633352 ], [ 153.526487, -11.635619 ], [ 153.550829, -11.656135 ], [ 153.592391, -11.616747 ], [ 153.601845, -11.625727 ], [ 153.635831, -11.617442 ], [ 153.641648, -11.628596 ], [ 153.668204, -11.640701 ], [ 153.675815, -11.63616 ], [ 153.672537, -11.620851 ], [ 153.698267, -11.633381 ], [ 153.714279, -11.619084 ], [ 153.746881, -11.617683 ], [ 153.762104, -11.626597 ], [ 153.773496, -11.615794 ], [ 153.774739, -11.604395 ], [ 153.742099, -11.575709 ], [ 153.745842, -11.561604 ], [ 153.729146, -11.560149 ], [ 153.709193, -11.545325 ], [ 153.687076, -11.511664 ], [ 153.564695, -11.47741 ], [ 153.554206, -11.47766 ], [ 153.552631, -11.484526 ], [ 153.528138, -11.470504 ], [ 153.49744, -11.46498 ], [ 153.468319, -11.44444 ], [ 153.398778, -11.416632 ], [ 153.349281, -11.40725 ], [ 153.315186, -11.37598 ], [ 153.299832, -11.37677 ], [ 153.287934, -11.362936 ], [ 153.263939, -11.366241 ], [ 153.203872, -11.323931 ], [ 153.176389, -11.344898 ], [ 153.173117, -11.360821 ] ] ], [ [ [ 150.095034, -9.309983 ], [ 150.104541, -9.371763 ], [ 150.125371, -9.373699 ], [ 150.122252, -9.388699 ], [ 150.140817, -9.401307 ], [ 150.163372, -9.433061 ], [ 150.194269, -9.452678 ], [ 150.241863, -9.453341 ], [ 150.252202, -9.468282 ], [ 150.248237, -9.486459 ], [ 150.29027, -9.502124 ], [ 150.304427, -9.498027 ], [ 150.29667, -9.5093 ], [ 150.305986, -9.521073 ], [ 150.341291, -9.521199 ], [ 150.36449, -9.47325 ], [ 150.351156, -9.468986 ], [ 150.344835, -9.477951 ], [ 150.332895, -9.462158 ], [ 150.344707, -9.451724 ], [ 150.347213, -9.431831 ], [ 150.365944, -9.418193 ], [ 150.385461, -9.387842 ], [ 150.361654, -9.370664 ], [ 150.362998, -9.350486 ], [ 150.336584, -9.272513 ], [ 150.310412, -9.240939 ], [ 150.294811, -9.242735 ], [ 150.27764, -9.218899 ], [ 150.258804, -9.209474 ], [ 150.239154, -9.21042 ], [ 150.232158, -9.197196 ], [ 150.204123, -9.197314 ], [ 150.155372, -9.21999 ], [ 150.124136, -9.250511 ], [ 150.095034, -9.309983 ] ] ], [ [ [ 153.973034, -11.377342 ], [ 153.997008, -11.379496 ], [ 154.002041, -11.394636 ], [ 154.011856, -11.390359 ], [ 154.011182, -11.404725 ], [ 154.025741, -11.415905 ], [ 154.069177, -11.42327 ], [ 154.090603, -11.408478 ], [ 154.093986, -11.413693 ], [ 154.087242, -11.424769 ], [ 154.113875, -11.410759 ], [ 154.110351, -11.389673 ], [ 154.129955, -11.415499 ], [ 154.150896, -11.404286 ], [ 154.149537, -11.387194 ], [ 154.169501, -11.404619 ], [ 154.198709, -11.39247 ], [ 154.204529, -11.403199 ], [ 154.252018, -11.418506 ], [ 154.277148, -11.402384 ], [ 154.284528, -11.379835 ], [ 154.267957, -11.363985 ], [ 154.276706, -11.357655 ], [ 154.262851, -11.329653 ], [ 154.201536, -11.292018 ], [ 154.180946, -11.302341 ], [ 154.14863, -11.299366 ], [ 154.143637, -11.315761 ], [ 154.128918, -11.328195 ], [ 154.124388, -11.320929 ], [ 154.136001, -11.313949 ], [ 154.130077, -11.309037 ], [ 154.137696, -11.299665 ], [ 154.123606, -11.308581 ], [ 154.115651, -11.296359 ], [ 154.089785, -11.306541 ], [ 154.057961, -11.29806 ], [ 154.060564, -11.309655 ], [ 154.083624, -11.319046 ], [ 154.064194, -11.326621 ], [ 154.100454, -11.332497 ], [ 154.122219, -11.349641 ], [ 154.095387, -11.35881 ], [ 154.08145, -11.352822 ], [ 154.077607, -11.361943 ], [ 154.047221, -11.354431 ], [ 154.043136, -11.365444 ], [ 154.01215, -11.340619 ], [ 154.00385, -11.344317 ], [ 154.009127, -11.362078 ], [ 153.978395, -11.363474 ], [ 153.973034, -11.377342 ] ] ], [ [ [ 150.993057, -8.529632 ], [ 150.999634, -8.541822 ], [ 151.018584, -8.550326 ], [ 151.080396, -8.544697 ], [ 151.091691, -8.550949 ], [ 151.099457, -8.545232 ], [ 151.096361, -8.558691 ], [ 151.10572, -8.575324 ], [ 151.134399, -8.592101 ], [ 151.096343, -8.667985 ], [ 151.04254, -8.725265 ], [ 151.050031, -8.743214 ], [ 151.095654, -8.765778 ], [ 151.128249, -8.800389 ], [ 151.121721, -8.777682 ], [ 151.10431, -8.765279 ], [ 151.101184, -8.752918 ], [ 151.119476, -8.693446 ], [ 151.120009, -8.632817 ], [ 151.146862, -8.599783 ], [ 151.150943, -8.568502 ], [ 151.14702, -8.546504 ], [ 151.119031, -8.525547 ], [ 151.108214, -8.506911 ], [ 151.126967, -8.489923 ], [ 151.126898, -8.40757 ], [ 151.08265, -8.406602 ], [ 151.035039, -8.43704 ], [ 150.997618, -8.502671 ], [ 150.993057, -8.529632 ] ] ], [ [ [ 152.690992, -10.658367 ], [ 152.540943, -10.611609 ], [ 152.518107, -10.626189 ], [ 152.550398, -10.65318 ], [ 152.609783, -10.667779 ], [ 152.623596, -10.6827 ], [ 152.64722, -10.673564 ], [ 152.682071, -10.697552 ], [ 152.74652, -10.719409 ], [ 152.767332, -10.715081 ], [ 152.767855, -10.697544 ], [ 152.844075, -10.69291 ], [ 152.844348, -10.683784 ], [ 152.878757, -10.673083 ], [ 152.876854, -10.661747 ], [ 152.790655, -10.610075 ], [ 152.764126, -10.630175 ], [ 152.745178, -10.631437 ], [ 152.690992, -10.658367 ] ] ], [ [ [ 150.931453, -10.632142 ], [ 150.971064, -10.64485 ], [ 150.988712, -10.634345 ], [ 151.00981, -10.658134 ], [ 151.008455, -10.671408 ], [ 151.02121, -10.666704 ], [ 151.032355, -10.680466 ], [ 151.039259, -10.670901 ], [ 151.050599, -10.671975 ], [ 151.040658, -10.663827 ], [ 151.067624, -10.655989 ], [ 151.066981, -10.64792 ], [ 151.036708, -10.640925 ], [ 151.050875, -10.631598 ], [ 151.052212, -10.616592 ], [ 151.072266, -10.617312 ], [ 151.065487, -10.604962 ], [ 151.069184, -10.594265 ], [ 151.053475, -10.591492 ], [ 151.041996, -10.610322 ], [ 151.041013, -10.59562 ], [ 151.027126, -10.603219 ], [ 151.028974, -10.578402 ], [ 151.005629, -10.584048 ], [ 150.997737, -10.597371 ], [ 150.995337, -10.587291 ], [ 150.959768, -10.589991 ], [ 150.919052, -10.603966 ], [ 150.913938, -10.620728 ], [ 150.910477, -10.62421 ], [ 150.900314, -10.624856 ], [ 150.906354, -10.657692 ], [ 150.923173, -10.652676 ], [ 150.918458, -10.643478 ], [ 150.931453, -10.632142 ] ] ], [ [ [ 150.781165, -10.621876 ], [ 150.780982, -10.638026 ], [ 150.793567, -10.651789 ], [ 150.797858, -10.641379 ], [ 150.814695, -10.639542 ], [ 150.831581, -10.643762 ], [ 150.834978, -10.652248 ], [ 150.849045, -10.648261 ], [ 150.857824, -10.656857 ], [ 150.865037, -10.649888 ], [ 150.893131, -10.657058 ], [ 150.897532, -10.642752 ], [ 150.883131, -10.619199 ], [ 150.893485, -10.604136 ], [ 150.885, -10.595539 ], [ 150.890157, -10.585127 ], [ 150.88169, -10.579413 ], [ 150.888065, -10.576776 ], [ 150.882792, -10.570464 ], [ 150.899909, -10.567759 ], [ 150.897766, -10.551622 ], [ 150.881695, -10.538463 ], [ 150.868633, -10.539414 ], [ 150.864204, -10.529063 ], [ 150.858237, -10.548422 ], [ 150.866472, -10.563366 ], [ 150.846628, -10.549649 ], [ 150.849618, -10.562319 ], [ 150.845296, -10.567541 ], [ 150.838464, -10.545378 ], [ 150.821937, -10.550098 ], [ 150.812909, -10.546696 ], [ 150.816921, -10.538308 ], [ 150.797446, -10.535835 ], [ 150.789642, -10.54194 ], [ 150.796471, -10.56439 ], [ 150.810763, -10.572664 ], [ 150.826777, -10.599524 ], [ 150.834452, -10.596447 ], [ 150.837706, -10.604787 ], [ 150.829004, -10.606864 ], [ 150.858977, -10.613593 ], [ 150.859061, -10.625703 ], [ 150.871031, -10.634132 ], [ 150.865011, -10.64614 ], [ 150.837651, -10.639683 ], [ 150.834692, -10.631626 ], [ 150.812017, -10.630042 ], [ 150.810233, -10.623996 ], [ 150.803292, -10.628945 ], [ 150.792206, -10.621805 ], [ 150.784286, -10.61032 ], [ 150.762741, -10.603822 ], [ 150.759665, -10.622293 ], [ 150.781165, -10.621876 ] ] ], [ [ [ 153.088217, -11.181041 ], [ 153.076536, -11.195254 ], [ 153.092132, -11.196699 ], [ 153.100529, -11.206645 ], [ 153.095676, -11.229466 ], [ 153.101726, -11.237402 ], [ 153.103793, -11.22272 ], [ 153.117234, -11.224101 ], [ 153.135146, -11.237792 ], [ 153.13773, -11.249835 ], [ 153.169106, -11.253353 ], [ 153.185927, -11.274799 ], [ 153.167866, -11.276115 ], [ 153.189063, -11.29288 ], [ 153.207044, -11.291883 ], [ 153.203231, -11.275501 ], [ 153.223314, -11.274945 ], [ 153.244194, -11.260196 ], [ 153.202317, -11.230108 ], [ 153.174734, -11.221627 ], [ 153.155391, -11.201679 ], [ 153.126445, -11.195947 ], [ 153.114747, -11.179088 ], [ 153.088217, -11.181041 ] ] ], [ [ [ 150.960755, -9.586507 ], [ 150.951692, -9.613948 ], [ 150.965288, -9.612705 ], [ 150.988004, -9.631567 ], [ 150.99666, -9.627185 ], [ 151.020073, -9.661031 ], [ 151.00711, -9.670346 ], [ 151.024772, -9.669936 ], [ 151.042901, -9.655393 ], [ 151.02537, -9.633899 ], [ 151.014702, -9.639739 ], [ 151.019852, -9.631921 ], [ 151.013689, -9.620147 ], [ 151.024781, -9.632462 ], [ 151.034648, -9.597516 ], [ 151.026853, -9.599878 ], [ 151.023652, -9.597591 ], [ 151.022834, -9.604518 ], [ 151.021328, -9.596745 ], [ 151.030572, -9.594084 ], [ 151.026486, -9.589502 ], [ 150.990639, -9.576497 ], [ 150.960755, -9.586507 ] ] ], [ [ [ 150.923052, -8.522232 ], [ 150.93477, -8.543427 ], [ 150.920893, -8.579516 ], [ 150.970923, -8.558439 ], [ 150.964479, -8.544948 ], [ 150.973586, -8.52847 ], [ 150.973982, -8.503412 ], [ 150.962295, -8.481896 ], [ 150.951032, -8.479097 ], [ 150.933244, -8.491315 ], [ 150.923052, -8.522232 ] ] ], [ [ [ 152.423147, -9.083836 ], [ 152.427949, -9.007688 ], [ 152.415338, -8.991658 ], [ 152.421029, -8.992674 ], [ 152.422888, -8.973154 ], [ 152.429598, -8.970606 ], [ 152.436689, -8.979978 ], [ 152.431492, -8.969976 ], [ 152.437437, -8.965304 ], [ 152.465155, -8.966397 ], [ 152.488519, -8.991712 ], [ 152.498013, -8.986489 ], [ 152.510495, -8.992891 ], [ 152.473678, -8.951192 ], [ 152.450488, -8.943361 ], [ 152.423904, -8.970224 ], [ 152.407614, -8.970748 ], [ 152.391936, -8.98681 ], [ 152.418614, -9.042526 ], [ 152.423147, -9.083836 ] ] ], [ [ [ 152.339455, -10.701011 ], [ 152.352906, -10.713118 ], [ 152.368632, -10.700484 ], [ 152.385474, -10.701218 ], [ 152.408696, -10.724014 ], [ 152.402655, -10.709474 ], [ 152.414587, -10.702406 ], [ 152.413842, -10.6917 ], [ 152.399016, -10.683095 ], [ 152.390512, -10.665782 ], [ 152.372144, -10.659391 ], [ 152.351532, -10.66757 ], [ 152.339455, -10.701011 ] ] ], [ [ [ 152.994537, -11.17519 ], [ 152.972686, -11.18001 ], [ 152.969516, -11.187097 ], [ 152.993929, -11.19306 ], [ 152.998023, -11.204159 ], [ 153.006953, -11.192404 ], [ 153.020941, -11.212448 ], [ 153.031197, -11.208977 ], [ 153.036751, -11.205031 ], [ 153.023994, -11.191697 ], [ 153.037635, -11.181876 ], [ 153.037215, -11.165014 ], [ 153.04567, -11.154406 ], [ 153.019998, -11.149309 ], [ 153.010802, -11.156892 ], [ 153.011496, -11.149112 ], [ 152.998832, -11.150771 ], [ 152.991261, -11.155898 ], [ 152.994537, -11.17519 ] ] ], [ [ [ 150.699509, -10.574498 ], [ 150.698136, -10.587195 ], [ 150.680792, -10.600562 ], [ 150.684049, -10.61035 ], [ 150.70554, -10.609358 ], [ 150.705627, -10.622624 ], [ 150.718413, -10.623409 ], [ 150.728074, -10.634312 ], [ 150.741674, -10.625864 ], [ 150.757123, -10.633556 ], [ 150.757203, -10.623607 ], [ 150.741014, -10.613757 ], [ 150.731744, -10.617851 ], [ 150.739232, -10.607711 ], [ 150.75202, -10.607923 ], [ 150.749946, -10.602169 ], [ 150.740322, -10.59646 ], [ 150.732831, -10.605734 ], [ 150.716575, -10.60814 ], [ 150.724035, -10.593672 ], [ 150.721048, -10.580425 ], [ 150.706559, -10.586859 ], [ 150.699509, -10.574498 ] ] ], [ [ [ 151.352166, -8.59469 ], [ 151.309704, -8.620672 ], [ 151.311592, -8.639376 ], [ 151.322064, -8.649373 ], [ 151.337082, -8.651552 ], [ 151.349369, -8.63777 ], [ 151.357096, -8.614086 ], [ 151.352166, -8.59469 ] ] ], [ [ [ 151.111508, -8.874835 ], [ 151.143198, -8.866242 ], [ 151.180384, -8.877336 ], [ 151.198924, -8.867252 ], [ 151.180215, -8.838301 ], [ 151.133151, -8.799773 ], [ 151.173119, -8.853624 ], [ 151.160797, -8.864955 ], [ 151.134797, -8.862557 ], [ 151.111508, -8.874835 ] ] ], [ [ [ 153.442223, -11.315178 ], [ 153.403127, -11.312361 ], [ 153.401363, -11.322114 ], [ 153.453658, -11.345285 ], [ 153.479774, -11.344005 ], [ 153.442223, -11.315178 ] ] ], [ [ [ 151.972089, -8.950611 ], [ 151.958027, -8.958536 ], [ 151.956697, -8.969208 ], [ 151.975687, -8.989178 ], [ 151.989556, -8.989317 ], [ 151.996516, -8.965905 ], [ 151.972089, -8.950611 ] ] ], [ [ [ 149.839606, -10.477631 ], [ 149.825676, -10.480265 ], [ 149.824311, -10.50824 ], [ 149.832454, -10.513407 ], [ 149.841726, -10.505309 ], [ 149.846432, -10.524903 ], [ 149.864191, -10.492697 ], [ 149.839606, -10.477631 ] ] ], [ [ [ 153.051029, -11.163361 ], [ 153.062865, -11.171876 ], [ 153.093633, -11.160324 ], [ 153.077977, -11.145112 ], [ 153.052426, -11.152224 ], [ 153.051029, -11.163361 ] ] ], [ [ [ 151.005978, -10.298853 ], [ 151.018086, -10.307559 ], [ 151.014061, -10.293317 ], [ 151.034626, -10.287691 ], [ 151.03862, -10.278867 ], [ 151.025455, -10.264399 ], [ 151.01886, -10.275116 ], [ 151.008718, -10.276916 ], [ 151.001398, -10.268318 ], [ 150.997097, -10.274982 ], [ 150.99546, -10.289122 ], [ 151.008076, -10.288313 ], [ 151.005978, -10.298853 ] ] ], [ [ [ 150.62394, -10.615888 ], [ 150.636016, -10.642783 ], [ 150.656089, -10.647136 ], [ 150.669287, -10.666672 ], [ 150.673031, -10.661171 ], [ 150.656363, -10.644252 ], [ 150.656294, -10.633293 ], [ 150.62394, -10.615888 ] ] ], [ [ [ 150.755459, -9.262761 ], [ 150.736676, -9.264313 ], [ 150.739929, -9.276109 ], [ 150.733585, -9.278165 ], [ 150.745469, -9.282992 ], [ 150.757754, -9.304819 ], [ 150.771523, -9.287874 ], [ 150.754995, -9.280915 ], [ 150.755459, -9.262761 ] ] ], [ [ [ 152.547771, -11.073658 ], [ 152.563845, -11.100868 ], [ 152.576625, -11.089478 ], [ 152.594129, -11.095642 ], [ 152.585413, -11.075988 ], [ 152.56725, -11.076747 ], [ 152.567809, -11.069936 ], [ 152.547771, -11.073658 ] ] ], [ [ [ 152.377695, -10.776312 ], [ 152.40145, -10.785647 ], [ 152.415933, -10.778537 ], [ 152.399704, -10.753585 ], [ 152.377695, -10.776312 ] ] ], [ [ [ 150.865422, -9.73905 ], [ 150.85009, -9.742032 ], [ 150.856619, -9.765053 ], [ 150.884714, -9.764582 ], [ 150.865422, -9.73905 ] ] ], [ [ [ 152.670307, -11.132977 ], [ 152.676948, -11.146699 ], [ 152.687049, -11.137087 ], [ 152.694766, -11.144363 ], [ 152.707901, -11.138272 ], [ 152.710353, -11.130176 ], [ 152.706617, -11.12457 ], [ 152.703184, -11.131663 ], [ 152.689155, -11.131019 ], [ 152.688466, -11.118606 ], [ 152.670307, -11.132977 ] ] ], [ [ [ 151.952356, -9.291171 ], [ 151.952031, -9.283911 ], [ 151.927484, -9.286759 ], [ 151.899488, -9.264572 ], [ 151.879028, -9.270833 ], [ 151.871383, -9.285899 ], [ 151.905828, -9.27589 ], [ 151.925186, -9.288225 ], [ 151.952356, -9.291171 ] ] ], [ [ [ 151.907762, -8.903173 ], [ 151.900874, -8.920384 ], [ 151.913806, -8.928174 ], [ 151.92463, -8.914522 ], [ 151.907762, -8.903173 ] ] ], [ [ [ 150.785059, -9.280155 ], [ 150.777987, -9.303538 ], [ 150.793903, -9.305744 ], [ 150.800444, -9.288988 ], [ 150.785059, -9.280155 ] ] ], [ [ [ 152.469532, -9.558027 ], [ 152.427224, -9.546132 ], [ 152.414557, -9.567333 ], [ 152.429873, -9.555526 ], [ 152.469532, -9.558027 ] ] ], [ [ [ 151.09182, -8.567939 ], [ 151.093526, -8.601911 ], [ 151.10048, -8.606177 ], [ 151.106348, -8.582232 ], [ 151.09182, -8.567939 ] ] ], [ [ [ 153.066132, -11.109367 ], [ 153.101132, -11.124324 ], [ 153.123737, -11.140147 ], [ 153.103536, -11.120793 ], [ 153.066132, -11.109367 ] ] ], [ [ [ 150.904997, -9.231539 ], [ 150.89608, -9.237653 ], [ 150.895979, -9.264741 ], [ 150.920767, -9.254199 ], [ 150.920927, -9.247763 ], [ 150.905682, -9.246521 ], [ 150.904997, -9.231539 ] ] ], [ [ [ 150.844478, -8.32634 ], [ 150.856495, -8.355914 ], [ 150.881836, -8.395195 ], [ 150.861002, -8.340626 ], [ 150.844478, -8.32634 ] ] ], [ [ [ 150.718536, -10.68801 ], [ 150.697966, -10.698227 ], [ 150.697104, -10.700103 ], [ 150.70874, -10.701624 ], [ 150.710251, -10.710265 ], [ 150.728797, -10.702079 ], [ 150.718536, -10.68801 ] ] ], [ [ [ 150.239753, -10.72479 ], [ 150.252887, -10.704691 ], [ 150.261351, -10.712151 ], [ 150.275723, -10.709349 ], [ 150.25532, -10.696747 ], [ 150.233897, -10.714578 ], [ 150.239753, -10.72479 ] ] ], [ [ [ 153.243342, -11.293411 ], [ 153.248665, -11.307418 ], [ 153.233294, -11.314813 ], [ 153.244722, -11.321297 ], [ 153.261659, -11.300335 ], [ 153.254947, -11.291831 ], [ 153.243342, -11.293411 ] ] ], [ [ [ 152.903423, -11.161537 ], [ 152.919771, -11.183413 ], [ 152.928814, -11.178758 ], [ 152.924494, -11.15925 ], [ 152.917092, -11.159266 ], [ 152.914612, -11.168455 ], [ 152.903423, -11.161537 ] ] ], [ [ [ 151.245637, -10.606478 ], [ 151.218855, -10.600055 ], [ 151.231673, -10.604569 ], [ 151.229997, -10.612367 ], [ 151.254751, -10.619383 ], [ 151.245637, -10.606478 ] ] ], [ [ [ 150.917984, -10.658479 ], [ 150.91753, -10.676072 ], [ 150.931809, -10.681458 ], [ 150.927296, -10.660144 ], [ 150.917984, -10.658479 ] ] ], [ [ [ 150.749405, -10.563528 ], [ 150.762833, -10.57325 ], [ 150.774125, -10.567414 ], [ 150.756329, -10.556278 ], [ 150.749405, -10.563528 ] ] ], [ [ [ 150.855682, -9.206223 ], [ 150.865938, -9.226901 ], [ 150.883767, -9.213239 ], [ 150.864099, -9.211639 ], [ 150.855682, -9.206223 ] ] ], [ [ [ 150.704449, -9.289006 ], [ 150.694134, -9.303762 ], [ 150.710981, -9.316053 ], [ 150.719918, -9.311675 ], [ 150.719859, -9.302169 ], [ 150.710081, -9.310437 ], [ 150.704449, -9.289006 ] ] ], [ [ [ 151.091447, -10.655238 ], [ 151.078389, -10.65764 ], [ 151.075831, -10.665157 ], [ 151.099415, -10.671043 ], [ 151.091447, -10.655238 ] ] ], [ [ [ 150.088496, -10.475164 ], [ 150.106166, -10.471842 ], [ 150.107031, -10.470108 ], [ 150.089267, -10.456913 ], [ 150.081172, -10.46646 ], [ 150.088496, -10.475164 ] ] ], [ [ [ 153.003825, -10.857267 ], [ 152.954887, -10.832854 ], [ 152.958548, -10.840876 ], [ 153.003825, -10.857267 ] ] ], [ [ [ 151.005807, -8.752603 ], [ 151.018319, -8.727743 ], [ 151.03089, -8.711235 ], [ 151.002526, -8.737937 ], [ 151.005807, -8.752603 ] ] ], [ [ [ 152.118516, -10.391931 ], [ 152.099239, -10.390011 ], [ 152.090688, -10.399583 ], [ 152.106752, -10.400298 ], [ 152.118516, -10.391931 ] ] ], [ [ [ 152.740516, -11.132303 ], [ 152.728183, -11.115799 ], [ 152.726934, -11.138075 ], [ 152.740516, -11.132303 ] ] ], [ [ [ 151.197927, -10.58104 ], [ 151.185329, -10.586186 ], [ 151.209824, -10.597242 ], [ 151.197927, -10.58104 ] ] ], [ [ [ 150.099963, -10.445917 ], [ 150.090123, -10.453738 ], [ 150.098869, -10.461777 ], [ 150.107832, -10.453092 ], [ 150.099963, -10.445917 ] ] ], [ [ [ 150.400048, -10.751167 ], [ 150.363926, -10.764603 ], [ 150.360894, -10.768947 ], [ 150.400048, -10.751167 ] ] ], [ [ [ 151.677053, -8.696911 ], [ 151.668457, -8.703041 ], [ 151.668541, -8.711682 ], [ 151.683747, -8.702898 ], [ 151.677053, -8.696911 ] ] ], [ [ [ 151.274773, -10.61634 ], [ 151.275423, -10.624408 ], [ 151.305047, -10.623019 ], [ 151.30109, -10.618867 ], [ 151.274773, -10.61634 ] ] ], [ [ [ 150.614056, -10.227378 ], [ 150.598396, -10.228472 ], [ 150.588878, -10.238621 ], [ 150.601945, -10.239699 ], [ 150.614056, -10.227378 ] ] ], [ [ [ 152.315406, -11.128482 ], [ 152.340515, -11.141047 ], [ 152.348851, -11.137652 ], [ 152.347769, -11.131543 ], [ 152.315406, -11.128482 ] ] ], [ [ [ 151.048184, -10.966164 ], [ 151.068489, -10.95852 ], [ 151.087088, -10.956075 ], [ 151.051472, -10.958788 ], [ 151.048184, -10.966164 ] ] ], [ [ [ 153.689579, -9.300824 ], [ 153.697676, -9.286286 ], [ 153.685256, -9.281511 ], [ 153.685234, -9.295425 ], [ 153.689579, -9.300824 ] ] ], [ [ [ 150.301927, -10.718747 ], [ 150.284076, -10.72402 ], [ 150.281637, -10.730088 ], [ 150.301983, -10.730283 ], [ 150.301927, -10.718747 ] ] ], [ [ [ 150.95169, -9.453124 ], [ 150.956546, -9.46476 ], [ 150.969463, -9.470148 ], [ 150.963017, -9.459097 ], [ 150.95169, -9.453124 ] ] ], [ [ [ 152.7891, -11.151672 ], [ 152.777606, -11.156796 ], [ 152.7685, -11.152789 ], [ 152.773841, -11.162663 ], [ 152.7891, -11.151672 ] ] ], [ [ [ 153.096386, -11.269159 ], [ 153.105091, -11.263458 ], [ 153.098904, -11.24544 ], [ 153.091281, -11.246544 ], [ 153.096386, -11.269159 ] ] ], [ [ [ 150.888657, -10.661557 ], [ 150.876778, -10.666825 ], [ 150.900651, -10.672726 ], [ 150.888657, -10.661557 ] ] ], [ [ [ 152.434182, -11.05023 ], [ 152.449414, -11.056914 ], [ 152.458177, -11.043209 ], [ 152.434182, -11.05023 ] ] ], [ [ [ 150.845932, -8.582605 ], [ 150.848884, -8.592379 ], [ 150.872102, -8.609682 ], [ 150.870858, -8.600013 ], [ 150.845932, -8.582605 ] ] ], [ [ [ 150.718839, -10.553042 ], [ 150.714541, -10.562586 ], [ 150.724446, -10.567142 ], [ 150.727309, -10.560202 ], [ 150.718839, -10.553042 ] ] ], [ [ [ 152.866242, -11.164964 ], [ 152.874391, -11.163377 ], [ 152.867319, -11.156801 ], [ 152.872831, -11.145181 ], [ 152.861642, -11.154373 ], [ 152.866242, -11.164964 ] ] ], [ [ [ 151.230546, -10.714169 ], [ 151.241346, -10.719562 ], [ 151.250875, -10.711987 ], [ 151.241262, -10.709759 ], [ 151.230546, -10.714169 ] ] ], [ [ [ 152.932935, -11.178734 ], [ 152.949212, -11.172736 ], [ 152.949312, -11.170691 ], [ 152.938196, -11.167648 ], [ 152.932935, -11.178734 ] ] ], [ [ [ 151.872586, -10.329447 ], [ 151.866892, -10.339601 ], [ 151.868368, -10.34218 ], [ 151.881959, -10.337139 ], [ 151.872586, -10.329447 ] ] ], [ [ [ 151.921997, -8.803925 ], [ 151.91184, -8.798849 ], [ 151.913096, -8.808341 ], [ 151.921997, -8.803925 ] ] ], [ [ [ 151.412767, -10.386808 ], [ 151.411542, -10.395899 ], [ 151.419711, -10.400298 ], [ 151.420657, -10.392505 ], [ 151.412767, -10.386808 ] ] ], [ [ [ 149.779511, -9.590405 ], [ 149.77837, -9.596169 ], [ 149.787368, -9.604504 ], [ 149.782178, -9.612014 ], [ 149.789977, -9.60594 ], [ 149.779511, -9.590405 ] ] ], [ [ [ 150.408793, -10.755449 ], [ 150.412052, -10.767548 ], [ 150.421078, -10.769807 ], [ 150.421037, -10.76231 ], [ 150.408793, -10.755449 ] ] ], [ [ [ 151.676052, -10.765973 ], [ 151.702567, -10.771778 ], [ 151.704588, -10.770606 ], [ 151.676052, -10.765973 ] ] ], [ [ [ 152.658561, -11.123387 ], [ 152.654182, -11.133045 ], [ 152.660697, -11.140352 ], [ 152.664237, -11.128374 ], [ 152.658561, -11.123387 ] ] ], [ [ [ 151.304636, -10.745011 ], [ 151.316075, -10.757033 ], [ 151.318665, -10.753982 ], [ 151.315706, -10.748093 ], [ 151.304636, -10.745011 ] ] ], [ [ [ 152.754383, -9.238449 ], [ 152.762969, -9.244989 ], [ 152.763394, -9.234617 ], [ 152.754383, -9.238449 ] ] ], [ [ [ 153.670972, -9.25636 ], [ 153.667824, -9.262297 ], [ 153.683751, -9.276129 ], [ 153.689638, -9.275082 ], [ 153.670972, -9.25636 ] ] ], [ [ [ 150.988239, -9.466129 ], [ 150.976966, -9.467644 ], [ 150.971784, -9.47143 ], [ 150.983382, -9.474519 ], [ 150.988239, -9.466129 ] ] ], [ [ [ 154.009744, -11.303897 ], [ 154.02692, -11.308029 ], [ 154.031932, -11.303605 ], [ 154.009744, -11.303897 ] ] ], [ [ [ 153.230251, -11.454229 ], [ 153.237761, -11.444616 ], [ 153.226938, -11.451396 ], [ 153.230251, -11.454229 ] ] ], [ [ [ 150.906063, -10.575212 ], [ 150.894057, -10.582214 ], [ 150.89306, -10.584816 ], [ 150.901632, -10.585049 ], [ 150.906063, -10.575212 ] ] ], [ [ [ 150.729769, -10.582104 ], [ 150.726914, -10.589619 ], [ 150.727821, -10.594804 ], [ 150.735631, -10.589567 ], [ 150.729769, -10.582104 ] ] ], [ [ [ 150.30289, -8.521959 ], [ 150.293967, -8.525022 ], [ 150.300899, -8.528302 ], [ 150.30289, -8.521959 ] ] ], [ [ [ 153.102381, -9.221834 ], [ 153.105969, -9.2303 ], [ 153.109843, -9.230236 ], [ 153.112814, -9.219985 ], [ 153.102381, -9.221834 ] ] ], [ [ [ 150.940041, -10.00781 ], [ 150.937781, -10.015897 ], [ 150.934033, -10.019096 ], [ 150.943596, -10.018166 ], [ 150.940041, -10.00781 ] ] ], [ [ [ 150.898372, -9.729898 ], [ 150.891188, -9.738306 ], [ 150.896273, -9.740289 ], [ 150.898372, -9.729898 ] ] ], [ [ [ 152.830926, -11.149229 ], [ 152.823014, -11.152403 ], [ 152.820539, -11.157643 ], [ 152.830743, -11.155881 ], [ 152.830926, -11.149229 ] ] ], [ [ [ 152.532213, -11.079598 ], [ 152.537279, -11.084999 ], [ 152.544738, -11.082434 ], [ 152.541794, -11.078373 ], [ 152.532213, -11.079598 ] ] ], [ [ [ 152.532504, -11.061329 ], [ 152.53257, -11.070829 ], [ 152.537969, -11.069713 ], [ 152.532504, -11.061329 ] ] ], [ [ [ 152.421337, -9.111969 ], [ 152.42556, -9.105443 ], [ 152.426683, -9.092706 ], [ 152.422876, -9.097656 ], [ 152.421337, -9.111969 ] ] ], [ [ [ 152.493465, -11.108189 ], [ 152.504328, -11.112379 ], [ 152.506084, -11.110816 ], [ 152.498857, -11.104044 ], [ 152.493465, -11.108189 ] ] ], [ [ [ 152.228532, -10.802735 ], [ 152.2205, -10.806146 ], [ 152.211399, -10.805673 ], [ 152.220471, -10.809269 ], [ 152.228532, -10.802735 ] ] ], [ [ [ 152.175383, -10.812608 ], [ 152.187208, -10.817819 ], [ 152.189877, -10.814096 ], [ 152.1893, -10.812559 ], [ 152.175383, -10.812608 ] ] ], [ [ [ 152.138537, -11.247619 ], [ 152.136897, -11.259714 ], [ 152.139018, -11.261049 ], [ 152.138537, -11.247619 ] ] ], [ [ [ 152.509756, -11.035799 ], [ 152.513832, -11.047376 ], [ 152.516086, -11.048213 ], [ 152.51577, -11.039298 ], [ 152.509756, -11.035799 ] ] ], [ [ [ 150.885939, -8.405246 ], [ 150.890695, -8.425946 ], [ 150.893303, -8.42737 ], [ 150.892525, -8.419455 ], [ 150.885939, -8.405246 ] ] ], [ [ [ 152.48829, -10.817076 ], [ 152.498598, -10.824586 ], [ 152.50464, -10.821224 ], [ 152.502881, -10.818772 ], [ 152.48829, -10.817076 ] ] ], [ [ [ 152.488588, -11.040884 ], [ 152.480968, -11.04179 ], [ 152.492498, -11.049008 ], [ 152.488588, -11.040884 ] ] ], [ [ [ 152.355239, -11.276648 ], [ 152.359819, -11.282066 ], [ 152.358749, -11.273996 ], [ 152.355239, -11.276648 ] ] ], [ [ [ 151.916847, -10.800799 ], [ 151.918397, -10.809433 ], [ 151.926801, -10.807039 ], [ 151.925032, -10.804748 ], [ 151.916847, -10.800799 ] ] ], [ [ [ 151.361937, -10.583041 ], [ 151.36639, -10.593964 ], [ 151.370398, -10.587294 ], [ 151.361937, -10.583041 ] ] ], [ [ [ 151.860143, -10.250278 ], [ 151.857922, -10.259815 ], [ 151.86423, -10.252829 ], [ 151.860143, -10.250278 ] ] ], [ [ [ 151.060752, -10.669592 ], [ 151.059943, -10.677674 ], [ 151.066355, -10.679937 ], [ 151.060752, -10.669592 ] ] ], [ [ [ 150.814906, -9.203602 ], [ 150.814984, -9.215127 ], [ 150.822022, -9.218536 ], [ 150.822792, -9.215942 ], [ 150.814906, -9.203602 ] ] ], [ [ [ 150.831375, -8.562257 ], [ 150.83215, -8.569879 ], [ 150.837504, -8.572584 ], [ 150.838928, -8.570268 ], [ 150.831375, -8.562257 ] ] ], [ [ [ 150.432853, -10.688134 ], [ 150.433765, -10.695918 ], [ 150.436103, -10.698211 ], [ 150.441015, -10.692708 ], [ 150.432853, -10.688134 ] ] ], [ [ [ 150.878519, -8.457412 ], [ 150.882599, -8.463436 ], [ 150.885217, -8.473036 ], [ 150.885185, -8.462552 ], [ 150.878519, -8.457412 ] ] ], [ [ [ 151.965752, -9.29587 ], [ 151.961685, -9.294469 ], [ 151.975118, -9.303588 ], [ 151.965752, -9.29587 ] ] ], [ [ [ 152.298261, -11.121898 ], [ 152.306655, -11.121603 ], [ 152.299865, -11.117357 ], [ 152.298261, -11.121898 ] ] ], [ [ [ 151.113176, -10.647002 ], [ 151.106194, -10.645899 ], [ 151.112331, -10.65018 ], [ 151.113176, -10.647002 ] ] ], [ [ [ 150.574952, -8.325687 ], [ 150.584086, -8.337987 ], [ 150.588701, -8.338822 ], [ 150.574952, -8.325687 ] ] ], [ [ [ 151.720804, -10.735267 ], [ 151.720317, -10.744499 ], [ 151.720905, -10.74507 ], [ 151.728688, -10.738939 ], [ 151.720804, -10.735267 ] ] ], [ [ [ 151.863598, -10.765709 ], [ 151.862445, -10.770204 ], [ 151.868583, -10.773027 ], [ 151.863598, -10.765709 ] ] ], [ [ [ 151.370643, -10.614877 ], [ 151.380441, -10.605959 ], [ 151.379266, -10.604526 ], [ 151.372589, -10.604869 ], [ 151.370643, -10.614877 ] ] ], [ [ [ 151.114231, -10.670641 ], [ 151.107305, -10.676464 ], [ 151.10964, -10.678176 ], [ 151.114231, -10.670641 ] ] ], [ [ [ 151.816138, -10.734329 ], [ 151.821674, -10.735717 ], [ 151.829337, -10.745449 ], [ 151.823997, -10.735116 ], [ 151.816138, -10.734329 ] ] ], [ [ [ 150.82773, -8.320402 ], [ 150.816781, -8.320469 ], [ 150.829185, -8.322983 ], [ 150.82773, -8.320402 ] ] ], [ [ [ 150.880456, -9.319017 ], [ 150.870039, -9.318513 ], [ 150.870049, -9.319518 ], [ 150.880456, -9.319017 ] ] ], [ [ [ 152.386589, -10.792617 ], [ 152.391634, -10.788132 ], [ 152.386657, -10.789917 ], [ 152.386589, -10.792617 ] ] ], [ [ [ 151.048503, -10.280959 ], [ 151.047697, -10.289325 ], [ 151.050904, -10.291322 ], [ 151.048503, -10.280959 ] ] ], [ [ [ 151.868113, -9.304661 ], [ 151.861735, -9.303288 ], [ 151.86178, -9.307608 ], [ 151.868113, -9.304661 ] ] ], [ [ [ 152.801301, -11.142834 ], [ 152.800464, -11.134733 ], [ 152.796724, -11.143598 ], [ 152.801301, -11.142834 ] ] ], [ [ [ 150.909471, -9.722474 ], [ 150.902402, -9.72641 ], [ 150.902708, -9.728714 ], [ 150.909471, -9.722474 ] ] ], [ [ [ 153.025926, -10.861889 ], [ 153.03993, -10.861836 ], [ 153.022782, -10.858393 ], [ 153.025926, -10.861889 ] ] ], [ [ [ 152.813468, -11.137445 ], [ 152.809957, -11.132703 ], [ 152.807358, -11.137694 ], [ 152.813468, -11.137445 ] ] ], [ [ [ 150.748101, -10.899803 ], [ 150.741397, -10.897538 ], [ 150.743758, -10.903292 ], [ 150.748101, -10.899803 ] ] ], [ [ [ 152.901561, -11.160338 ], [ 152.903729, -11.152575 ], [ 152.901407, -11.150758 ], [ 152.899144, -11.153773 ], [ 152.901561, -11.160338 ] ] ], [ [ [ 153.092105, -10.885591 ], [ 153.09664, -10.891268 ], [ 153.099378, -10.889631 ], [ 153.092105, -10.885591 ] ] ], [ [ [ 151.049536, -10.302003 ], [ 151.045816, -10.309236 ], [ 151.04814, -10.309798 ], [ 151.049536, -10.302003 ] ] ], [ [ [ 152.758348, -11.121994 ], [ 152.760832, -11.125883 ], [ 152.764013, -11.117442 ], [ 152.758348, -11.121994 ] ] ], [ [ [ 150.65127, -8.393173 ], [ 150.644636, -8.392348 ], [ 150.64552, -8.395512 ], [ 150.65127, -8.393173 ] ] ], [ [ [ 152.003888, -10.78624 ], [ 151.996626, -10.784676 ], [ 151.997253, -10.788708 ], [ 152.003888, -10.78624 ] ] ], [ [ [ 152.032879, -11.187928 ], [ 152.027683, -11.187504 ], [ 152.028278, -11.192642 ], [ 152.032879, -11.187928 ] ] ], [ [ [ 149.886626, -9.769967 ], [ 149.88375, -9.776891 ], [ 149.884339, -9.77891 ], [ 149.890119, -9.775719 ], [ 149.886626, -9.769967 ] ] ], [ [ [ 150.647309, -10.351609 ], [ 150.643822, -10.350764 ], [ 150.640677, -10.35545 ], [ 150.647309, -10.351609 ] ] ], [ [ [ 150.932436, -10.281579 ], [ 150.926653, -10.284983 ], [ 150.928109, -10.285836 ], [ 150.932436, -10.281579 ] ] ], [ [ [ 150.883529, -8.638807 ], [ 150.86911, -8.639479 ], [ 150.884978, -8.639949 ], [ 150.883529, -8.638807 ] ] ], [ [ [ 151.317314, -10.427109 ], [ 151.310231, -10.427801 ], [ 151.317327, -10.42884 ], [ 151.317314, -10.427109 ] ] ], [ [ [ 151.25639, -11.146155 ], [ 151.253675, -11.152375 ], [ 151.256014, -11.153225 ], [ 151.25639, -11.146155 ] ] ], [ [ [ 151.017713, -10.942929 ], [ 151.011512, -10.942382 ], [ 151.016767, -10.945275 ], [ 151.017713, -10.942929 ] ] ], [ [ [ 150.665461, -10.611902 ], [ 150.659651, -10.611934 ], [ 150.664325, -10.615656 ], [ 150.665461, -10.611902 ] ] ], [ [ [ 150.442731, -8.414173 ], [ 150.43872, -8.419085 ], [ 150.440757, -8.42253 ], [ 150.442772, -8.421947 ], [ 150.442731, -8.414173 ] ] ], [ [ [ 150.470026, -9.566685 ], [ 150.463081, -9.567007 ], [ 150.463669, -9.568736 ], [ 150.470026, -9.566685 ] ] ], [ [ [ 151.437305, -10.403321 ], [ 151.430342, -10.403957 ], [ 151.437757, -10.405479 ], [ 151.437305, -10.403321 ] ] ], [ [ [ 149.835151, -9.611869 ], [ 149.833132, -9.613892 ], [ 149.842953, -9.612005 ], [ 149.835151, -9.611869 ] ] ], [ [ [ 150.822849, -8.537829 ], [ 150.816784, -8.536142 ], [ 150.81659, -8.537563 ], [ 150.822849, -8.537829 ] ] ], [ [ [ 152.412598, -10.723687 ], [ 152.417409, -10.726427 ], [ 152.413801, -10.722786 ], [ 152.412598, -10.723687 ] ] ], [ [ [ 150.92154, -10.300874 ], [ 150.918673, -10.305798 ], [ 150.919264, -10.307521 ], [ 150.9239, -10.306049 ], [ 150.92154, -10.300874 ] ] ], [ [ [ 152.906931, -9.260115 ], [ 152.905641, -9.264538 ], [ 152.90923, -9.26117 ], [ 152.906931, -9.260115 ] ] ], [ [ [ 150.116815, -10.448445 ], [ 150.111296, -10.447604 ], [ 150.112465, -10.449903 ], [ 150.116815, -10.448445 ] ] ], [ [ [ 150.676437, -10.34423 ], [ 150.671797, -10.345268 ], [ 150.677469, -10.347398 ], [ 150.676437, -10.34423 ] ] ], [ [ [ 150.626504, -10.608086 ], [ 150.630614, -10.614698 ], [ 150.636999, -10.613508 ], [ 150.631764, -10.612961 ], [ 150.626504, -10.608086 ] ] ], [ [ [ 153.119589, -11.322794 ], [ 153.115077, -11.318348 ], [ 153.11469, -11.324191 ], [ 153.119589, -11.322794 ] ] ], [ [ [ 150.885022, -10.224708 ], [ 150.878916, -10.222729 ], [ 150.87952, -10.225898 ], [ 150.885022, -10.224708 ] ] ], [ [ [ 152.969448, -11.174968 ], [ 152.966393, -11.170112 ], [ 152.963711, -11.171974 ], [ 152.969448, -11.174968 ] ] ], [ [ [ 153.090361, -11.209871 ], [ 153.094646, -11.21113 ], [ 153.092843, -11.207096 ], [ 153.090361, -11.209871 ] ] ], [ [ [ 149.822879, -10.516029 ], [ 149.817366, -10.516913 ], [ 149.82058, -10.523248 ], [ 149.822879, -10.516029 ] ] ], [ [ [ 150.285499, -8.563218 ], [ 150.279441, -8.562958 ], [ 150.280318, -8.565259 ], [ 150.285499, -8.563218 ] ] ], [ [ [ 152.486568, -9.568297 ], [ 152.480866, -9.561524 ], [ 152.477727, -9.562549 ], [ 152.486568, -9.568297 ] ] ], [ [ [ 152.491773, -10.854387 ], [ 152.498501, -10.852313 ], [ 152.500022, -10.850032 ], [ 152.495759, -10.850346 ], [ 152.491773, -10.854387 ] ] ], [ [ [ 150.691453, -9.337784 ], [ 150.686838, -9.339541 ], [ 150.691464, -9.338934 ], [ 150.691453, -9.337784 ] ] ], [ [ [ 150.658186, -10.340882 ], [ 150.653332, -10.339463 ], [ 150.652476, -10.342349 ], [ 150.658186, -10.340882 ] ] ], [ [ [ 152.743346, -10.952841 ], [ 152.737986, -10.953722 ], [ 152.735303, -10.955142 ], [ 152.743346, -10.952841 ] ] ], [ [ [ 151.246335, -10.53308 ], [ 151.24328, -10.532525 ], [ 151.244785, -10.539291 ], [ 151.246335, -10.53308 ] ] ], [ [ [ 152.374675, -11.276016 ], [ 152.372716, -11.280587 ], [ 152.376923, -11.275774 ], [ 152.374675, -11.276016 ] ] ], [ [ [ 149.774589, -9.589842 ], [ 149.769379, -9.590864 ], [ 149.771416, -9.594458 ], [ 149.774589, -9.589842 ] ] ], [ [ [ 151.538896, -11.060388 ], [ 151.539365, -11.069781 ], [ 151.540675, -11.072288 ], [ 151.541799, -11.064992 ], [ 151.538896, -11.060388 ] ] ], [ [ [ 152.721562, -11.134918 ], [ 152.713264, -11.136062 ], [ 152.712493, -11.137876 ], [ 152.721562, -11.134918 ] ] ], [ [ [ 150.678706, -10.685936 ], [ 150.672902, -10.687414 ], [ 150.680176, -10.688526 ], [ 150.678706, -10.685936 ] ] ], [ [ [ 151.901265, -10.798073 ], [ 151.896191, -10.799569 ], [ 151.906521, -10.801189 ], [ 151.901265, -10.798073 ] ] ], [ [ [ 153.664213, -9.30126 ], [ 153.657209, -9.304289 ], [ 153.666315, -9.302505 ], [ 153.664213, -9.30126 ] ] ], [ [ [ 150.369782, -10.345569 ], [ 150.365976, -10.346033 ], [ 150.366609, -10.348757 ], [ 150.369782, -10.345569 ] ] ], [ [ [ 152.38313, -11.275987 ], [ 152.389151, -11.276839 ], [ 152.39244, -11.274675 ], [ 152.388742, -11.274084 ], [ 152.38313, -11.275987 ] ] ], [ [ [ 151.222392, -10.429884 ], [ 151.216882, -10.430796 ], [ 151.220389, -10.433361 ], [ 151.222392, -10.429884 ] ] ], [ [ [ 149.93259, -10.577417 ], [ 149.928531, -10.579161 ], [ 149.934351, -10.582022 ], [ 149.93259, -10.577417 ] ] ], [ [ [ 150.978277, -10.875806 ], [ 150.974224, -10.878141 ], [ 150.977133, -10.87841 ], [ 150.978277, -10.875806 ] ] ], [ [ [ 152.884199, -10.686071 ], [ 152.88815, -10.689254 ], [ 152.886923, -10.686415 ], [ 152.884199, -10.686071 ] ] ], [ [ [ 152.940595, -9.254326 ], [ 152.944692, -9.251522 ], [ 152.939526, -9.25151 ], [ 152.940595, -9.254326 ] ] ], [ [ [ 150.711585, -10.554242 ], [ 150.706787, -10.553836 ], [ 150.709285, -10.558578 ], [ 150.711585, -10.554242 ] ] ], [ [ [ 151.185793, -10.392394 ], [ 151.180855, -10.391856 ], [ 151.184068, -10.394427 ], [ 151.185793, -10.392394 ] ] ], [ [ [ 150.452813, -8.413545 ], [ 150.451427, -8.418078 ], [ 150.455148, -8.418717 ], [ 150.452813, -8.413545 ] ] ], [ [ [ 150.788655, -10.91859 ], [ 150.784592, -10.920347 ], [ 150.787804, -10.922343 ], [ 150.788655, -10.91859 ] ] ], [ [ [ 150.641464, -10.583487 ], [ 150.639731, -10.584941 ], [ 150.646149, -10.589517 ], [ 150.641464, -10.583487 ] ] ], [ [ [ 150.111912, -10.456249 ], [ 150.108859, -10.454966 ], [ 150.109597, -10.458277 ], [ 150.111912, -10.456249 ] ] ], [ [ [ 152.639757, -11.105382 ], [ 152.63494, -11.110181 ], [ 152.635158, -11.111354 ], [ 152.639757, -11.105382 ] ] ], [ [ [ 151.807941, -11.176565 ], [ 151.802998, -11.177188 ], [ 151.804185, -11.179486 ], [ 151.807941, -11.176565 ] ] ], [ [ [ 150.73869, -10.703462 ], [ 150.734181, -10.702768 ], [ 150.737825, -10.704617 ], [ 150.73869, -10.703462 ] ] ], [ [ [ 151.865363, -10.222541 ], [ 151.864902, -10.228088 ], [ 151.868002, -10.2254 ], [ 151.865363, -10.222541 ] ] ], [ [ [ 151.129809, -11.098242 ], [ 151.132726, -11.098509 ], [ 151.131848, -11.094719 ], [ 151.129809, -11.098242 ] ] ], [ [ [ 153.645697, -9.304217 ], [ 153.643273, -9.308252 ], [ 153.647624, -9.306306 ], [ 153.645697, -9.304217 ] ] ], [ [ [ 151.751364, -10.718293 ], [ 151.745642, -10.719452 ], [ 151.747125, -10.722322 ], [ 151.751364, -10.718293 ] ] ], [ [ [ 150.65737, -10.477277 ], [ 150.653604, -10.47874 ], [ 150.658385, -10.481321 ], [ 150.65737, -10.477277 ] ] ], [ [ [ 150.022196, -10.590342 ], [ 150.01849, -10.591117 ], [ 150.019514, -10.593562 ], [ 150.022196, -10.590342 ] ] ], [ [ [ 151.260372, -10.562241 ], [ 151.255728, -10.562277 ], [ 151.259226, -10.56398 ], [ 151.260372, -10.562241 ] ] ], [ [ [ 150.787905, -8.616673 ], [ 150.784466, -8.619864 ], [ 150.788777, -8.618108 ], [ 150.787905, -8.616673 ] ] ], [ [ [ 152.584156, -11.061032 ], [ 152.587787, -11.065741 ], [ 152.585061, -11.059169 ], [ 152.584156, -11.061032 ] ] ], [ [ [ 152.198754, -10.80574 ], [ 152.19396, -10.809758 ], [ 152.203962, -10.80532 ], [ 152.198754, -10.80574 ] ] ], [ [ [ 149.772601, -9.604255 ], [ 149.769176, -9.60466 ], [ 149.770295, -9.606278 ], [ 149.772601, -9.604255 ] ] ], [ [ [ 154.395134, -11.448186 ], [ 154.398839, -11.450361 ], [ 154.396492, -11.446469 ], [ 154.395134, -11.448186 ] ] ], [ [ [ 152.623887, -10.95827 ], [ 152.620262, -10.960839 ], [ 152.623878, -10.960086 ], [ 152.623887, -10.95827 ] ] ], [ [ [ 151.767417, -10.71693 ], [ 151.772054, -10.715742 ], [ 151.768269, -10.714905 ], [ 151.767417, -10.71693 ] ] ], [ [ [ 152.405301, -11.040464 ], [ 152.400927, -11.042214 ], [ 152.40135, -11.043562 ], [ 152.405301, -11.040464 ] ] ], [ [ [ 151.533184, -11.06205 ], [ 151.529673, -11.060351 ], [ 151.532312, -11.062637 ], [ 151.533184, -11.06205 ] ] ], [ [ [ 151.317515, -11.025341 ], [ 151.314616, -11.027574 ], [ 151.317829, -11.028993 ], [ 151.317515, -11.025341 ] ] ], [ [ [ 151.994339, -11.181163 ], [ 151.995534, -11.184734 ], [ 151.99668, -11.184189 ], [ 151.994339, -11.181163 ] ] ], [ [ [ 150.324367, -8.550661 ], [ 150.322069, -8.552683 ], [ 150.326465, -8.554211 ], [ 150.324367, -8.550661 ] ] ], [ [ [ 150.716647, -10.57382 ], [ 150.71259, -10.575862 ], [ 150.713175, -10.576434 ], [ 150.716647, -10.57382 ] ] ], [ [ [ 150.850973, -9.955644 ], [ 150.845471, -9.956544 ], [ 150.8452, -9.958851 ], [ 150.850973, -9.955644 ] ] ], [ [ [ 151.035846, -10.954152 ], [ 151.033317, -10.951268 ], [ 151.032155, -10.953411 ], [ 151.035846, -10.954152 ] ] ], [ [ [ 152.235214, -10.806881 ], [ 152.236113, -10.811687 ], [ 152.237844, -10.812436 ], [ 152.235214, -10.806881 ] ] ], [ [ [ 149.768266, -9.599517 ], [ 149.765069, -9.600818 ], [ 149.768831, -9.601959 ], [ 149.768266, -9.599517 ] ] ], [ [ [ 150.992487, -9.670382 ], [ 150.995249, -9.671875 ], [ 150.996106, -9.670139 ], [ 150.992487, -9.670382 ] ] ], [ [ [ 150.568512, -10.627444 ], [ 150.569691, -10.630897 ], [ 150.571724, -10.630598 ], [ 150.568512, -10.627444 ] ] ], [ [ [ 150.110799, -10.468367 ], [ 150.110525, -10.471825 ], [ 150.112843, -10.470378 ], [ 150.110799, -10.468367 ] ] ], [ [ [ 154.089433, -11.415017 ], [ 154.092229, -11.412684 ], [ 154.091407, -11.411342 ], [ 154.089433, -11.415017 ] ] ], [ [ [ 153.164559, -11.46483 ], [ 153.167423, -11.463691 ], [ 153.161313, -11.461088 ], [ 153.164559, -11.46483 ] ] ], [ [ [ 150.678971, -10.768457 ], [ 150.676029, -10.769013 ], [ 150.67953, -10.771585 ], [ 150.678971, -10.768457 ] ] ], [ [ [ 152.38434, -11.038117 ], [ 152.380913, -11.039575 ], [ 152.381657, -11.041222 ], [ 152.38434, -11.038117 ] ] ], [ [ [ 152.013152, -11.183028 ], [ 152.016858, -11.185247 ], [ 152.017396, -11.184451 ], [ 152.013152, -11.183028 ] ] ], [ [ [ 150.802944, -10.620004 ], [ 150.799753, -10.621182 ], [ 150.801801, -10.622898 ], [ 150.802944, -10.620004 ] ] ], [ [ [ 150.714571, -9.334764 ], [ 150.711117, -9.33709 ], [ 150.713894, -9.337206 ], [ 150.714571, -9.334764 ] ] ], [ [ [ 152.496274, -11.047427 ], [ 152.496617, -11.051009 ], [ 152.499345, -11.050635 ], [ 152.496274, -11.047427 ] ] ], [ [ [ 150.881005, -9.335872 ], [ 150.878269, -9.337476 ], [ 150.882838, -9.337378 ], [ 150.881005, -9.335872 ] ] ], [ [ [ 149.776929, -9.599347 ], [ 149.772881, -9.599642 ], [ 149.77607, -9.601654 ], [ 149.776929, -9.599347 ] ] ], [ [ [ 152.791054, -11.147261 ], [ 152.791506, -11.143434 ], [ 152.788965, -11.147154 ], [ 152.791054, -11.147261 ] ] ], [ [ [ 150.785098, -9.242116 ], [ 150.781626, -9.241704 ], [ 150.783959, -9.244717 ], [ 150.785098, -9.242116 ] ] ], [ [ [ 150.754526, -9.25268 ], [ 150.751931, -9.254137 ], [ 150.754254, -9.255561 ], [ 150.754526, -9.25268 ] ] ], [ [ [ 151.121192, -10.668571 ], [ 151.122683, -10.673466 ], [ 151.123842, -10.672878 ], [ 151.121192, -10.668571 ] ] ], [ [ [ 151.282596, -10.57965 ], [ 151.278831, -10.580837 ], [ 151.279429, -10.582559 ], [ 151.282596, -10.57965 ] ] ], [ [ [ 151.827368, -10.752102 ], [ 151.832015, -10.751476 ], [ 151.831069, -10.749766 ], [ 151.827368, -10.752102 ] ] ], [ [ [ 151.267624, -10.526276 ], [ 151.270276, -10.530727 ], [ 151.268198, -10.525262 ], [ 151.267624, -10.526276 ] ] ], [ [ [ 152.353196, -11.079423 ], [ 152.357172, -11.079413 ], [ 152.352603, -11.078073 ], [ 152.353196, -11.079423 ] ] ], [ [ [ 150.112267, -8.303349 ], [ 150.109684, -8.305663 ], [ 150.11084, -8.306235 ], [ 150.112267, -8.303349 ] ] ], [ [ [ 152.489003, -10.793905 ], [ 152.486637, -10.791258 ], [ 152.488239, -10.795522 ], [ 152.489003, -10.793905 ] ] ], [ [ [ 152.30093, -11.30073 ], [ 152.300553, -11.304056 ], [ 152.302099, -11.302414 ], [ 152.30093, -11.30073 ] ] ], [ [ [ 152.528926, -9.313768 ], [ 152.527038, -9.316574 ], [ 152.529419, -9.315704 ], [ 152.528926, -9.313768 ] ] ], [ [ [ 150.63908, -10.716739 ], [ 150.634704, -10.714167 ], [ 150.638502, -10.717608 ], [ 150.63908, -10.716739 ] ] ], [ [ [ 151.211856, -10.207071 ], [ 151.208954, -10.206805 ], [ 151.212174, -10.209507 ], [ 151.211856, -10.207071 ] ] ], [ [ [ 150.758888, -10.904064 ], [ 150.755109, -10.904087 ], [ 150.758605, -10.905221 ], [ 150.758888, -10.904064 ] ] ], [ [ [ 150.795082, -10.617462 ], [ 150.791888, -10.618059 ], [ 150.793639, -10.619201 ], [ 150.795082, -10.617462 ] ] ], [ [ [ 153.337312, -11.356041 ], [ 153.33527, -11.358789 ], [ 153.338821, -11.358036 ], [ 153.337312, -11.356041 ] ] ], [ [ [ 152.435785, -9.200692 ], [ 152.434788, -9.20383 ], [ 152.436402, -9.205519 ], [ 152.435785, -9.200692 ] ] ], [ [ [ 151.084936, -10.526957 ], [ 151.085833, -10.53041 ], [ 151.087562, -10.528667 ], [ 151.084936, -10.526957 ] ] ], [ [ [ 152.834566, -9.296908 ], [ 152.831141, -9.296106 ], [ 152.83198, -9.298005 ], [ 152.834566, -9.296908 ] ] ], [ [ [ 151.001404, -9.642718 ], [ 150.997648, -9.643605 ], [ 150.999972, -9.644457 ], [ 151.001404, -9.642718 ] ] ], [ [ [ 150.915729, -10.013739 ], [ 150.911969, -10.01492 ], [ 150.912554, -10.015778 ], [ 150.915729, -10.013739 ] ] ], [ [ [ 150.683072, -10.593916 ], [ 150.680755, -10.595083 ], [ 150.683811, -10.596074 ], [ 150.683072, -10.593916 ] ] ], [ [ [ 150.928964, -9.633707 ], [ 150.925491, -9.633731 ], [ 150.926366, -9.635162 ], [ 150.928964, -9.633707 ] ] ], [ [ [ 150.026904, -10.626413 ], [ 150.022541, -10.625852 ], [ 150.022786, -10.626779 ], [ 150.026904, -10.626413 ] ] ], [ [ [ 150.630911, -10.711882 ], [ 150.62772, -10.712476 ], [ 150.628595, -10.713338 ], [ 150.630911, -10.711882 ] ] ], [ [ [ 150.428081, -10.774965 ], [ 150.425236, -10.775888 ], [ 150.428086, -10.776121 ], [ 150.428081, -10.774965 ] ] ], [ [ [ 151.787217, -10.720487 ], [ 151.788415, -10.723645 ], [ 151.788813, -10.723508 ], [ 151.787217, -10.720487 ] ] ], [ [ [ 151.940443, -9.388643 ], [ 151.938147, -9.390395 ], [ 151.939893, -9.391244 ], [ 151.940443, -9.388643 ] ] ], [ [ [ 152.174197, -11.239884 ], [ 152.176757, -11.243101 ], [ 152.175133, -11.238623 ], [ 152.174197, -11.239884 ] ] ], [ [ [ 153.085765, -11.17521 ], [ 153.087041, -11.178744 ], [ 153.088841, -11.178607 ], [ 153.085765, -11.17521 ] ] ], [ [ [ 151.972394, -11.172001 ], [ 151.970958, -11.174032 ], [ 151.973579, -11.174007 ], [ 151.972394, -11.172001 ] ] ], [ [ [ 150.78119, -9.307268 ], [ 150.777728, -9.307865 ], [ 150.780337, -9.309002 ], [ 150.78119, -9.307268 ] ] ], [ [ [ 152.951595, -11.177711 ], [ 152.949979, -11.174329 ], [ 152.94977, -11.177462 ], [ 152.951595, -11.177711 ] ] ], [ [ [ 152.215763, -10.815626 ], [ 152.216086, -10.818293 ], [ 152.217408, -10.815407 ], [ 152.215763, -10.815626 ] ] ], [ [ [ 150.625276, -10.356347 ], [ 150.622654, -10.354632 ], [ 150.622145, -10.355705 ], [ 150.625276, -10.356347 ] ] ], [ [ [ 150.743324, -8.322373 ], [ 150.741316, -8.324112 ], [ 150.744192, -8.323229 ], [ 150.743324, -8.322373 ] ] ], [ [ [ 151.203673, -10.199349 ], [ 151.20282, -10.201666 ], [ 151.205137, -10.201356 ], [ 151.203673, -10.199349 ] ] ], [ [ [ 152.607989, -11.098812 ], [ 152.605227, -11.099457 ], [ 152.605575, -11.100711 ], [ 152.607989, -11.098812 ] ] ], [ [ [ 150.754089, -9.240744 ], [ 150.751648, -9.240787 ], [ 150.753013, -9.242602 ], [ 150.754089, -9.240744 ] ] ], [ [ [ 150.889332, -9.762242 ], [ 150.886732, -9.763701 ], [ 150.888481, -9.765132 ], [ 150.889332, -9.762242 ] ] ], [ [ [ 152.706846, -10.942304 ], [ 152.703828, -10.944575 ], [ 152.704298, -10.945561 ], [ 152.706846, -10.942304 ] ] ], [ [ [ 153.676023, -9.303934 ], [ 153.678264, -9.302542 ], [ 153.676795, -9.301928 ], [ 153.676023, -9.303934 ] ] ], [ [ [ 151.875049, -10.834683 ], [ 151.87111, -10.833277 ], [ 151.87068, -10.833861 ], [ 151.875049, -10.834683 ] ] ], [ [ [ 150.379233, -10.320151 ], [ 150.376042, -10.321028 ], [ 150.378371, -10.321885 ], [ 150.379233, -10.320151 ] ] ], [ [ [ 150.787925, -9.232301 ], [ 150.785618, -9.232893 ], [ 150.787073, -9.234901 ], [ 150.787925, -9.232301 ] ] ], [ [ [ 152.423816, -9.158418 ], [ 152.421601, -9.157589 ], [ 152.422038, -9.159098 ], [ 152.423816, -9.158418 ] ] ], [ [ [ 150.907258, -10.209567 ], [ 150.902901, -10.20931 ], [ 150.902617, -10.209887 ], [ 150.907258, -10.209567 ] ] ], [ [ [ 151.741378, -10.729008 ], [ 151.739343, -10.72903 ], [ 151.739584, -10.729502 ], [ 151.741378, -10.729008 ] ] ], [ [ [ 150.896573, -9.267329 ], [ 150.893975, -9.267488 ], [ 150.897168, -9.269341 ], [ 150.896573, -9.267329 ] ] ], [ [ [ 152.520418, -9.376164 ], [ 152.519015, -9.37887 ], [ 152.520834, -9.377801 ], [ 152.520418, -9.376164 ] ] ], [ [ [ 150.955459, -10.015198 ], [ 150.95286, -10.016373 ], [ 150.956048, -10.016636 ], [ 150.955459, -10.015198 ] ] ], [ [ [ 151.828146, -10.548486 ], [ 151.825826, -10.548797 ], [ 151.826127, -10.54966 ], [ 151.828146, -10.548486 ] ] ], [ [ [ 150.810781, -9.667631 ], [ 150.808168, -9.666494 ], [ 150.808758, -9.667642 ], [ 150.810781, -9.667631 ] ] ], [ [ [ 150.623914, -10.61156 ], [ 150.621016, -10.613019 ], [ 150.623922, -10.613291 ], [ 150.623914, -10.61156 ] ] ], [ [ [ 152.576918, -10.880073 ], [ 152.577717, -10.883108 ], [ 152.578809, -10.882496 ], [ 152.576918, -10.880073 ] ] ], [ [ [ 150.664801, -8.37425 ], [ 150.662104, -8.374106 ], [ 150.662688, -8.375258 ], [ 150.664801, -8.37425 ] ] ], [ [ [ 153.174054, -11.338781 ], [ 153.173346, -11.336248 ], [ 153.172398, -11.337182 ], [ 153.174054, -11.338781 ] ] ], [ [ [ 150.85644, -10.624856 ], [ 150.854143, -10.625447 ], [ 150.855292, -10.626879 ], [ 150.85644, -10.624856 ] ] ], [ [ [ 152.814918, -11.144556 ], [ 152.813991, -11.141517 ], [ 152.813619, -11.145651 ], [ 152.814918, -11.144556 ] ] ], [ [ [ 152.692942, -11.147919 ], [ 152.692308, -11.151474 ], [ 152.693231, -11.151705 ], [ 152.692942, -11.147919 ] ] ], [ [ [ 150.719718, -8.325971 ], [ 150.717421, -8.327136 ], [ 150.718871, -8.328278 ], [ 150.719718, -8.325971 ] ] ], [ [ [ 151.041817, -10.586673 ], [ 151.0392, -10.586403 ], [ 151.038922, -10.588136 ], [ 151.041817, -10.586673 ] ] ], [ [ [ 152.549198, -10.830159 ], [ 152.547015, -10.831695 ], [ 152.548983, -10.83199 ], [ 152.549198, -10.830159 ] ] ], [ [ [ 149.840199, -9.616745 ], [ 149.836036, -9.616478 ], [ 149.836038, -9.617629 ], [ 149.840199, -9.616745 ] ] ], [ [ [ 150.022813, -9.632025 ], [ 150.020204, -9.631171 ], [ 150.020787, -9.63261 ], [ 150.022813, -9.632025 ] ] ], [ [ [ 151.83975, -10.823791 ], [ 151.838088, -10.824903 ], [ 151.840598, -10.826974 ], [ 151.83975, -10.823791 ] ] ], [ [ [ 150.796119, -10.568444 ], [ 150.794621, -10.570314 ], [ 150.797663, -10.568707 ], [ 150.796119, -10.568444 ] ] ], [ [ [ 150.790188, -9.237353 ], [ 150.787676, -9.238353 ], [ 150.788838, -9.239212 ], [ 150.790188, -9.237353 ] ] ], [ [ [ 150.961587, -8.743502 ], [ 150.959873, -8.745436 ], [ 150.961599, -8.744846 ], [ 150.961587, -8.743502 ] ] ], [ [ [ 151.901363, -10.560608 ], [ 151.898993, -10.561232 ], [ 151.900627, -10.562457 ], [ 151.901363, -10.560608 ] ] ], [ [ [ 149.859234, -9.62938 ], [ 149.85692, -9.629679 ], [ 149.858955, -9.631401 ], [ 149.859234, -9.62938 ] ] ], [ [ [ 153.671604, -9.304376 ], [ 153.674096, -9.304325 ], [ 153.673309, -9.303027 ], [ 153.671604, -9.304376 ] ] ], [ [ [ 151.440836, -10.408769 ], [ 151.438809, -10.409364 ], [ 151.441874, -10.410791 ], [ 151.440836, -10.408769 ] ] ], [ [ [ 150.980771, -9.660666 ], [ 150.978587, -9.66125 ], [ 150.980415, -9.662176 ], [ 150.980771, -9.660666 ] ] ], [ [ [ 152.790434, -10.975889 ], [ 152.790667, -10.978381 ], [ 152.791771, -10.976556 ], [ 152.790434, -10.975889 ] ] ], [ [ [ 151.792789, -10.725334 ], [ 151.791501, -10.726986 ], [ 151.792519, -10.728233 ], [ 151.792789, -10.725334 ] ] ], [ [ [ 150.233196, -10.726824 ], [ 150.231271, -10.727037 ], [ 150.232794, -10.728279 ], [ 150.233196, -10.726824 ] ] ], [ [ [ 150.648695, -10.341221 ], [ 150.646369, -10.34008 ], [ 150.647541, -10.342091 ], [ 150.648695, -10.341221 ] ] ], [ [ [ 151.198886, -10.573968 ], [ 151.196856, -10.574562 ], [ 151.197733, -10.575417 ], [ 151.198886, -10.573968 ] ] ], [ [ [ 152.697657, -10.951133 ], [ 152.695638, -10.952599 ], [ 152.696463, -10.953789 ], [ 152.697657, -10.951133 ] ] ], [ [ [ 151.82811, -10.781078 ], [ 151.827694, -10.783244 ], [ 151.829349, -10.782033 ], [ 151.82811, -10.781078 ] ] ], [ [ [ 151.980019, -9.305229 ], [ 151.978596, -9.306972 ], [ 151.980656, -9.307258 ], [ 151.980019, -9.305229 ] ] ], [ [ [ 153.107134, -11.233475 ], [ 153.108063, -11.231349 ], [ 153.106174, -11.231529 ], [ 153.107134, -11.233475 ] ] ], [ [ [ 150.196901, -8.387996 ], [ 150.195024, -8.388762 ], [ 150.196776, -8.389674 ], [ 150.196901, -8.387996 ] ] ], [ [ [ 151.213365, -10.532904 ], [ 151.211926, -10.534649 ], [ 151.213955, -10.534056 ], [ 151.213365, -10.532904 ] ] ], [ [ [ 150.436111, -10.700233 ], [ 150.435252, -10.701967 ], [ 150.437785, -10.703423 ], [ 150.436111, -10.700233 ] ] ], [ [ [ 150.709278, -9.320962 ], [ 150.706963, -9.320398 ], [ 150.707257, -9.321552 ], [ 150.709278, -9.320962 ] ] ], [ [ [ 151.121432, -10.551197 ], [ 151.11853, -10.551506 ], [ 151.119116, -10.552082 ], [ 151.121432, -10.551197 ] ] ], [ [ [ 150.235697, -8.519089 ], [ 150.231954, -8.520255 ], [ 150.237356, -8.519763 ], [ 150.235697, -8.519089 ] ] ], [ [ [ 149.902105, -9.636171 ], [ 149.899429, -9.63686 ], [ 149.900954, -9.637904 ], [ 149.902105, -9.636171 ] ] ], [ [ [ 153.100189, -11.241458 ], [ 153.100915, -11.239198 ], [ 153.099649, -11.239293 ], [ 153.100189, -11.241458 ] ] ], [ [ [ 150.078213, -8.577026 ], [ 150.075909, -8.577611 ], [ 150.076197, -8.578185 ], [ 150.078213, -8.577026 ] ] ], [ [ [ 151.305479, -8.632516 ], [ 151.303167, -8.632248 ], [ 151.304621, -8.633387 ], [ 151.305479, -8.632516 ] ] ], [ [ [ 150.020818, -10.631051 ], [ 150.01937, -10.632496 ], [ 150.02151, -10.632497 ], [ 150.020818, -10.631051 ] ] ], [ [ [ 150.738521, -9.731494 ], [ 150.736501, -9.732949 ], [ 150.737376, -9.73352 ], [ 150.738521, -9.731494 ] ] ], [ [ [ 149.829648, -9.610732 ], [ 149.827047, -9.611026 ], [ 149.829447, -9.61219 ], [ 149.829648, -9.610732 ] ] ], [ [ [ 150.909091, -10.017533 ], [ 150.90765, -10.018986 ], [ 150.909682, -10.01926 ], [ 150.909091, -10.017533 ] ] ], [ [ [ 151.863198, -10.237557 ], [ 151.86146, -10.237577 ], [ 151.861762, -10.239015 ], [ 151.863198, -10.237557 ] ] ], [ [ [ 151.368642, -10.619034 ], [ 151.366881, -10.61703 ], [ 151.366311, -10.6179 ], [ 151.368642, -10.619034 ] ] ], [ [ [ 150.911035, -10.621034 ], [ 150.909012, -10.622056 ], [ 150.909886, -10.622772 ], [ 150.911035, -10.621034 ] ] ], [ [ [ 153.050456, -10.861075 ], [ 153.05249, -10.861911 ], [ 153.051656, -10.860621 ], [ 153.050456, -10.861075 ] ] ], [ [ [ 150.683366, -10.733497 ], [ 150.681323, -10.732931 ], [ 150.68344, -10.734843 ], [ 150.683366, -10.733497 ] ] ], [ [ [ 150.741468, -10.638846 ], [ 150.740607, -10.640582 ], [ 150.742679, -10.640787 ], [ 150.741468, -10.638846 ] ] ], [ [ [ 150.360778, -10.352864 ], [ 150.359381, -10.354557 ], [ 150.361404, -10.353394 ], [ 150.360778, -10.352864 ] ] ], [ [ [ 151.549622, -11.104344 ], [ 151.547742, -11.104249 ], [ 151.549379, -11.106076 ], [ 151.549622, -11.104344 ] ] ], [ [ [ 150.673822, -10.648186 ], [ 150.672085, -10.649064 ], [ 150.673826, -10.649052 ], [ 150.673822, -10.648186 ] ] ], [ [ [ 150.93044, -9.63773 ], [ 150.928929, -9.639116 ], [ 150.930449, -9.639171 ], [ 150.93044, -9.63773 ] ] ], [ [ [ 151.816937, -11.173879 ], [ 151.814316, -11.173906 ], [ 151.816372, -11.175325 ], [ 151.816937, -11.173879 ] ] ], [ [ [ 152.494016, -9.34099 ], [ 152.493155, -9.342477 ], [ 152.494699, -9.34268 ], [ 152.494016, -9.34099 ] ] ], [ [ [ 152.718276, -10.944579 ], [ 152.716587, -10.945549 ], [ 152.718073, -10.946731 ], [ 152.718276, -10.944579 ] ] ], [ [ [ 150.048308, -8.525301 ], [ 150.045996, -8.524443 ], [ 150.04831, -8.525876 ], [ 150.048308, -8.525301 ] ] ], [ [ [ 152.025062, -9.344859 ], [ 152.022854, -9.345127 ], [ 152.02471, -9.345967 ], [ 152.025062, -9.344859 ] ] ], [ [ [ 150.431589, -10.778696 ], [ 150.429848, -10.778707 ], [ 150.431888, -10.77985 ], [ 150.431589, -10.778696 ] ] ], [ [ [ 152.680508, -10.919284 ], [ 152.677319, -10.919666 ], [ 152.676038, -10.919902 ], [ 152.680508, -10.919284 ] ] ], [ [ [ 150.210891, -8.524456 ], [ 150.209486, -8.525825 ], [ 150.209896, -8.525906 ], [ 150.210891, -8.524456 ] ] ], [ [ [ 151.828367, -10.819577 ], [ 151.82707, -10.8206 ], [ 151.828793, -10.820758 ], [ 151.828367, -10.819577 ] ] ], [ [ [ 150.010507, -10.604187 ], [ 150.008515, -10.604271 ], [ 150.008805, -10.604846 ], [ 150.010507, -10.604187 ] ] ], [ [ [ 152.53891, -9.395169 ], [ 152.537529, -9.397193 ], [ 152.538162, -9.397359 ], [ 152.53891, -9.395169 ] ] ], [ [ [ 151.860343, -10.241915 ], [ 151.858605, -10.241931 ], [ 151.858641, -10.243175 ], [ 151.860343, -10.241915 ] ] ], [ [ [ 151.947308, -9.381653 ], [ 151.945513, -9.381764 ], [ 151.946455, -9.383106 ], [ 151.947308, -9.381653 ] ] ], [ [ [ 152.763168, -11.142665 ], [ 152.764272, -11.140885 ], [ 152.762379, -11.141421 ], [ 152.763168, -11.142665 ] ] ], [ [ [ 151.032372, -8.793603 ], [ 151.03035, -8.793521 ], [ 151.031804, -8.794471 ], [ 151.032372, -8.793603 ] ] ], [ [ [ 152.767657, -11.139485 ], [ 152.767449, -11.137672 ], [ 152.766642, -11.138957 ], [ 152.767657, -11.139485 ] ] ], [ [ [ 151.956412, -11.174762 ], [ 151.954677, -11.176225 ], [ 151.955559, -11.176792 ], [ 151.956412, -11.174762 ] ] ], [ [ [ 152.517252, -11.051552 ], [ 152.515166, -11.052096 ], [ 152.516335, -11.052849 ], [ 152.517252, -11.051552 ] ] ], [ [ [ 153.66835, -9.305311 ], [ 153.670018, -9.30533 ], [ 153.668705, -9.303632 ], [ 153.66835, -9.305311 ] ] ], [ [ [ 150.755101, -10.724701 ], [ 150.753659, -10.725864 ], [ 150.755687, -10.725564 ], [ 150.755101, -10.724701 ] ] ], [ [ [ 149.804064, -9.574199 ], [ 149.802911, -9.575352 ], [ 149.804644, -9.574774 ], [ 149.804064, -9.574199 ] ] ], [ [ [ 150.020304, -10.609854 ], [ 150.018591, -10.610636 ], [ 150.021154, -10.610578 ], [ 150.020304, -10.609854 ] ] ], [ [ [ 150.222157, -8.521594 ], [ 150.220427, -8.522319 ], [ 150.222169, -8.521847 ], [ 150.222157, -8.521594 ] ] ], [ [ [ 150.313629, -10.67486 ], [ 150.312476, -10.676595 ], [ 150.313639, -10.676301 ], [ 150.313629, -10.67486 ] ] ], [ [ [ 150.945414, -10.029398 ], [ 150.943685, -10.030704 ], [ 150.944558, -10.031419 ], [ 150.945414, -10.029398 ] ] ], [ [ [ 151.034781, -10.963376 ], [ 151.036811, -10.963074 ], [ 151.034646, -10.96251 ], [ 151.034781, -10.963376 ] ] ], [ [ [ 150.473526, -10.63227 ], [ 150.472662, -10.633719 ], [ 150.474114, -10.633709 ], [ 150.473526, -10.63227 ] ] ], [ [ [ 151.669784, -11.150424 ], [ 151.668234, -11.151668 ], [ 151.669978, -11.151649 ], [ 151.669784, -11.150424 ] ] ], [ [ [ 152.546638, -11.033313 ], [ 152.54514, -11.033424 ], [ 152.546404, -11.034528 ], [ 152.546638, -11.033313 ] ] ], [ [ [ 150.85896, -9.010272 ], [ 150.857234, -9.011151 ], [ 150.858399, -9.012584 ], [ 150.85896, -9.010272 ] ] ], [ [ [ 153.061852, -11.105358 ], [ 153.064113, -11.105186 ], [ 153.060446, -11.105056 ], [ 153.061852, -11.105358 ] ] ], [ [ [ 152.55578, -9.250406 ], [ 152.554401, -9.251606 ], [ 152.555783, -9.251902 ], [ 152.55578, -9.250406 ] ] ], [ [ [ 151.770679, -10.762616 ], [ 151.769171, -10.763386 ], [ 151.770856, -10.763978 ], [ 151.770679, -10.762616 ] ] ], [ [ [ 151.864776, -10.249651 ], [ 151.863038, -10.249672 ], [ 151.864713, -10.250286 ], [ 151.864776, -10.249651 ] ] ], [ [ [ 150.507592, -9.269894 ], [ 150.505708, -9.269947 ], [ 150.506292, -9.2711 ], [ 150.507592, -9.269894 ] ] ], [ [ [ 151.304565, -10.600528 ], [ 151.303703, -10.601689 ], [ 151.305155, -10.601675 ], [ 151.304565, -10.600528 ] ] ], [ [ [ 150.150811, -8.356464 ], [ 150.14916, -8.357269 ], [ 150.151391, -8.357326 ], [ 150.150811, -8.356464 ] ] ], [ [ [ 150.676138, -10.765328 ], [ 150.674845, -10.766136 ], [ 150.676077, -10.766171 ], [ 150.676138, -10.765328 ] ] ], [ [ [ 149.823762, -10.525047 ], [ 149.822034, -10.524682 ], [ 149.823454, -10.525793 ], [ 149.823762, -10.525047 ] ] ], [ [ [ 149.929587, -8.379424 ], [ 149.928082, -8.379901 ], [ 149.928726, -8.380579 ], [ 149.929587, -8.379424 ] ] ], [ [ [ 153.105894, -10.892435 ], [ 153.107907, -10.892645 ], [ 153.106017, -10.892008 ], [ 153.105894, -10.892435 ] ] ], [ [ [ 149.761607, -9.591471 ], [ 149.759259, -9.592224 ], [ 149.761858, -9.591745 ], [ 149.761607, -9.591471 ] ] ], [ [ [ 150.894413, -10.612493 ], [ 150.892972, -10.613656 ], [ 150.894095, -10.614047 ], [ 150.894413, -10.612493 ] ] ], [ [ [ 151.737333, -10.731354 ], [ 151.737928, -10.73279 ], [ 151.738204, -10.731347 ], [ 151.737333, -10.731354 ] ] ], [ [ [ 150.997401, -9.649374 ], [ 150.997124, -9.651106 ], [ 150.997986, -9.650236 ], [ 150.997401, -9.649374 ] ] ], [ [ [ 150.70593, -10.62464 ], [ 150.705357, -10.626374 ], [ 150.706518, -10.625788 ], [ 150.70593, -10.62464 ] ] ], [ [ [ 150.466699, -10.659991 ], [ 150.468734, -10.659983 ], [ 150.46699, -10.659414 ], [ 150.466699, -10.659991 ] ] ], [ [ [ 150.652341, -10.603901 ], [ 150.650891, -10.604487 ], [ 150.652345, -10.604766 ], [ 150.652341, -10.603901 ] ] ], [ [ [ 152.667134, -10.924035 ], [ 152.668228, -10.922774 ], [ 152.666833, -10.922483 ], [ 152.667134, -10.924035 ] ] ], [ [ [ 151.850012, -10.252685 ], [ 151.848568, -10.253278 ], [ 151.850057, -10.25387 ], [ 151.850012, -10.252685 ] ] ], [ [ [ 150.84503, -8.576567 ], [ 150.843879, -8.577438 ], [ 150.844934, -8.577163 ], [ 150.84503, -8.576567 ] ] ], [ [ [ 151.936119, -10.808094 ], [ 151.934674, -10.808974 ], [ 151.936127, -10.80896 ], [ 151.936119, -10.808094 ] ] ], [ [ [ 151.719477, -10.747965 ], [ 151.717741, -10.74856 ], [ 151.718042, -10.749423 ], [ 151.719477, -10.747965 ] ] ], [ [ [ 151.144887, -9.982081 ], [ 151.143938, -9.98328 ], [ 151.145957, -9.982402 ], [ 151.144887, -9.982081 ] ] ], [ [ [ 151.87933, -10.779983 ], [ 151.878639, -10.780768 ], [ 151.879718, -10.781276 ], [ 151.87933, -10.779983 ] ] ], [ [ [ 150.515922, -10.628303 ], [ 150.514183, -10.628886 ], [ 150.516368, -10.629597 ], [ 150.515922, -10.628303 ] ] ], [ [ [ 152.062559, -9.38125 ], [ 152.063567, -9.382111 ], [ 152.063681, -9.381305 ], [ 152.062559, -9.38125 ] ] ], [ [ [ 152.005714, -9.319018 ], [ 152.003867, -9.319043 ], [ 152.004175, -9.31956 ], [ 152.005714, -9.319018 ] ] ], [ [ [ 150.117341, -8.345652 ], [ 150.115902, -8.345946 ], [ 150.117343, -8.346227 ], [ 150.117341, -8.345652 ] ] ], [ [ [ 152.876049, -11.165036 ], [ 152.875263, -11.163547 ], [ 152.87509, -11.164944 ], [ 152.876049, -11.165036 ] ] ], [ [ [ 150.37717, -10.348394 ], [ 150.375608, -10.348855 ], [ 150.37648, -10.349573 ], [ 150.37717, -10.348394 ] ] ], [ [ [ 152.316293, -11.111359 ], [ 152.314596, -11.111832 ], [ 152.315461, -11.112581 ], [ 152.316293, -11.111359 ] ] ], [ [ [ 149.982339, -10.51756 ], [ 149.98089, -10.518719 ], [ 149.982342, -10.518716 ], [ 149.982339, -10.51756 ] ] ], [ [ [ 150.617134, -10.353801 ], [ 150.615751, -10.354324 ], [ 150.617137, -10.354377 ], [ 150.617134, -10.353801 ] ] ], [ [ [ 150.177249, -8.366462 ], [ 150.175347, -8.366153 ], [ 150.177418, -8.36737 ], [ 150.177249, -8.366462 ] ] ], [ [ [ 150.207181, -8.525832 ], [ 150.205742, -8.526416 ], [ 150.207128, -8.526134 ], [ 150.207181, -8.525832 ] ] ], [ [ [ 150.960581, -10.321946 ], [ 150.960594, -10.323387 ], [ 150.962038, -10.322228 ], [ 150.960581, -10.321946 ] ] ], [ [ [ 151.606098, -11.138977 ], [ 151.604826, -11.139366 ], [ 151.60611, -11.139843 ], [ 151.606098, -11.138977 ] ] ], [ [ [ 150.797369, -10.655804 ], [ 150.796511, -10.657249 ], [ 150.797382, -10.657245 ], [ 150.797369, -10.655804 ] ] ], [ [ [ 151.776136, -10.717135 ], [ 151.77381, -10.716869 ], [ 151.776146, -10.71771 ], [ 151.776136, -10.717135 ] ] ], [ [ [ 151.124152, -10.342978 ], [ 151.123323, -10.344077 ], [ 151.124741, -10.344125 ], [ 151.124152, -10.342978 ] ] ], [ [ [ 150.908118, -10.659984 ], [ 150.906669, -10.660573 ], [ 150.908414, -10.661139 ], [ 150.908118, -10.659984 ] ] ], [ [ [ 151.042815, -9.106971 ], [ 151.041378, -9.10813 ], [ 151.042822, -9.108121 ], [ 151.042815, -9.106971 ] ] ], [ [ [ 150.15773, -8.558286 ], [ 150.155996, -8.558006 ], [ 150.156285, -8.55858 ], [ 150.15773, -8.558286 ] ] ], [ [ [ 150.9925, -10.242141 ], [ 150.990467, -10.241867 ], [ 150.992104, -10.242898 ], [ 150.9925, -10.242141 ] ] ], [ [ [ 149.906962, -10.557884 ], [ 149.905512, -10.558757 ], [ 149.907227, -10.558425 ], [ 149.906962, -10.557884 ] ] ], [ [ [ 150.741678, -8.604575 ], [ 150.740299, -8.605429 ], [ 150.741684, -8.605729 ], [ 150.741678, -8.604575 ] ] ], [ [ [ 149.825804, -10.522654 ], [ 149.824064, -10.522662 ], [ 149.825806, -10.52352 ], [ 149.825804, -10.522654 ] ] ], [ [ [ 149.823347, -10.478828 ], [ 149.822479, -10.479985 ], [ 149.82393, -10.479407 ], [ 149.823347, -10.478828 ] ] ], [ [ [ 150.027106, -10.604209 ], [ 150.025747, -10.605203 ], [ 150.027113, -10.605359 ], [ 150.027106, -10.604209 ] ] ], [ [ [ 150.854144, -9.319478 ], [ 150.852916, -9.320386 ], [ 150.854151, -9.320633 ], [ 150.854144, -9.319478 ] ] ], [ [ [ 149.866657, -10.491682 ], [ 149.865499, -10.492264 ], [ 149.867026, -10.49291 ], [ 149.866657, -10.491682 ] ] ], [ [ [ 151.368104, -10.601694 ], [ 151.366754, -10.602033 ], [ 151.36734, -10.602604 ], [ 151.368104, -10.601694 ] ] ], [ [ [ 149.482852, -9.57884 ], [ 149.481624, -9.579547 ], [ 149.482799, -9.579785 ], [ 149.482852, -9.57884 ] ] ], [ [ [ 150.464094, -9.48688 ], [ 150.463209, -9.487546 ], [ 150.464097, -9.487456 ], [ 150.464094, -9.48688 ] ] ], [ [ [ 150.425799, -10.783051 ], [ 150.424628, -10.783705 ], [ 150.425803, -10.783917 ], [ 150.425799, -10.783051 ] ] ], [ [ [ 150.773323, -9.121457 ], [ 150.771929, -9.122335 ], [ 150.773329, -9.122611 ], [ 150.773323, -9.121457 ] ] ], [ [ [ 151.384897, -10.353879 ], [ 151.383442, -10.353314 ], [ 151.383739, -10.353892 ], [ 151.384897, -10.353879 ] ] ], [ [ [ 151.933188, -10.806109 ], [ 151.932037, -10.806986 ], [ 151.933196, -10.806971 ], [ 151.933188, -10.806109 ] ] ], [ [ [ 150.74026, -9.327403 ], [ 150.738529, -9.327702 ], [ 150.738819, -9.328276 ], [ 150.74026, -9.327403 ] ] ], [ [ [ 150.799851, -9.226952 ], [ 150.798582, -9.226472 ], [ 150.798916, -9.227269 ], [ 150.799851, -9.226952 ] ] ], [ [ [ 150.040699, -8.495667 ], [ 150.039837, -8.496678 ], [ 150.040994, -8.497395 ], [ 150.040699, -8.495667 ] ] ], [ [ [ 150.35939, -10.356863 ], [ 150.357651, -10.356874 ], [ 150.358935, -10.35751 ], [ 150.35939, -10.356863 ] ] ], [ [ [ 150.695081, -9.039821 ], [ 150.693935, -9.041267 ], [ 150.695092, -9.041261 ], [ 150.695081, -9.039821 ] ] ], [ [ [ 150.922203, -9.024934 ], [ 150.921079, -9.025614 ], [ 150.922488, -9.025816 ], [ 150.922203, -9.024934 ] ] ], [ [ [ 150.748669, -9.017886 ], [ 150.747376, -9.018897 ], [ 150.748679, -9.01904 ], [ 150.748669, -9.017886 ] ] ], [ [ [ 150.595974, -8.350876 ], [ 150.594827, -8.351455 ], [ 150.596556, -8.352022 ], [ 150.595974, -8.350876 ] ] ], [ [ [ 152.947723, -9.187731 ], [ 152.946266, -9.188241 ], [ 152.947456, -9.188645 ], [ 152.947723, -9.187731 ] ] ], [ [ [ 150.997561, -9.631791 ], [ 150.996413, -9.632953 ], [ 150.997568, -9.632942 ], [ 150.997561, -9.631791 ] ] ], [ [ [ 151.940602, -9.376824 ], [ 151.939341, -9.377309 ], [ 151.940323, -9.377692 ], [ 151.940602, -9.376824 ] ] ], [ [ [ 150.931828, -9.83643 ], [ 150.931025, -9.837432 ], [ 150.932441, -9.83676 ], [ 150.931828, -9.83643 ] ] ], [ [ [ 150.845278, -8.941083 ], [ 150.843759, -8.941517 ], [ 150.844342, -8.942379 ], [ 150.845278, -8.941083 ] ] ], [ [ [ 150.897204, -9.274531 ], [ 150.896055, -9.275402 ], [ 150.897212, -9.275971 ], [ 150.897204, -9.274531 ] ] ], [ [ [ 150.931428, -9.452108 ], [ 150.929984, -9.452406 ], [ 150.931438, -9.452973 ], [ 150.931428, -9.452108 ] ] ], [ [ [ 150.990967, -9.168422 ], [ 150.989528, -9.169295 ], [ 150.990973, -9.169287 ], [ 150.990967, -9.168422 ] ] ], [ [ [ 151.004094, -9.653937 ], [ 151.003311, -9.654824 ], [ 151.004625, -9.654802 ], [ 151.004094, -9.653937 ] ] ], [ [ [ 150.682617, -8.986596 ], [ 150.680887, -8.986894 ], [ 150.681756, -8.987465 ], [ 150.682617, -8.986596 ] ] ], [ [ [ 150.930162, -9.679817 ], [ 150.928719, -9.680401 ], [ 150.930169, -9.680968 ], [ 150.930162, -9.679817 ] ] ], [ [ [ 150.936959, -9.643739 ], [ 150.936568, -9.644894 ], [ 150.937723, -9.644022 ], [ 150.936959, -9.643739 ] ] ], [ [ [ 150.842206, -9.690202 ], [ 150.840759, -9.69021 ], [ 150.841925, -9.691354 ], [ 150.842206, -9.690202 ] ] ], [ [ [ 149.853138, -10.532093 ], [ 149.851688, -10.532676 ], [ 149.852948, -10.533175 ], [ 149.853138, -10.532093 ] ] ], [ [ [ 151.097189, -10.347213 ], [ 151.096031, -10.347801 ], [ 151.097488, -10.348077 ], [ 151.097189, -10.347213 ] ] ], [ [ [ 150.750552, -9.30861 ], [ 150.7494, -9.309766 ], [ 150.750558, -9.309761 ], [ 150.750552, -9.30861 ] ] ], [ [ [ 149.843503, -10.516691 ], [ 149.842038, -10.516432 ], [ 149.84191, -10.517274 ], [ 149.843503, -10.516691 ] ] ], [ [ [ 150.355564, -10.691392 ], [ 150.354114, -10.692263 ], [ 150.355567, -10.692257 ], [ 150.355564, -10.691392 ] ] ], [ [ [ 150.909453, -9.084558 ], [ 150.908346, -9.085476 ], [ 150.90946, -9.085713 ], [ 150.909453, -9.084558 ] ] ], [ [ [ 150.710993, -9.317493 ], [ 150.71013, -9.318077 ], [ 150.711166, -9.317821 ], [ 150.710993, -9.317493 ] ] ], [ [ [ 149.894187, -9.779168 ], [ 149.893019, -9.779542 ], [ 149.894188, -9.779743 ], [ 149.894187, -9.779168 ] ] ], [ [ [ 150.675334, -10.751426 ], [ 150.674181, -10.752582 ], [ 150.675345, -10.752576 ], [ 150.675334, -10.751426 ] ] ], [ [ [ 150.096417, -10.643464 ], [ 150.094965, -10.643468 ], [ 150.096176, -10.644246 ], [ 150.096417, -10.643464 ] ] ], [ [ [ 150.633719, -9.067837 ], [ 150.632277, -9.068419 ], [ 150.633729, -9.068987 ], [ 150.633719, -9.067837 ] ] ], [ [ [ 150.983229, -10.876352 ], [ 150.982362, -10.877078 ], [ 150.983642, -10.877603 ], [ 150.983229, -10.876352 ] ] ], [ [ [ 149.818094, -10.47106 ], [ 149.816462, -10.471667 ], [ 149.817372, -10.471926 ], [ 149.818094, -10.47106 ] ] ], [ [ [ 150.309292, -10.679208 ], [ 150.308137, -10.680363 ], [ 150.309296, -10.680359 ], [ 150.309292, -10.679208 ] ] ], [ [ [ 150.05804, -9.682341 ], [ 150.057022, -9.68325 ], [ 150.057778, -9.683704 ], [ 150.05804, -9.682341 ] ] ], [ [ [ 149.839704, -10.508486 ], [ 149.838542, -10.509068 ], [ 149.839124, -10.509643 ], [ 149.839704, -10.508486 ] ] ], [ [ [ 150.602072, -8.358613 ], [ 150.600634, -8.359199 ], [ 150.601791, -8.359769 ], [ 150.602072, -8.358613 ] ] ], [ [ [ 150.774702, -9.111075 ], [ 150.773684, -9.111511 ], [ 150.774707, -9.11194 ], [ 150.774702, -9.111075 ] ] ], [ [ [ 151.411044, -10.355966 ], [ 151.409587, -10.355691 ], [ 151.410467, -10.356546 ], [ 151.411044, -10.355966 ] ] ], [ [ [ 149.981782, -10.603788 ], [ 149.980641, -10.604687 ], [ 149.981784, -10.604649 ], [ 149.981782, -10.603788 ] ] ], [ [ [ 150.714922, -10.713986 ], [ 150.713472, -10.714573 ], [ 150.714927, -10.714852 ], [ 150.714922, -10.713986 ] ] ], [ [ [ 150.686312, -10.693968 ], [ 150.684863, -10.694555 ], [ 150.686317, -10.694834 ], [ 150.686312, -10.693968 ] ] ], [ [ [ 150.852959, -9.315453 ], [ 150.851971, -9.316341 ], [ 150.852965, -9.316604 ], [ 150.852959, -9.315453 ] ] ], [ [ [ 150.829612, -8.514462 ], [ 150.828195, -8.514767 ], [ 150.829552, -8.514788 ], [ 150.829612, -8.514462 ] ] ], [ [ [ 150.661792, -10.346334 ], [ 150.660394, -10.346646 ], [ 150.66136, -10.346912 ], [ 150.661792, -10.346334 ] ] ], [ [ [ 150.081637, -10.653325 ], [ 150.080707, -10.654224 ], [ 150.08164, -10.654476 ], [ 150.081637, -10.653325 ] ] ], [ [ [ 150.052051, -8.524133 ], [ 150.050904, -8.52529 ], [ 150.052055, -8.525287 ], [ 150.052051, -8.524133 ] ] ], [ [ [ 150.016117, -10.616934 ], [ 150.014956, -10.618093 ], [ 150.01612, -10.61809 ], [ 150.016117, -10.616934 ] ] ], [ [ [ 152.700203, -10.963461 ], [ 152.699401, -10.964569 ], [ 152.700444, -10.963729 ], [ 152.700203, -10.963461 ] ] ], [ [ [ 150.925465, -9.63027 ], [ 150.924601, -9.63085 ], [ 150.925469, -9.630845 ], [ 150.925465, -9.63027 ] ] ], [ [ [ 150.074142, -8.5684 ], [ 150.075014, -8.569552 ], [ 150.075006, -8.568398 ], [ 150.074142, -8.5684 ] ] ], [ [ [ 151.006067, -9.646717 ], [ 151.004917, -9.647589 ], [ 151.006073, -9.647582 ], [ 151.006067, -9.646717 ] ] ], [ [ [ 150.675208, -10.754594 ], [ 150.675072, -10.755751 ], [ 150.675939, -10.755026 ], [ 150.675208, -10.754594 ] ] ], [ [ [ 151.325209, -10.433389 ], [ 151.324122, -10.43409 ], [ 151.325115, -10.433872 ], [ 151.325209, -10.433389 ] ] ], [ [ [ 152.596027, -10.921268 ], [ 152.594943, -10.921983 ], [ 152.596124, -10.922 ], [ 152.596027, -10.921268 ] ] ], [ [ [ 150.79914, -10.659538 ], [ 150.797978, -10.659834 ], [ 150.799145, -10.660404 ], [ 150.79914, -10.659538 ] ] ], [ [ [ 151.082776, -10.963028 ], [ 151.081324, -10.963328 ], [ 151.082728, -10.963521 ], [ 151.082776, -10.963028 ] ] ], [ [ [ 150.04482, -8.518114 ], [ 150.043672, -8.518981 ], [ 150.044822, -8.518979 ], [ 150.04482, -8.518114 ] ] ], [ [ [ 150.935396, -9.844957 ], [ 150.933949, -9.845256 ], [ 150.934821, -9.845826 ], [ 150.935396, -9.844957 ] ] ], [ [ [ 150.663556, -10.35036 ], [ 150.662408, -10.351244 ], [ 150.663562, -10.351515 ], [ 150.663556, -10.35036 ] ] ], [ [ [ 151.342275, -11.177023 ], [ 151.340938, -11.177343 ], [ 151.342164, -11.177856 ], [ 151.342275, -11.177023 ] ] ], [ [ [ 151.37493, -11.15881 ], [ 151.374694, -11.160205 ], [ 151.375424, -11.159175 ], [ 151.37493, -11.15881 ] ] ], [ [ [ 151.757534, -10.716739 ], [ 151.756086, -10.717331 ], [ 151.757547, -10.717105 ], [ 151.757534, -10.716739 ] ] ], [ [ [ 150.88746, -9.245491 ], [ 150.886242, -9.245805 ], [ 150.887464, -9.246066 ], [ 150.88746, -9.245491 ] ] ], [ [ [ 151.087904, -10.535296 ], [ 151.086751, -10.535974 ], [ 151.087737, -10.535856 ], [ 151.087904, -10.535296 ] ] ], [ [ [ 149.883439, -9.770263 ], [ 149.882594, -9.771247 ], [ 149.883408, -9.771262 ], [ 149.883439, -9.770263 ] ] ], [ [ [ 150.673944, -10.667797 ], [ 150.673052, -10.668755 ], [ 150.673948, -10.668663 ], [ 150.673944, -10.667797 ] ] ], [ [ [ 151.146911, -11.08888 ], [ 151.145458, -11.08918 ], [ 151.145751, -11.089758 ], [ 151.146911, -11.08888 ] ] ], [ [ [ 150.009093, -8.601752 ], [ 150.007944, -8.602619 ], [ 150.009095, -8.602616 ], [ 150.009093, -8.601752 ] ] ], [ [ [ 151.032019, -9.208472 ], [ 151.030574, -9.208481 ], [ 151.031735, -9.209049 ], [ 151.032019, -9.208472 ] ] ], [ [ [ 150.09462, -8.569188 ], [ 150.093549, -8.570051 ], [ 150.094624, -8.570342 ], [ 150.09462, -8.569188 ] ] ], [ [ [ 149.813624, -9.5759 ], [ 149.813626, -9.576766 ], [ 149.815071, -9.576183 ], [ 149.813624, -9.5759 ] ] ], [ [ [ 150.061127, -8.631806 ], [ 150.059973, -8.632388 ], [ 150.06113, -8.63296 ], [ 150.061127, -8.631806 ] ] ], [ [ [ 150.770682, -10.264944 ], [ 150.769528, -10.265526 ], [ 150.770529, -10.26597 ], [ 150.770682, -10.264944 ] ] ], [ [ [ 150.099035, -10.644028 ], [ 150.097578, -10.644037 ], [ 150.099037, -10.644609 ], [ 150.099035, -10.644028 ] ] ], [ [ [ 150.794689, -9.005282 ], [ 150.794231, -9.006369 ], [ 150.795093, -9.005785 ], [ 150.794689, -9.005282 ] ] ], [ [ [ 153.032918, -10.86518 ], [ 153.033719, -10.866095 ], [ 153.034012, -10.865488 ], [ 153.032918, -10.86518 ] ] ], [ [ [ 150.923543, -10.296825 ], [ 150.922094, -10.297123 ], [ 150.922967, -10.297694 ], [ 150.923543, -10.296825 ] ] ], [ [ [ 150.030411, -10.63217 ], [ 150.029246, -10.631597 ], [ 150.02954, -10.632172 ], [ 150.030411, -10.63217 ] ] ], [ [ [ 151.32697, -10.435679 ], [ 151.325519, -10.435694 ], [ 151.326681, -10.436261 ], [ 151.32697, -10.435679 ] ] ], [ [ [ 150.108029, -8.603986 ], [ 150.106587, -8.60399 ], [ 150.108031, -8.604561 ], [ 150.108029, -8.603986 ] ] ], [ [ [ 152.989469, -10.804281 ], [ 152.988984, -10.805434 ], [ 152.990078, -10.804979 ], [ 152.989469, -10.804281 ] ] ], [ [ [ 153.102018, -11.277736 ], [ 153.101914, -11.276396 ], [ 153.10121, -11.277334 ], [ 153.102018, -11.277736 ] ] ], [ [ [ 149.916037, -10.578619 ], [ 149.914875, -10.579202 ], [ 149.916015, -10.578975 ], [ 149.916037, -10.578619 ] ] ], [ [ [ 150.932474, -9.841517 ], [ 150.931319, -9.842389 ], [ 150.932191, -9.842384 ], [ 150.932474, -9.841517 ] ] ], [ [ [ 150.012013, -10.607145 ], [ 150.011141, -10.608013 ], [ 150.012016, -10.608011 ], [ 150.012013, -10.607145 ] ] ], [ [ [ 150.19809, -8.544856 ], [ 150.197172, -8.544591 ], [ 150.197467, -8.545744 ], [ 150.19809, -8.544856 ] ] ], [ [ [ 152.519721, -11.027828 ], [ 152.518656, -11.028569 ], [ 152.519847, -11.028458 ], [ 152.519721, -11.027828 ] ] ], [ [ [ 150.978234, -9.166205 ], [ 150.977081, -9.166792 ], [ 150.978212, -9.166533 ], [ 150.978234, -9.166205 ] ] ], [ [ [ 150.344048, -10.655975 ], [ 150.342597, -10.656271 ], [ 150.343474, -10.656843 ], [ 150.344048, -10.655975 ] ] ], [ [ [ 152.436823, -10.842328 ], [ 152.438252, -10.842966 ], [ 152.438992, -10.84279 ], [ 152.436823, -10.842328 ] ] ], [ [ [ 150.663509, -10.342864 ], [ 150.662355, -10.343449 ], [ 150.663479, -10.343147 ], [ 150.663509, -10.342864 ] ] ], [ [ [ 150.046565, -8.521273 ], [ 150.045704, -8.522429 ], [ 150.046568, -8.522427 ], [ 150.046565, -8.521273 ] ] ], [ [ [ 150.442886, -10.662419 ], [ 150.44172, -10.661848 ], [ 150.442015, -10.662422 ], [ 150.442886, -10.662419 ] ] ], [ [ [ 150.053685, -9.679475 ], [ 150.052532, -9.680058 ], [ 150.053253, -9.680056 ], [ 150.053685, -9.679475 ] ] ], [ [ [ 150.229286, -10.723681 ], [ 150.228417, -10.724549 ], [ 150.229289, -10.724546 ], [ 150.229286, -10.723681 ] ] ], [ [ [ 150.809051, -9.08225 ], [ 150.808031, -9.082917 ], [ 150.809182, -9.08249 ], [ 150.809051, -9.08225 ] ] ], [ [ [ 151.847648, -10.254228 ], [ 151.847023, -10.25508 ], [ 151.847897, -10.255076 ], [ 151.847648, -10.254228 ] ] ], [ [ [ 150.46527, -8.372021 ], [ 150.464123, -8.3726 ], [ 150.464988, -8.373171 ], [ 150.46527, -8.372021 ] ] ], [ [ [ 150.030479, -9.668316 ], [ 150.029321, -9.668899 ], [ 150.030412, -9.668615 ], [ 150.030479, -9.668316 ] ] ], [ [ [ 150.233331, -8.581841 ], [ 150.232235, -8.582456 ], [ 150.233401, -8.581994 ], [ 150.233331, -8.581841 ] ] ], [ [ [ 150.793739, -9.062841 ], [ 150.792589, -9.063422 ], [ 150.793604, -9.063267 ], [ 150.793739, -9.062841 ] ] ], [ [ [ 150.474288, -8.387519 ], [ 150.473137, -8.388104 ], [ 150.473474, -8.388189 ], [ 150.474288, -8.387519 ] ] ], [ [ [ 150.419393, -8.416305 ], [ 150.418246, -8.416884 ], [ 150.419112, -8.417455 ], [ 150.419393, -8.416305 ] ] ], [ [ [ 150.097707, -8.335941 ], [ 150.096555, -8.336519 ], [ 150.09771, -8.336805 ], [ 150.097707, -8.335941 ] ] ], [ [ [ 149.932362, -10.595297 ], [ 149.931489, -10.594433 ], [ 149.931781, -10.595588 ], [ 149.932362, -10.595297 ] ] ], [ [ [ 150.093821, -10.648666 ], [ 150.092953, -10.649534 ], [ 150.093823, -10.649531 ], [ 150.093821, -10.648666 ] ] ], [ [ [ 150.324151, -10.664686 ], [ 150.32303, -10.665118 ], [ 150.323936, -10.665567 ], [ 150.324151, -10.664686 ] ] ], [ [ [ 150.028156, -9.666885 ], [ 150.027291, -9.667753 ], [ 150.028158, -9.667751 ], [ 150.028156, -9.666885 ] ] ], [ [ [ 150.076758, -8.573866 ], [ 150.075897, -8.574732 ], [ 150.076761, -8.574726 ], [ 150.076758, -8.573866 ] ] ], [ [ [ 150.201503, -8.545438 ], [ 150.200643, -8.546594 ], [ 150.201348, -8.546661 ], [ 150.201503, -8.545438 ] ] ], [ [ [ 150.108633, -8.540912 ], [ 150.107484, -8.541495 ], [ 150.108465, -8.541403 ], [ 150.108633, -8.540912 ] ] ], [ [ [ 150.055429, -9.680911 ], [ 150.054564, -9.682069 ], [ 150.055432, -9.682062 ], [ 150.055429, -9.680911 ] ] ], [ [ [ 149.543912, -9.598994 ], [ 149.542753, -9.598995 ], [ 149.543912, -9.599569 ], [ 149.543912, -9.598994 ] ] ], [ [ [ 150.776212, -8.901041 ], [ 150.775059, -8.901623 ], [ 150.775931, -8.902193 ], [ 150.776212, -8.901041 ] ] ], [ [ [ 152.994476, -10.816829 ], [ 152.994699, -10.817874 ], [ 152.995373, -10.81732 ], [ 152.994476, -10.816829 ] ] ], [ [ [ 150.186319, -8.436942 ], [ 150.185171, -8.43752 ], [ 150.185889, -8.437518 ], [ 150.186319, -8.436942 ] ] ], [ [ [ 152.207659, -10.823383 ], [ 152.207306, -10.824247 ], [ 152.207747, -10.824193 ], [ 152.207659, -10.823383 ] ] ], [ [ [ 150.74981, -10.89957 ], [ 150.748726, -10.898899 ], [ 150.749261, -10.899793 ], [ 150.74981, -10.89957 ] ] ], [ [ [ 152.98191, -11.063588 ], [ 152.980768, -11.064441 ], [ 152.981127, -11.064627 ], [ 152.98191, -11.063588 ] ] ], [ [ [ 150.922554, -9.628271 ], [ 150.921108, -9.628283 ], [ 150.922473, -9.628602 ], [ 150.922554, -9.628271 ] ] ], [ [ [ 152.891655, -11.159503 ], [ 152.891113, -11.158913 ], [ 152.890306, -11.159287 ], [ 152.891655, -11.159503 ] ] ], [ [ [ 152.60633, -11.103704 ], [ 152.60533, -11.103352 ], [ 152.605631, -11.103756 ], [ 152.60633, -11.103704 ] ] ], [ [ [ 153.035589, -10.866176 ], [ 153.035933, -10.867176 ], [ 153.036441, -10.866279 ], [ 153.035589, -10.866176 ] ] ], [ [ [ 150.004773, -8.603785 ], [ 150.003622, -8.603498 ], [ 150.00391, -8.604077 ], [ 150.004773, -8.603785 ] ] ], [ [ [ 152.312081, -11.081955 ], [ 152.312645, -11.082431 ], [ 152.313508, -11.081506 ], [ 152.312081, -11.081955 ] ] ], [ [ [ 150.778398, -10.90814 ], [ 150.777488, -10.908573 ], [ 150.777964, -10.908632 ], [ 150.778398, -10.90814 ] ] ], [ [ [ 150.7879, -9.228556 ], [ 150.787145, -9.229178 ], [ 150.787905, -9.229421 ], [ 150.7879, -9.228556 ] ] ], [ [ [ 153.485199, -11.34787 ], [ 153.486472, -11.348675 ], [ 153.485762, -11.347491 ], [ 153.485199, -11.34787 ] ] ], [ [ [ 150.095855, -10.648656 ], [ 150.094737, -10.649 ], [ 150.095422, -10.649237 ], [ 150.095855, -10.648656 ] ] ], [ [ [ 151.93717, -9.380321 ], [ 151.936174, -9.380683 ], [ 151.936742, -9.380901 ], [ 151.93717, -9.380321 ] ] ], [ [ [ 150.265879, -8.499377 ], [ 150.264777, -8.499685 ], [ 150.265449, -8.499953 ], [ 150.265879, -8.499377 ] ] ], [ [ [ 150.850295, -9.306536 ], [ 150.849482, -9.307117 ], [ 150.8503, -9.307401 ], [ 150.850295, -9.306536 ] ] ], [ [ [ 150.229874, -10.72541 ], [ 150.229152, -10.726133 ], [ 150.229881, -10.726271 ], [ 150.229874, -10.72541 ] ] ], [ [ [ 150.781969, -10.910869 ], [ 150.781354, -10.911469 ], [ 150.781916, -10.911431 ], [ 150.781969, -10.910869 ] ] ], [ [ [ 150.692693, -9.027159 ], [ 150.691601, -9.027391 ], [ 150.692263, -9.027736 ], [ 150.692693, -9.027159 ] ] ], [ [ [ 150.425922, -8.341984 ], [ 150.425145, -8.342597 ], [ 150.425926, -8.342848 ], [ 150.425922, -8.341984 ] ] ], [ [ [ 150.462951, -9.48948 ], [ 150.461794, -9.489775 ], [ 150.462955, -9.490346 ], [ 150.462951, -9.48948 ] ] ], [ [ [ 152.994392, -10.808551 ], [ 152.994029, -10.809204 ], [ 152.994427, -10.809002 ], [ 152.994392, -10.808551 ] ] ], [ [ [ 150.075288, -8.566958 ], [ 150.074284, -8.567255 ], [ 150.074857, -8.567534 ], [ 150.075288, -8.566958 ] ] ], [ [ [ 150.092894, -8.569772 ], [ 150.091887, -8.570223 ], [ 150.092464, -8.570348 ], [ 150.092894, -8.569772 ] ] ], [ [ [ 152.534509, -10.832043 ], [ 152.533863, -10.832599 ], [ 152.534418, -10.832839 ], [ 152.534509, -10.832043 ] ] ], [ [ [ 153.084547, -11.121331 ], [ 153.083702, -11.121689 ], [ 153.084849, -11.121961 ], [ 153.084547, -11.121331 ] ] ], [ [ [ 153.04131, -10.865189 ], [ 153.04156, -10.866227 ], [ 153.041796, -10.865774 ], [ 153.04131, -10.865189 ] ] ], [ [ [ 153.124169, -11.142383 ], [ 153.122846, -11.142207 ], [ 153.122706, -11.142712 ], [ 153.124169, -11.142383 ] ] ], [ [ [ 152.519296, -10.829787 ], [ 152.518236, -10.829965 ], [ 152.518279, -10.830484 ], [ 152.519296, -10.829787 ] ] ], [ [ [ 151.851213, -10.256712 ], [ 151.850346, -10.25701 ], [ 151.850929, -10.25729 ], [ 151.851213, -10.256712 ] ] ], [ [ [ 153.08692, -11.122707 ], [ 153.087671, -11.123512 ], [ 153.088111, -11.123379 ], [ 153.08692, -11.122707 ] ] ], [ [ [ 152.874123, -10.690925 ], [ 152.87378, -10.691777 ], [ 152.874179, -10.691656 ], [ 152.874123, -10.690925 ] ] ], [ [ [ 153.03839, -10.864943 ], [ 153.038696, -10.8657 ], [ 153.039015, -10.865132 ], [ 153.03839, -10.864943 ] ] ], [ [ [ 152.276133, -11.302114 ], [ 152.277, -11.30246 ], [ 152.276981, -11.302203 ], [ 152.276133, -11.302114 ] ] ], [ [ [ 152.712661, -10.943976 ], [ 152.711906, -10.944423 ], [ 152.7128, -10.944597 ], [ 152.712661, -10.943976 ] ] ], [ [ [ 152.647304, -11.137744 ], [ 152.646664, -11.1381 ], [ 152.647345, -11.138172 ], [ 152.647304, -11.137744 ] ] ], [ [ [ 152.710705, -10.942648 ], [ 152.710461, -10.943419 ], [ 152.710915, -10.942995 ], [ 152.710705, -10.942648 ] ] ], [ [ [ 152.489073, -10.780231 ], [ 152.48973, -10.780732 ], [ 152.489623, -10.78034 ], [ 152.489073, -10.780231 ] ] ], [ [ [ 150.691518, -8.331321 ], [ 150.691286, -8.331789 ], [ 150.692675, -8.33189 ], [ 150.691518, -8.331321 ] ] ], [ [ [ 152.427525, -10.839386 ], [ 152.427951, -10.840108 ], [ 152.427942, -10.839437 ], [ 152.427525, -10.839386 ] ] ], [ [ [ 152.715678, -10.958007 ], [ 152.715147, -10.957666 ], [ 152.71523, -10.958213 ], [ 152.715678, -10.958007 ] ] ], [ [ [ 152.488083, -10.783661 ], [ 152.487751, -10.784307 ], [ 152.488237, -10.784054 ], [ 152.488083, -10.783661 ] ] ], [ [ [ 152.733708, -10.950429 ], [ 152.732943, -10.950273 ], [ 152.732866, -10.950651 ], [ 152.733708, -10.950429 ] ] ], [ [ [ 152.531016, -10.834579 ], [ 152.530342, -10.834352 ], [ 152.530537, -10.834628 ], [ 152.531016, -10.834579 ] ] ], [ [ [ 150.462074, -9.488044 ], [ 150.462076, -9.488619 ], [ 150.462943, -9.488616 ], [ 150.462074, -9.488044 ] ] ], [ [ [ 150.10145, -8.335636 ], [ 150.101452, -8.336211 ], [ 150.102319, -8.336209 ], [ 150.10145, -8.335636 ] ] ], [ [ [ 152.520508, -10.827116 ], [ 152.520314, -10.827775 ], [ 152.520717, -10.827269 ], [ 152.520508, -10.827116 ] ] ], [ [ [ 152.959856, -10.844031 ], [ 152.959189, -10.844539 ], [ 152.959781, -10.844599 ], [ 152.959856, -10.844031 ] ] ], [ [ [ 152.923163, -9.197793 ], [ 152.923719, -9.198204 ], [ 152.923938, -9.197969 ], [ 152.923163, -9.197793 ] ] ], [ [ [ 152.604144, -11.10123 ], [ 152.604284, -11.101977 ], [ 152.604338, -11.10142 ], [ 152.604144, -11.10123 ] ] ], [ [ [ 151.931055, -9.391527 ], [ 151.930351, -9.391632 ], [ 151.93122, -9.391909 ], [ 151.931055, -9.391527 ] ] ], [ [ [ 152.655027, -10.929622 ], [ 152.654362, -10.929871 ], [ 152.654292, -10.930166 ], [ 152.655027, -10.929622 ] ] ], [ [ [ 152.473755, -11.071774 ], [ 152.475029, -11.071676 ], [ 152.474434, -11.071398 ], [ 152.473755, -11.071774 ] ] ], [ [ [ 153.271446, -11.300431 ], [ 153.270878, -11.300447 ], [ 153.271569, -11.300998 ], [ 153.271446, -11.300431 ] ] ], [ [ [ 152.474214, -11.069391 ], [ 152.473643, -11.069496 ], [ 152.474236, -11.069865 ], [ 152.474214, -11.069391 ] ] ], [ [ [ 152.430206, -11.069346 ], [ 152.429581, -11.06941 ], [ 152.429676, -11.069684 ], [ 152.430206, -11.069346 ] ] ], [ [ [ 152.218606, -10.813002 ], [ 152.218057, -10.813527 ], [ 152.218244, -10.813754 ], [ 152.218606, -10.813002 ] ] ], [ [ [ 152.507181, -10.819507 ], [ 152.507368, -10.819062 ], [ 152.506582, -10.819597 ], [ 152.507181, -10.819507 ] ] ], [ [ [ 152.537302, -10.829655 ], [ 152.536939, -10.830194 ], [ 152.537374, -10.830244 ], [ 152.537302, -10.829655 ] ] ], [ [ [ 152.443576, -10.755927 ], [ 152.443057, -10.75641 ], [ 152.443313, -10.756391 ], [ 152.443576, -10.755927 ] ] ], [ [ [ 152.683549, -10.922206 ], [ 152.68292, -10.922503 ], [ 152.683539, -10.922561 ], [ 152.683549, -10.922206 ] ] ], [ [ [ 152.551458, -10.831948 ], [ 152.551004, -10.832321 ], [ 152.551494, -10.832367 ], [ 152.551458, -10.831948 ] ] ], [ [ [ 152.54476, -10.829421 ], [ 152.544301, -10.829782 ], [ 152.544989, -10.829726 ], [ 152.54476, -10.829421 ] ] ], [ [ [ 151.87514, -10.776944 ], [ 151.87463, -10.777004 ], [ 151.874986, -10.777287 ], [ 151.87514, -10.776944 ] ] ], [ [ [ 152.992559, -10.806321 ], [ 152.991892, -10.806666 ], [ 152.992038, -10.806773 ], [ 152.992559, -10.806321 ] ] ], [ [ [ 150.181326, -8.53739 ], [ 150.181572, -8.537745 ], [ 150.181278, -8.536881 ], [ 150.181326, -8.53739 ] ] ], [ [ [ 151.880847, -10.783349 ], [ 151.880619, -10.783687 ], [ 151.880964, -10.783699 ], [ 151.880847, -10.783349 ] ] ], [ [ [ 152.509977, -10.818552 ], [ 152.510313, -10.818995 ], [ 152.510396, -10.818694 ], [ 152.509977, -10.818552 ] ] ], [ [ [ 151.882328, -10.77839 ], [ 151.882045, -10.778719 ], [ 151.882224, -10.778729 ], [ 151.882328, -10.77839 ] ] ], [ [ [ 152.211365, -10.820278 ], [ 152.211128, -10.820109 ], [ 152.211107, -10.820451 ], [ 152.211365, -10.820278 ] ] ] ] } },
{ "type": "Feature", "properties": { "FID": 16, "PROVID": "OCNPNG001002", "PROVNAME": "Gulf Province" }, "geometry": { "type": "MultiPolygon", "coordinates": [ [ [ [ 146.076853, -8.097125 ], [ 146.105705, -8.131551 ], [ 146.107171, -8.146575 ], [ 146.116368, -8.148407 ], [ 146.126299, -8.156924 ], [ 146.112307, -8.151241 ], [ 146.114347, -8.164969 ], [ 146.095075, -8.14679 ], [ 146.111379, -8.183482 ], [ 146.145659, -8.210348 ], [ 146.171237, -8.210394 ], [ 146.16419, -8.222991 ], [ 146.205267, -8.239789 ], [ 146.226357, -8.261667 ], [ 146.222967, -8.255298 ], [ 146.230761, -8.248123 ], [ 146.23148, -8.267481 ], [ 146.25279, -8.290975 ], [ 146.282372, -8.306262 ], [ 146.252167, -8.295579 ], [ 146.258904, -8.312928 ], [ 146.249751, -8.306494 ], [ 146.246468, -8.289528 ], [ 146.249978, -8.318019 ], [ 146.268928, -8.347017 ], [ 146.276473, -8.342259 ], [ 146.268863, -8.353352 ], [ 146.271161, -8.410405 ], [ 146.341971, -8.536721 ], [ 146.385813, -8.588959 ], [ 146.385811, -7.914947 ], [ 146.434978, -7.914944 ], [ 146.452317, -7.905222 ], [ 146.487842, -7.910996 ], [ 146.502414, -7.890816 ], [ 146.506818, -7.894969 ], [ 146.523398, -7.880057 ], [ 146.522883, -7.848225 ], [ 146.553218, -7.813589 ], [ 146.573402, -7.812583 ], [ 146.586878, -7.801588 ], [ 146.597898, -7.80954 ], [ 146.607897, -7.795414 ], [ 146.617163, -7.799937 ], [ 146.648864, -7.765509 ], [ 146.409417, -7.6069 ], [ 146.121921, -7.55273 ], [ 146.088591, -7.527732 ], [ 146.07192, -7.382737 ], [ 145.189777, -6.800766 ], [ 145.166401, -6.846552 ], [ 145.136947, -6.835222 ], [ 145.129971, -6.823203 ], [ 145.106668, -6.829358 ], [ 145.082328, -6.804793 ], [ 145.039091, -6.801004 ], [ 145.032797, -6.809366 ], [ 145.017732, -6.793079 ], [ 144.994746, -6.794832 ], [ 144.990951, -6.785134 ], [ 144.978331, -6.787172 ], [ 144.944266, -6.765316 ], [ 144.939158, -6.746736 ], [ 144.917612, -6.72525 ], [ 144.922019, -6.717716 ], [ 144.886849, -6.719476 ], [ 144.880714, -6.738718 ], [ 144.860763, -6.758393 ], [ 144.830181, -6.732626 ], [ 144.825499, -6.738226 ], [ 144.793778, -6.735781 ], [ 144.758012, -6.705573 ], [ 144.739387, -6.715815 ], [ 144.713147, -6.713919 ], [ 143.953035, -6.817184 ], [ 143.001094, -6.818013 ], [ 143.001096, -7.017453 ], [ 143.926536, -7.988343 ], [ 143.910572, -7.943089 ], [ 143.836005, -7.811066 ], [ 143.839452, -7.769444 ], [ 143.819345, -7.711691 ], [ 143.741961, -7.58966 ], [ 143.73501, -7.562265 ], [ 143.742989, -7.541814 ], [ 143.697901, -7.532659 ], [ 143.648994, -7.490014 ], [ 143.629766, -7.462199 ], [ 143.625707, -7.442181 ], [ 143.633556, -7.429134 ], [ 143.687516, -7.422053 ], [ 143.684852, -7.366562 ], [ 143.656676, -7.370974 ], [ 143.639436, -7.364392 ], [ 143.633037, -7.352864 ], [ 143.639539, -7.325504 ], [ 143.631083, -7.305006 ], [ 143.620115, -7.292529 ], [ 143.596627, -7.284651 ], [ 143.586944, -7.271089 ], [ 143.567029, -7.268106 ], [ 143.514753, -7.295499 ], [ 143.511541, -7.289191 ], [ 143.546044, -7.268286 ], [ 143.576014, -7.262777 ], [ 143.632038, -7.29432 ], [ 143.647818, -7.325353 ], [ 143.638357, -7.355376 ], [ 143.655887, -7.361534 ], [ 143.681917, -7.358054 ], [ 143.696648, -7.376971 ], [ 143.69627, -7.431955 ], [ 143.685978, -7.437494 ], [ 143.642361, -7.432366 ], [ 143.636426, -7.453763 ], [ 143.695141, -7.515768 ], [ 143.729493, -7.509505 ], [ 143.76317, -7.524899 ], [ 143.82697, -7.655937 ], [ 143.907944, -7.714668 ], [ 143.977098, -7.722197 ], [ 144.035956, -7.75896 ], [ 144.080336, -7.769396 ], [ 144.075731, -7.730523 ], [ 144.039602, -7.723924 ], [ 144.018863, -7.698883 ], [ 144.022427, -7.6667 ], [ 143.999514, -7.654882 ], [ 144.008096, -7.627374 ], [ 143.990717, -7.627629 ], [ 143.982591, -7.623392 ], [ 143.987633, -7.602201 ], [ 143.976332, -7.599263 ], [ 143.969714, -7.613919 ], [ 143.960144, -7.619966 ], [ 143.952469, -7.616604 ], [ 143.948343, -7.594492 ], [ 143.936289, -7.601811 ], [ 143.924485, -7.594575 ], [ 143.922579, -7.608768 ], [ 143.917707, -7.612709 ], [ 143.90612, -7.602116 ], [ 143.892984, -7.607163 ], [ 143.890511, -7.604311 ], [ 143.890561, -7.59439 ], [ 143.882544, -7.593855 ], [ 143.869199, -7.584339 ], [ 143.872632, -7.572023 ], [ 143.864831, -7.569969 ], [ 143.864167, -7.560274 ], [ 143.855711, -7.557309 ], [ 143.853522, -7.542042 ], [ 143.842586, -7.544625 ], [ 143.834204, -7.537271 ], [ 143.835098, -7.526628 ], [ 143.827128, -7.520837 ], [ 143.83561, -7.516652 ], [ 143.830317, -7.509251 ], [ 143.835001, -7.501459 ], [ 143.837457, -7.517083 ], [ 143.830035, -7.521719 ], [ 143.837591, -7.5263 ], [ 143.835487, -7.53512 ], [ 143.856132, -7.541058 ], [ 143.857515, -7.554742 ], [ 143.865523, -7.55896 ], [ 143.867635, -7.568571 ], [ 143.874312, -7.571183 ], [ 143.871451, -7.582503 ], [ 143.891339, -7.593431 ], [ 143.893289, -7.605542 ], [ 143.90471, -7.60019 ], [ 143.917595, -7.609909 ], [ 143.922671, -7.592847 ], [ 143.936825, -7.598938 ], [ 143.948238, -7.592084 ], [ 143.959905, -7.617172 ], [ 143.974721, -7.596881 ], [ 143.986895, -7.59815 ], [ 143.99277, -7.605695 ], [ 143.984936, -7.621316 ], [ 144.010045, -7.625243 ], [ 144.002655, -7.653404 ], [ 144.026685, -7.667771 ], [ 144.022156, -7.692791 ], [ 144.035745, -7.713114 ], [ 144.079385, -7.721526 ], [ 144.105503, -7.779547 ], [ 144.148938, -7.792865 ], [ 144.165134, -7.779362 ], [ 144.166109, -7.764667 ], [ 144.152431, -7.756224 ], [ 144.15078, -7.742987 ], [ 144.141484, -7.745104 ], [ 144.131846, -7.741521 ], [ 144.120375, -7.725783 ], [ 144.140247, -7.741919 ], [ 144.152616, -7.741077 ], [ 144.154599, -7.754444 ], [ 144.169206, -7.762804 ], [ 144.176475, -7.736109 ], [ 144.144302, -7.701994 ], [ 144.118265, -7.65908 ], [ 144.117093, -7.598047 ], [ 144.093012, -7.57417 ], [ 144.085597, -7.555534 ], [ 144.064687, -7.57742 ], [ 144.033982, -7.579587 ], [ 144.024806, -7.548772 ], [ 144.001191, -7.544164 ], [ 143.998703, -7.518912 ], [ 143.984634, -7.510337 ], [ 143.997506, -7.488488 ], [ 144.011884, -7.477055 ], [ 143.998399, -7.475885 ], [ 143.977177, -7.4674 ], [ 143.969464, -7.449156 ], [ 143.978867, -7.465159 ], [ 144.015354, -7.477866 ], [ 143.987867, -7.510156 ], [ 144.001588, -7.517612 ], [ 144.002402, -7.541523 ], [ 144.028203, -7.547775 ], [ 144.037946, -7.575945 ], [ 144.061193, -7.574551 ], [ 144.080315, -7.553579 ], [ 144.104017, -7.556199 ], [ 144.114072, -7.579443 ], [ 144.153216, -7.625092 ], [ 144.155957, -7.61806 ], [ 144.170781, -7.601339 ], [ 144.188416, -7.60095 ], [ 144.179031, -7.583188 ], [ 144.182772, -7.572512 ], [ 144.172512, -7.566957 ], [ 144.162001, -7.549164 ], [ 144.185351, -7.572804 ], [ 144.181277, -7.583107 ], [ 144.190962, -7.599157 ], [ 144.187346, -7.604497 ], [ 144.17033, -7.607394 ], [ 144.186307, -7.62352 ], [ 144.193493, -7.644659 ], [ 144.208624, -7.635462 ], [ 144.212998, -7.600545 ], [ 144.201119, -7.593197 ], [ 144.198229, -7.585321 ], [ 144.20464, -7.571997 ], [ 144.200121, -7.588164 ], [ 144.21386, -7.596405 ], [ 144.216314, -7.605873 ], [ 144.238935, -7.589174 ], [ 144.234559, -7.566444 ], [ 144.222139, -7.55335 ], [ 144.217346, -7.542266 ], [ 144.231721, -7.540007 ], [ 144.251364, -7.478091 ], [ 144.249519, -7.4697 ], [ 144.240114, -7.470885 ], [ 144.23693, -7.465733 ], [ 144.2345, -7.455359 ], [ 144.239864, -7.439066 ], [ 144.226363, -7.446592 ], [ 144.215015, -7.437946 ], [ 144.225497, -7.443614 ], [ 144.239909, -7.436824 ], [ 144.241407, -7.467206 ], [ 144.253405, -7.46441 ], [ 144.257684, -7.445302 ], [ 144.244711, -7.413001 ], [ 144.247482, -7.378224 ], [ 144.235426, -7.35628 ], [ 144.203779, -7.348479 ], [ 144.197287, -7.326839 ], [ 144.177799, -7.315618 ], [ 144.184993, -7.280095 ], [ 144.161726, -7.249888 ], [ 144.165103, -7.222614 ], [ 144.15641, -7.202384 ], [ 144.169133, -7.220197 ], [ 144.169469, -7.257714 ], [ 144.187346, -7.266157 ], [ 144.197043, -7.254491 ], [ 144.213253, -7.25348 ], [ 144.211942, -7.229672 ], [ 144.235847, -7.221375 ], [ 144.233927, -7.208404 ], [ 144.241881, -7.204895 ], [ 144.263023, -7.207911 ], [ 144.255591, -7.203663 ], [ 144.256033, -7.194501 ], [ 144.269682, -7.187867 ], [ 144.290447, -7.192356 ], [ 144.258126, -7.195207 ], [ 144.266625, -7.206477 ], [ 144.260812, -7.211752 ], [ 144.238555, -7.208786 ], [ 144.238766, -7.218704 ], [ 144.234893, -7.225228 ], [ 144.213131, -7.231511 ], [ 144.22025, -7.240311 ], [ 144.213437, -7.256293 ], [ 144.190802, -7.264952 ], [ 144.190902, -7.280254 ], [ 144.181218, -7.311421 ], [ 144.199788, -7.323175 ], [ 144.208332, -7.344354 ], [ 144.227334, -7.344776 ], [ 144.251304, -7.362204 ], [ 144.261059, -7.349691 ], [ 144.273689, -7.358838 ], [ 144.279895, -7.348808 ], [ 144.31944, -7.337499 ], [ 144.327196, -7.340408 ], [ 144.336936, -7.353438 ], [ 144.355199, -7.354811 ], [ 144.383211, -7.341132 ], [ 144.412054, -7.343226 ], [ 144.421227, -7.346525 ], [ 144.433384, -7.339502 ], [ 144.443692, -7.338301 ], [ 144.447451, -7.327434 ], [ 144.462938, -7.328044 ], [ 144.474013, -7.340363 ], [ 144.473274, -7.355768 ], [ 144.481976, -7.36451 ], [ 144.4604, -7.391881 ], [ 144.471298, -7.39515 ], [ 144.486673, -7.383264 ], [ 144.498503, -7.384056 ], [ 144.504099, -7.393011 ], [ 144.502079, -7.424782 ], [ 144.543087, -7.437025 ], [ 144.543623, -7.417644 ], [ 144.52149, -7.388351 ], [ 144.530784, -7.38204 ], [ 144.522101, -7.360357 ], [ 144.528955, -7.36168 ], [ 144.532992, -7.380974 ], [ 144.523872, -7.388103 ], [ 144.52852, -7.396892 ], [ 144.555451, -7.379049 ], [ 144.55701, -7.399697 ], [ 144.544927, -7.408245 ], [ 144.555834, -7.412586 ], [ 144.565545, -7.399946 ], [ 144.582059, -7.404612 ], [ 144.569307, -7.391596 ], [ 144.582801, -7.395429 ], [ 144.585826, -7.378112 ], [ 144.574382, -7.375852 ], [ 144.570599, -7.348152 ], [ 144.577435, -7.375049 ], [ 144.587859, -7.375576 ], [ 144.586699, -7.389366 ], [ 144.598588, -7.393295 ], [ 144.614831, -7.408517 ], [ 144.632868, -7.382491 ], [ 144.621624, -7.366983 ], [ 144.628612, -7.364902 ], [ 144.625967, -7.358331 ], [ 144.630712, -7.344941 ], [ 144.646388, -7.350987 ], [ 144.647374, -7.355607 ], [ 144.640685, -7.371182 ], [ 144.627719, -7.369689 ], [ 144.635755, -7.382224 ], [ 144.621568, -7.407328 ], [ 144.641236, -7.398605 ], [ 144.650562, -7.405706 ], [ 144.65636, -7.423342 ], [ 144.648527, -7.445331 ], [ 144.662771, -7.440807 ], [ 144.68966, -7.446526 ], [ 144.692617, -7.439236 ], [ 144.668398, -7.422207 ], [ 144.674314, -7.399011 ], [ 144.670489, -7.422044 ], [ 144.688475, -7.433226 ], [ 144.695614, -7.442779 ], [ 144.691364, -7.448751 ], [ 144.671106, -7.453368 ], [ 144.671626, -7.457671 ], [ 144.68229, -7.462533 ], [ 144.685872, -7.470046 ], [ 144.710562, -7.441174 ], [ 144.738909, -7.442491 ], [ 144.739083, -7.420099 ], [ 144.749203, -7.402704 ], [ 144.73471, -7.378454 ], [ 144.749522, -7.346591 ], [ 144.742054, -7.337042 ], [ 144.740043, -7.346149 ], [ 144.73396, -7.354472 ], [ 144.728244, -7.356646 ], [ 144.723756, -7.354103 ], [ 144.721402, -7.347032 ], [ 144.730046, -7.331387 ], [ 144.718165, -7.323997 ], [ 144.711382, -7.308098 ], [ 144.734044, -7.281698 ], [ 144.714956, -7.311045 ], [ 144.729797, -7.326129 ], [ 144.740635, -7.319017 ], [ 144.723669, -7.346177 ], [ 144.731114, -7.354152 ], [ 144.742146, -7.3282 ], [ 144.767036, -7.314924 ], [ 144.772212, -7.299101 ], [ 144.776163, -7.309485 ], [ 144.788435, -7.311842 ], [ 144.798853, -7.301099 ], [ 144.799936, -7.28659 ], [ 144.80585, -7.284609 ], [ 144.803766, -7.272495 ], [ 144.822307, -7.271227 ], [ 144.825761, -7.274896 ], [ 144.829033, -7.262832 ], [ 144.827643, -7.277039 ], [ 144.805907, -7.274572 ], [ 144.808863, -7.284057 ], [ 144.793838, -7.314531 ], [ 144.777517, -7.311653 ], [ 144.774021, -7.309421 ], [ 144.772282, -7.302656 ], [ 144.768767, -7.316163 ], [ 144.744963, -7.332071 ], [ 144.752695, -7.350048 ], [ 144.737349, -7.382302 ], [ 144.758198, -7.405256 ], [ 144.766165, -7.400565 ], [ 144.773517, -7.402799 ], [ 144.764199, -7.396022 ], [ 144.774346, -7.392793 ], [ 144.776472, -7.382579 ], [ 144.785783, -7.376367 ], [ 144.774276, -7.350616 ], [ 144.783084, -7.349761 ], [ 144.775803, -7.352221 ], [ 144.790291, -7.375823 ], [ 144.77624, -7.393157 ], [ 144.767326, -7.395647 ], [ 144.774837, -7.399581 ], [ 144.774214, -7.405332 ], [ 144.752784, -7.405673 ], [ 144.747239, -7.418688 ], [ 144.755093, -7.461462 ], [ 144.753952, -7.467874 ], [ 144.742987, -7.472952 ], [ 144.755171, -7.478834 ], [ 144.750297, -7.493269 ], [ 144.756229, -7.509039 ], [ 144.742125, -7.514483 ], [ 144.727497, -7.506874 ], [ 144.72039, -7.522288 ], [ 144.721301, -7.5361 ], [ 144.746729, -7.549914 ], [ 144.759485, -7.569281 ], [ 144.765059, -7.558412 ], [ 144.751232, -7.540333 ], [ 144.76729, -7.52556 ], [ 144.764611, -7.516041 ], [ 144.776236, -7.500687 ], [ 144.773396, -7.490615 ], [ 144.780546, -7.500429 ], [ 144.782925, -7.495919 ], [ 144.802614, -7.492544 ], [ 144.812383, -7.482014 ], [ 144.803342, -7.495243 ], [ 144.814349, -7.501268 ], [ 144.853732, -7.480325 ], [ 144.845954, -7.442707 ], [ 144.851332, -7.435506 ], [ 144.865083, -7.428831 ], [ 144.875916, -7.427679 ], [ 144.870591, -7.376116 ], [ 144.875418, -7.371474 ], [ 144.894729, -7.369213 ], [ 144.894381, -7.359479 ], [ 144.880137, -7.355457 ], [ 144.877886, -7.349619 ], [ 144.891093, -7.341383 ], [ 144.918983, -7.343555 ], [ 144.917857, -7.330385 ], [ 144.936323, -7.326476 ], [ 144.919353, -7.33246 ], [ 144.920088, -7.346091 ], [ 144.896171, -7.342875 ], [ 144.880722, -7.349712 ], [ 144.89407, -7.354787 ], [ 144.897719, -7.366417 ], [ 144.893914, -7.374128 ], [ 144.873734, -7.37503 ], [ 144.878251, -7.429413 ], [ 144.871682, -7.436485 ], [ 144.848934, -7.440626 ], [ 144.86103, -7.461719 ], [ 144.859963, -7.477492 ], [ 144.815005, -7.522598 ], [ 144.814494, -7.545994 ], [ 144.848339, -7.579849 ], [ 144.870524, -7.572897 ], [ 144.859099, -7.571772 ], [ 144.840608, -7.558756 ], [ 144.840011, -7.55442 ], [ 144.843872, -7.550531 ], [ 144.85589, -7.550609 ], [ 144.841614, -7.556744 ], [ 144.860282, -7.56958 ], [ 144.877545, -7.554441 ], [ 144.88756, -7.554371 ], [ 144.870276, -7.563079 ], [ 144.871191, -7.576796 ], [ 144.882292, -7.579318 ], [ 144.904021, -7.601717 ], [ 144.923001, -7.598335 ], [ 144.926422, -7.589149 ], [ 144.950333, -7.586686 ], [ 144.928385, -7.591903 ], [ 144.923903, -7.600579 ], [ 144.905147, -7.60409 ], [ 144.883074, -7.581789 ], [ 144.868964, -7.581747 ], [ 144.848617, -7.60058 ], [ 144.850025, -7.626427 ], [ 144.896002, -7.615102 ], [ 144.849704, -7.631081 ], [ 144.847195, -7.648596 ], [ 144.871289, -7.652131 ], [ 144.882269, -7.636051 ], [ 144.89917, -7.636481 ], [ 144.882916, -7.638645 ], [ 144.871499, -7.654471 ], [ 144.849741, -7.655683 ], [ 144.86782, -7.703143 ], [ 144.873816, -7.702262 ], [ 144.859796, -7.724652 ], [ 144.876481, -7.727693 ], [ 144.876104, -7.714833 ], [ 144.891041, -7.673311 ], [ 144.879427, -7.726778 ], [ 144.895827, -7.706268 ], [ 144.937396, -7.699488 ], [ 144.923184, -7.714919 ], [ 144.928007, -7.733363 ], [ 144.937722, -7.711609 ], [ 144.923128, -7.758081 ], [ 144.94157, -7.770267 ], [ 144.950331, -7.762567 ], [ 144.959464, -7.739908 ], [ 144.954772, -7.723903 ], [ 144.960646, -7.742672 ], [ 144.949684, -7.773921 ], [ 144.976678, -7.7954 ], [ 144.985388, -7.814688 ], [ 145.005569, -7.820281 ], [ 145.01958, -7.796688 ], [ 145.011666, -7.772918 ], [ 144.997228, -7.760517 ], [ 144.991071, -7.751223 ], [ 144.99363, -7.725357 ], [ 145.000147, -7.738248 ], [ 144.995522, -7.75405 ], [ 145.011639, -7.768333 ], [ 145.022632, -7.791885 ], [ 145.024676, -7.783958 ], [ 145.028296, -7.807827 ], [ 145.056372, -7.826036 ], [ 145.099826, -7.805726 ], [ 145.094311, -7.800592 ], [ 145.081371, -7.807834 ], [ 145.087936, -7.794599 ], [ 145.054908, -7.767528 ], [ 145.052944, -7.760613 ], [ 145.057727, -7.759917 ], [ 145.058364, -7.767509 ], [ 145.080596, -7.770546 ], [ 145.097124, -7.785949 ], [ 145.106545, -7.821467 ], [ 145.146974, -7.828709 ], [ 145.155793, -7.833079 ], [ 145.151346, -7.837575 ], [ 145.160644, -7.849854 ], [ 145.17335, -7.852081 ], [ 145.176613, -7.815922 ], [ 145.158867, -7.7882 ], [ 145.158811, -7.778157 ], [ 145.169728, -7.770642 ], [ 145.195871, -7.767631 ], [ 145.163132, -7.776989 ], [ 145.161737, -7.785885 ], [ 145.182334, -7.807 ], [ 145.190955, -7.800356 ], [ 145.196162, -7.803483 ], [ 145.200271, -7.815795 ], [ 145.207337, -7.814607 ], [ 145.215945, -7.833777 ], [ 145.224875, -7.835613 ], [ 145.216552, -7.839225 ], [ 145.235667, -7.852097 ], [ 145.224393, -7.848651 ], [ 145.228213, -7.860675 ], [ 145.303187, -7.854519 ], [ 145.340754, -7.865497 ], [ 145.387105, -7.899649 ], [ 145.399063, -7.921662 ], [ 145.395969, -7.935444 ], [ 145.406116, -7.943991 ], [ 145.433716, -7.927491 ], [ 145.428194, -7.920351 ], [ 145.410021, -7.920742 ], [ 145.401286, -7.907024 ], [ 145.403805, -7.893817 ], [ 145.418762, -7.886271 ], [ 145.430241, -7.867693 ], [ 145.425969, -7.88451 ], [ 145.406983, -7.894372 ], [ 145.40444, -7.903852 ], [ 145.411444, -7.917577 ], [ 145.435671, -7.916291 ], [ 145.438576, -7.919431 ], [ 145.431482, -7.93983 ], [ 145.420869, -7.950217 ], [ 145.6014, -7.936544 ], [ 145.630264, -7.938949 ], [ 145.656357, -7.959727 ], [ 145.718102, -7.958493 ], [ 145.757849, -7.947354 ], [ 145.744812, -7.938832 ], [ 145.718583, -7.947621 ], [ 145.735789, -7.930127 ], [ 145.754434, -7.923373 ], [ 145.747086, -7.933082 ], [ 145.768485, -7.941553 ], [ 145.788516, -7.914758 ], [ 145.813284, -7.901452 ], [ 145.776269, -7.940356 ], [ 145.802939, -7.960839 ], [ 145.803927, -7.979761 ], [ 145.816588, -7.984344 ], [ 145.805978, -7.985201 ], [ 145.796096, -7.974077 ], [ 145.800647, -7.96315 ], [ 145.785017, -7.955216 ], [ 145.758807, -7.963122 ], [ 145.779952, -7.975611 ], [ 145.789012, -7.994194 ], [ 145.826711, -8.030006 ], [ 145.862607, -8.040815 ], [ 146.009658, -8.059106 ], [ 146.030304, -8.066594 ], [ 146.07237, -8.091776 ], [ 146.076853, -8.097125 ] ] ], [ [ [ 144.771641, -7.591501 ], [ 144.760497, -7.649252 ], [ 144.749498, -7.664285 ], [ 144.773972, -7.670251 ], [ 144.779878, -7.657992 ], [ 144.797473, -7.652591 ], [ 144.79099, -7.636479 ], [ 144.799331, -7.651823 ], [ 144.781734, -7.660224 ], [ 144.775132, -7.678149 ], [ 144.789101, -7.685666 ], [ 144.81795, -7.681567 ], [ 144.833414, -7.634713 ], [ 144.823634, -7.621741 ], [ 144.807198, -7.623299 ], [ 144.808348, -7.610985 ], [ 144.800131, -7.603117 ], [ 144.809281, -7.60923 ], [ 144.808614, -7.622023 ], [ 144.822564, -7.61763 ], [ 144.830811, -7.627063 ], [ 144.84069, -7.596052 ], [ 144.813723, -7.556441 ], [ 144.811747, -7.563774 ], [ 144.808762, -7.564911 ], [ 144.796788, -7.551012 ], [ 144.801491, -7.534776 ], [ 144.799373, -7.549762 ], [ 144.810721, -7.562453 ], [ 144.81332, -7.506077 ], [ 144.798847, -7.494169 ], [ 144.776348, -7.503884 ], [ 144.767819, -7.514171 ], [ 144.770013, -7.526306 ], [ 144.753254, -7.540302 ], [ 144.780518, -7.563357 ], [ 144.778213, -7.544266 ], [ 144.79095, -7.540066 ], [ 144.775602, -7.538654 ], [ 144.773357, -7.534169 ], [ 144.792346, -7.539609 ], [ 144.780504, -7.545352 ], [ 144.78356, -7.562868 ], [ 144.780546, -7.564828 ], [ 144.769415, -7.563387 ], [ 144.771641, -7.591501 ] ] ], [ [ [ 144.404486, -7.368467 ], [ 144.419307, -7.374217 ], [ 144.421234, -7.378221 ], [ 144.41563, -7.383536 ], [ 144.405257, -7.380029 ], [ 144.412518, -7.390156 ], [ 144.410451, -7.401878 ], [ 144.425518, -7.404121 ], [ 144.436487, -7.417175 ], [ 144.450581, -7.408293 ], [ 144.460025, -7.409646 ], [ 144.462712, -7.419315 ], [ 144.449569, -7.450082 ], [ 144.458, -7.463471 ], [ 144.471839, -7.453624 ], [ 144.484833, -7.456979 ], [ 144.480907, -7.494164 ], [ 144.500586, -7.484751 ], [ 144.502171, -7.471057 ], [ 144.518949, -7.462361 ], [ 144.504556, -7.471545 ], [ 144.503492, -7.483269 ], [ 144.521572, -7.485271 ], [ 144.526065, -7.507579 ], [ 144.552243, -7.469163 ], [ 144.528334, -7.438856 ], [ 144.49695, -7.426803 ], [ 144.497978, -7.388727 ], [ 144.470615, -7.399155 ], [ 144.457062, -7.393292 ], [ 144.457843, -7.380671 ], [ 144.479589, -7.364939 ], [ 144.470419, -7.356638 ], [ 144.465579, -7.333922 ], [ 144.449597, -7.330281 ], [ 144.443924, -7.340526 ], [ 144.419909, -7.34989 ], [ 144.409283, -7.344674 ], [ 144.404486, -7.368467 ] ] ], [ [ [ 144.334583, -7.355435 ], [ 144.31686, -7.340179 ], [ 144.280561, -7.351371 ], [ 144.273304, -7.361759 ], [ 144.261558, -7.35185 ], [ 144.251684, -7.36929 ], [ 144.26351, -7.381901 ], [ 144.281815, -7.370723 ], [ 144.28681, -7.377111 ], [ 144.284849, -7.398224 ], [ 144.295661, -7.405885 ], [ 144.298498, -7.415594 ], [ 144.322156, -7.41714 ], [ 144.333733, -7.428219 ], [ 144.339899, -7.42275 ], [ 144.356916, -7.422571 ], [ 144.363011, -7.412534 ], [ 144.3841, -7.417482 ], [ 144.388017, -7.402014 ], [ 144.409489, -7.392297 ], [ 144.401785, -7.379674 ], [ 144.419184, -7.377993 ], [ 144.402529, -7.369607 ], [ 144.401186, -7.345156 ], [ 144.383019, -7.343299 ], [ 144.353809, -7.357686 ], [ 144.334583, -7.355435 ] ] ], [ [ [ 144.31009, -7.49632 ], [ 144.318959, -7.511429 ], [ 144.317571, -7.518424 ], [ 144.310339, -7.520974 ], [ 144.312658, -7.569584 ], [ 144.320886, -7.580545 ], [ 144.345212, -7.585126 ], [ 144.350911, -7.590454 ], [ 144.354587, -7.606141 ], [ 144.34068, -7.630772 ], [ 144.354943, -7.63419 ], [ 144.361178, -7.617997 ], [ 144.379735, -7.599688 ], [ 144.358478, -7.561921 ], [ 144.338438, -7.569679 ], [ 144.323619, -7.564261 ], [ 144.322493, -7.560052 ], [ 144.326148, -7.556763 ], [ 144.337358, -7.559433 ], [ 144.332309, -7.549017 ], [ 144.339013, -7.542055 ], [ 144.333214, -7.534288 ], [ 144.34129, -7.540156 ], [ 144.334846, -7.550679 ], [ 144.339814, -7.560502 ], [ 144.325504, -7.562497 ], [ 144.336485, -7.567616 ], [ 144.360219, -7.559769 ], [ 144.386707, -7.602388 ], [ 144.395646, -7.599019 ], [ 144.391831, -7.574274 ], [ 144.374846, -7.556779 ], [ 144.367192, -7.510256 ], [ 144.335907, -7.462229 ], [ 144.320631, -7.463544 ], [ 144.312292, -7.453768 ], [ 144.294105, -7.460504 ], [ 144.312138, -7.473055 ], [ 144.31009, -7.49632 ] ] ], [ [ [ 144.221759, -7.740667 ], [ 144.235185, -7.727567 ], [ 144.228326, -7.71533 ], [ 144.239048, -7.72085 ], [ 144.25359, -7.711589 ], [ 144.252665, -7.685067 ], [ 144.200941, -7.674619 ], [ 144.168301, -7.608409 ], [ 144.150784, -7.628031 ], [ 144.137341, -7.608865 ], [ 144.133044, -7.644098 ], [ 144.140849, -7.675931 ], [ 144.176047, -7.707562 ], [ 144.192674, -7.736677 ], [ 144.221759, -7.740667 ] ] ], [ [ [ 144.596237, -7.634382 ], [ 144.594544, -7.649096 ], [ 144.622757, -7.654665 ], [ 144.636228, -7.641246 ], [ 144.631059, -7.630848 ], [ 144.639761, -7.641671 ], [ 144.662192, -7.633758 ], [ 144.663949, -7.612174 ], [ 144.64908, -7.608144 ], [ 144.648077, -7.596378 ], [ 144.637116, -7.602978 ], [ 144.643893, -7.596181 ], [ 144.650151, -7.595302 ], [ 144.650227, -7.60591 ], [ 144.658544, -7.60865 ], [ 144.659828, -7.590544 ], [ 144.647499, -7.587085 ], [ 144.629973, -7.597004 ], [ 144.625283, -7.592294 ], [ 144.658764, -7.583867 ], [ 144.650623, -7.552083 ], [ 144.644859, -7.556778 ], [ 144.648044, -7.531866 ], [ 144.613404, -7.53917 ], [ 144.612348, -7.549788 ], [ 144.600642, -7.55858 ], [ 144.601469, -7.578471 ], [ 144.609347, -7.581048 ], [ 144.599182, -7.582596 ], [ 144.575078, -7.634882 ], [ 144.588007, -7.643201 ], [ 144.596237, -7.634382 ] ] ], [ [ [ 144.407478, -7.686057 ], [ 144.411031, -7.680919 ], [ 144.424648, -7.676493 ], [ 144.427146, -7.640814 ], [ 144.412544, -7.632324 ], [ 144.392028, -7.604629 ], [ 144.361481, -7.625541 ], [ 144.381974, -7.65637 ], [ 144.360183, -7.710487 ], [ 144.378828, -7.741291 ], [ 144.395815, -7.754164 ], [ 144.417311, -7.749687 ], [ 144.429293, -7.737681 ], [ 144.402803, -7.718022 ], [ 144.4151, -7.700587 ], [ 144.407478, -7.686057 ] ] ], [ [ [ 143.898632, -7.785735 ], [ 143.968723, -7.833366 ], [ 143.993391, -7.83465 ], [ 143.987417, -7.803486 ], [ 143.949313, -7.759791 ], [ 143.851682, -7.715413 ], [ 143.898632, -7.785735 ] ] ], [ [ [ 144.523874, -7.688874 ], [ 144.549551, -7.682485 ], [ 144.553548, -7.664517 ], [ 144.524245, -7.644972 ], [ 144.519114, -7.628188 ], [ 144.501108, -7.623836 ], [ 144.480472, -7.595286 ], [ 144.492072, -7.556488 ], [ 144.481261, -7.549872 ], [ 144.475278, -7.560351 ], [ 144.465365, -7.561368 ], [ 144.463331, -7.539096 ], [ 144.450574, -7.536253 ], [ 144.447715, -7.531599 ], [ 144.448389, -7.518809 ], [ 144.43939, -7.516681 ], [ 144.432866, -7.528434 ], [ 144.441438, -7.54821 ], [ 144.441281, -7.577713 ], [ 144.469763, -7.601105 ], [ 144.472209, -7.595849 ], [ 144.466692, -7.588022 ], [ 144.467423, -7.578882 ], [ 144.473703, -7.593871 ], [ 144.474211, -7.610033 ], [ 144.523874, -7.688874 ] ] ], [ [ [ 144.50633, -7.488551 ], [ 144.476074, -7.505927 ], [ 144.459125, -7.492963 ], [ 144.440063, -7.512147 ], [ 144.450045, -7.515906 ], [ 144.450053, -7.533643 ], [ 144.465281, -7.538367 ], [ 144.467388, -7.559677 ], [ 144.479231, -7.548026 ], [ 144.492341, -7.551647 ], [ 144.499088, -7.54294 ], [ 144.471423, -7.533189 ], [ 144.467359, -7.528905 ], [ 144.46828, -7.523976 ], [ 144.478692, -7.515737 ], [ 144.495374, -7.515831 ], [ 144.474914, -7.519359 ], [ 144.469049, -7.528747 ], [ 144.500281, -7.541097 ], [ 144.49565, -7.571552 ], [ 144.48373, -7.589469 ], [ 144.505962, -7.619555 ], [ 144.522996, -7.577481 ], [ 144.510356, -7.513756 ], [ 144.517946, -7.490016 ], [ 144.50633, -7.488551 ] ] ], [ [ [ 144.470583, -7.788211 ], [ 144.502912, -7.814149 ], [ 144.522129, -7.80336 ], [ 144.468225, -7.749154 ], [ 144.457399, -7.71073 ], [ 144.426319, -7.682092 ], [ 144.410564, -7.683614 ], [ 144.418859, -7.701082 ], [ 144.410878, -7.716404 ], [ 144.482489, -7.788215 ], [ 144.470583, -7.788211 ] ] ], [ [ [ 144.258774, -7.760134 ], [ 144.188417, -7.745765 ], [ 144.182891, -7.756074 ], [ 144.190689, -7.804787 ], [ 144.227959, -7.803907 ], [ 144.242143, -7.7929 ], [ 144.244305, -7.800657 ], [ 144.267315, -7.783095 ], [ 144.258774, -7.760134 ] ] ], [ [ [ 144.703993, -7.534074 ], [ 144.692479, -7.580633 ], [ 144.704359, -7.599922 ], [ 144.73599, -7.626518 ], [ 144.752706, -7.626085 ], [ 144.763442, -7.588884 ], [ 144.742716, -7.554336 ], [ 144.703993, -7.534074 ] ] ], [ [ [ 144.318689, -7.644191 ], [ 144.354446, -7.683543 ], [ 144.372036, -7.657611 ], [ 144.336932, -7.630989 ], [ 144.347853, -7.597146 ], [ 144.317226, -7.582407 ], [ 144.31195, -7.574173 ], [ 144.299444, -7.577856 ], [ 144.284967, -7.57299 ], [ 144.283723, -7.582843 ], [ 144.310828, -7.605399 ], [ 144.318689, -7.644191 ] ] ], [ [ [ 144.265999, -7.527664 ], [ 144.254315, -7.537469 ], [ 144.273346, -7.550684 ], [ 144.281246, -7.570658 ], [ 144.30463, -7.573867 ], [ 144.308534, -7.525941 ], [ 144.265217, -7.493422 ], [ 144.255676, -7.475858 ], [ 144.243329, -7.528002 ], [ 144.252732, -7.533339 ], [ 144.265999, -7.527664 ] ] ], [ [ [ 144.291929, -7.426138 ], [ 144.293903, -7.407955 ], [ 144.277812, -7.392283 ], [ 144.283441, -7.373902 ], [ 144.269046, -7.386437 ], [ 144.253475, -7.380247 ], [ 144.264927, -7.436043 ], [ 144.278871, -7.452936 ], [ 144.326664, -7.441993 ], [ 144.340479, -7.460159 ], [ 144.340706, -7.445362 ], [ 144.318933, -7.420133 ], [ 144.295395, -7.417945 ], [ 144.291929, -7.426138 ] ] ], [ [ [ 144.898772, -7.760286 ], [ 144.90615, -7.780871 ], [ 144.959873, -7.793009 ], [ 144.9207, -7.761552 ], [ 144.91973, -7.703022 ], [ 144.897356, -7.708934 ], [ 144.872016, -7.742712 ], [ 144.874446, -7.75328 ], [ 144.898772, -7.760286 ] ] ], [ [ [ 144.561464, -7.5477 ], [ 144.535113, -7.535872 ], [ 144.557076, -7.588061 ], [ 144.566518, -7.585052 ], [ 144.555324, -7.593133 ], [ 144.573726, -7.623451 ], [ 144.595194, -7.5837 ], [ 144.588317, -7.578155 ], [ 144.598513, -7.578778 ], [ 144.597977, -7.566701 ], [ 144.590164, -7.562654 ], [ 144.581427, -7.549311 ], [ 144.561464, -7.5477 ] ] ], [ [ [ 144.607463, -7.499381 ], [ 144.611738, -7.534914 ], [ 144.668359, -7.524917 ], [ 144.627788, -7.457816 ], [ 144.608721, -7.46722 ], [ 144.617246, -7.479526 ], [ 144.607463, -7.499381 ] ] ], [ [ [ 144.389751, -7.460741 ], [ 144.356245, -7.461278 ], [ 144.351986, -7.471314 ], [ 144.380575, -7.504733 ], [ 144.387737, -7.547451 ], [ 144.424251, -7.545511 ], [ 144.392179, -7.482447 ], [ 144.389751, -7.460741 ] ] ], [ [ [ 144.564419, -7.475844 ], [ 144.537173, -7.519323 ], [ 144.537144, -7.528801 ], [ 144.546716, -7.534129 ], [ 144.563398, -7.531704 ], [ 144.590535, -7.497873 ], [ 144.57866, -7.452016 ], [ 144.565609, -7.443384 ], [ 144.55315, -7.454439 ], [ 144.564419, -7.475844 ] ] ], [ [ [ 144.243819, -7.652826 ], [ 144.245511, -7.633191 ], [ 144.238201, -7.613242 ], [ 144.241053, -7.591691 ], [ 144.216362, -7.611124 ], [ 144.216829, -7.633748 ], [ 144.203208, -7.664381 ], [ 144.226419, -7.669642 ], [ 144.259594, -7.659918 ], [ 144.243819, -7.652826 ] ] ], [ [ [ 144.297497, -7.712944 ], [ 144.334684, -7.706844 ], [ 144.298778, -7.64436 ], [ 144.280631, -7.66383 ], [ 144.297497, -7.712944 ] ] ], [ [ [ 144.307624, -7.500079 ], [ 144.307532, -7.473865 ], [ 144.263604, -7.452635 ], [ 144.25943, -7.468605 ], [ 144.266917, -7.489034 ], [ 144.296164, -7.512983 ], [ 144.316488, -7.51649 ], [ 144.307624, -7.500079 ] ] ], [ [ [ 144.599076, -7.421602 ], [ 144.614657, -7.440306 ], [ 144.618772, -7.456209 ], [ 144.630519, -7.4556 ], [ 144.65202, -7.422336 ], [ 144.642877, -7.401714 ], [ 144.627889, -7.41039 ], [ 144.612686, -7.410263 ], [ 144.599879, -7.403406 ], [ 144.592867, -7.416046 ], [ 144.599076, -7.421602 ] ] ], [ [ [ 144.457997, -7.659536 ], [ 144.421143, -7.605312 ], [ 144.400823, -7.60338 ], [ 144.412904, -7.628567 ], [ 144.429616, -7.637184 ], [ 144.429228, -7.676712 ], [ 144.441656, -7.688449 ], [ 144.450711, -7.684088 ], [ 144.457997, -7.659536 ] ] ], [ [ [ 144.400342, -7.478218 ], [ 144.42228, -7.521851 ], [ 144.431446, -7.521862 ], [ 144.451191, -7.496352 ], [ 144.431572, -7.48034 ], [ 144.439016, -7.463235 ], [ 144.42755, -7.469162 ], [ 144.425406, -7.456085 ], [ 144.415489, -7.455709 ], [ 144.41283, -7.467761 ], [ 144.400342, -7.478218 ] ] ], [ [ [ 144.429931, -7.466467 ], [ 144.445472, -7.452827 ], [ 144.457422, -7.412292 ], [ 144.435006, -7.41973 ], [ 144.422287, -7.40461 ], [ 144.406999, -7.407601 ], [ 144.404668, -7.416381 ], [ 144.415988, -7.423306 ], [ 144.420446, -7.431229 ], [ 144.40984, -7.436842 ], [ 144.413124, -7.446431 ], [ 144.41137, -7.449071 ], [ 144.401002, -7.451244 ], [ 144.425184, -7.454365 ], [ 144.429931, -7.466467 ] ] ], [ [ [ 144.586701, -7.435716 ], [ 144.575804, -7.445869 ], [ 144.590343, -7.475999 ], [ 144.59274, -7.500659 ], [ 144.600123, -7.507382 ], [ 144.614173, -7.480014 ], [ 144.605001, -7.470872 ], [ 144.613436, -7.449191 ], [ 144.608509, -7.439236 ], [ 144.586701, -7.435716 ] ] ], [ [ [ 144.877781, -7.782445 ], [ 144.894758, -7.765404 ], [ 144.869347, -7.750504 ], [ 144.873089, -7.733408 ], [ 144.853206, -7.726329 ], [ 144.830601, -7.740244 ], [ 144.862456, -7.777294 ], [ 144.877781, -7.782445 ] ] ], [ [ [ 144.281362, -7.643216 ], [ 144.27006, -7.599044 ], [ 144.249746, -7.593342 ], [ 144.241721, -7.609228 ], [ 144.251371, -7.631191 ], [ 144.246366, -7.650151 ], [ 144.271751, -7.650365 ], [ 144.281362, -7.643216 ] ] ], [ [ [ 144.699046, -7.464951 ], [ 144.708696, -7.505414 ], [ 144.703289, -7.52776 ], [ 144.712057, -7.532451 ], [ 144.726901, -7.494679 ], [ 144.719494, -7.489442 ], [ 144.730104, -7.490452 ], [ 144.738148, -7.478189 ], [ 144.726758, -7.477251 ], [ 144.725199, -7.473881 ], [ 144.732272, -7.457652 ], [ 144.738423, -7.453967 ], [ 144.72088, -7.452148 ], [ 144.699046, -7.464951 ] ] ], [ [ [ 144.639814, -7.451385 ], [ 144.634968, -7.463404 ], [ 144.657272, -7.489887 ], [ 144.675638, -7.489609 ], [ 144.681981, -7.468491 ], [ 144.669822, -7.460062 ], [ 144.668951, -7.45433 ], [ 144.676516, -7.445076 ], [ 144.658183, -7.443072 ], [ 144.639814, -7.451385 ] ] ], [ [ [ 143.849402, -7.778654 ], [ 143.846188, -7.806206 ], [ 143.867904, -7.844391 ], [ 143.883386, -7.847118 ], [ 143.864961, -7.791083 ], [ 143.849402, -7.778654 ] ] ], [ [ [ 144.278191, -7.574624 ], [ 144.267243, -7.549849 ], [ 144.242278, -7.533265 ], [ 144.236114, -7.554004 ], [ 144.260603, -7.569941 ], [ 144.248548, -7.581087 ], [ 144.250242, -7.588519 ], [ 144.266975, -7.589456 ], [ 144.278191, -7.574624 ] ] ], [ [ [ 144.39624, -7.57979 ], [ 144.398346, -7.596648 ], [ 144.429092, -7.597573 ], [ 144.411916, -7.554414 ], [ 144.394515, -7.557712 ], [ 144.380536, -7.550859 ], [ 144.39624, -7.57979 ] ] ], [ [ [ 144.45651, -7.468728 ], [ 144.44206, -7.457814 ], [ 144.433935, -7.479452 ], [ 144.479781, -7.503253 ], [ 144.480519, -7.458429 ], [ 144.45651, -7.468728 ] ] ], [ [ [ 144.588229, -7.501371 ], [ 144.559601, -7.54241 ], [ 144.577099, -7.547711 ], [ 144.592693, -7.536949 ], [ 144.602473, -7.532971 ], [ 144.606986, -7.509606 ], [ 144.594783, -7.508488 ], [ 144.588229, -7.501371 ] ] ], [ [ [ 144.37596, -7.418976 ], [ 144.338329, -7.431121 ], [ 144.349584, -7.460763 ], [ 144.368718, -7.457006 ], [ 144.372526, -7.431843 ], [ 144.386362, -7.424204 ], [ 144.37596, -7.418976 ] ] ], [ [ [ 144.696044, -7.528392 ], [ 144.69005, -7.481132 ], [ 144.67795, -7.493129 ], [ 144.658522, -7.496497 ], [ 144.671596, -7.515712 ], [ 144.696044, -7.528392 ] ] ], [ [ [ 145.208578, -7.857914 ], [ 145.194737, -7.806362 ], [ 145.190396, -7.804089 ], [ 145.184041, -7.854892 ], [ 145.208578, -7.857914 ] ] ], [ [ [ 144.661762, -7.528887 ], [ 144.663787, -7.558679 ], [ 144.67929, -7.564436 ], [ 144.693835, -7.55326 ], [ 144.694275, -7.542209 ], [ 144.679974, -7.529826 ], [ 144.661762, -7.528887 ] ] ], [ [ [ 144.300195, -7.64193 ], [ 144.302035, -7.605995 ], [ 144.273959, -7.584971 ], [ 144.268701, -7.591317 ], [ 144.286098, -7.614483 ], [ 144.288316, -7.643096 ], [ 144.300195, -7.64193 ] ] ], [ [ [ 144.359703, -7.757265 ], [ 144.40219, -7.773648 ], [ 144.416031, -7.770867 ], [ 144.377145, -7.747763 ], [ 144.358561, -7.720829 ], [ 144.359703, -7.757265 ] ] ], [ [ [ 143.773111, -7.593708 ], [ 143.752781, -7.546012 ], [ 143.741052, -7.5575 ], [ 143.744726, -7.575351 ], [ 143.768095, -7.601324 ], [ 143.773111, -7.593708 ] ] ], [ [ [ 144.412959, -7.462918 ], [ 144.396379, -7.447762 ], [ 144.400462, -7.428452 ], [ 144.374673, -7.431778 ], [ 144.372556, -7.452688 ], [ 144.392978, -7.457132 ], [ 144.399478, -7.474436 ], [ 144.412959, -7.462918 ] ] ], [ [ [ 144.74552, -7.511451 ], [ 144.753725, -7.508816 ], [ 144.746259, -7.495294 ], [ 144.750213, -7.480544 ], [ 144.740687, -7.47332 ], [ 144.752119, -7.466514 ], [ 144.745892, -7.448857 ], [ 144.72759, -7.47401 ], [ 144.740722, -7.477785 ], [ 144.727881, -7.499037 ], [ 144.74552, -7.511451 ] ] ], [ [ [ 144.549189, -7.41161 ], [ 144.541657, -7.444154 ], [ 144.549259, -7.450199 ], [ 144.580262, -7.434438 ], [ 144.549189, -7.41161 ] ] ], [ [ [ 144.393901, -7.399551 ], [ 144.387231, -7.4209 ], [ 144.402806, -7.427164 ], [ 144.399805, -7.446185 ], [ 144.410155, -7.447816 ], [ 144.407832, -7.435568 ], [ 144.417908, -7.42914 ], [ 144.402376, -7.415933 ], [ 144.406405, -7.400556 ], [ 144.393901, -7.399551 ] ] ], [ [ [ 144.662935, -7.636615 ], [ 144.645006, -7.642976 ], [ 144.647624, -7.654498 ], [ 144.676329, -7.646929 ], [ 144.666436, -7.604051 ], [ 144.662935, -7.636615 ] ] ], [ [ [ 144.583204, -7.40848 ], [ 144.571066, -7.421823 ], [ 144.587988, -7.432803 ], [ 144.597698, -7.423436 ], [ 144.590979, -7.418097 ], [ 144.596507, -7.393096 ], [ 144.58646, -7.393925 ], [ 144.583204, -7.40848 ] ] ], [ [ [ 144.602993, -7.535526 ], [ 144.584339, -7.551112 ], [ 144.596016, -7.563019 ], [ 144.612262, -7.543386 ], [ 144.602993, -7.535526 ] ] ], [ [ [ 144.234518, -7.56319 ], [ 144.238664, -7.579231 ], [ 144.243686, -7.588195 ], [ 144.251598, -7.564722 ], [ 144.236575, -7.559268 ], [ 144.220656, -7.541889 ], [ 144.234518, -7.56319 ] ] ], [ [ [ 146.076853, -8.097125 ], [ 146.068164, -8.100652 ], [ 146.097164, -8.13472 ], [ 146.092659, -8.125107 ], [ 146.104279, -8.12985 ], [ 146.076853, -8.097125 ] ] ], [ [ [ 145.013361, -7.820814 ], [ 145.017742, -7.830544 ], [ 145.030707, -7.827316 ], [ 145.021057, -7.803275 ], [ 145.013361, -7.820814 ] ] ], [ [ [ 144.554778, -7.389372 ], [ 144.534822, -7.39708 ], [ 144.54034, -7.412126 ], [ 144.553247, -7.401102 ], [ 144.554778, -7.389372 ] ] ], [ [ [ 144.560466, -7.415329 ], [ 144.56804, -7.422255 ], [ 144.574941, -7.408735 ], [ 144.564424, -7.402833 ], [ 144.560466, -7.415329 ] ] ], [ [ [ 144.319107, -7.446111 ], [ 144.320002, -7.460817 ], [ 144.331803, -7.457385 ], [ 144.325891, -7.44724 ], [ 144.319107, -7.446111 ] ] ], [ [ [ 144.645812, -7.354613 ], [ 144.628506, -7.35807 ], [ 144.638816, -7.369782 ], [ 144.645812, -7.354613 ] ] ], [ [ [ 144.258001, -7.42147 ], [ 144.257182, -7.407064 ], [ 144.251241, -7.399534 ], [ 144.247666, -7.41087 ], [ 144.258001, -7.42147 ] ] ], [ [ [ 144.102515, -7.576043 ], [ 144.099079, -7.558145 ], [ 144.091689, -7.55911 ], [ 144.102515, -7.576043 ] ] ], [ [ [ 145.035274, -7.818691 ], [ 145.038813, -7.833301 ], [ 145.049464, -7.828364 ], [ 145.043075, -7.820369 ], [ 145.035274, -7.818691 ] ] ], [ [ [ 144.820817, -7.500977 ], [ 144.815387, -7.517508 ], [ 144.830261, -7.498997 ], [ 144.820817, -7.500977 ] ] ], [ [ [ 145.38082, -7.910294 ], [ 145.386097, -7.92489 ], [ 145.386262, -7.903382 ], [ 145.38082, -7.910294 ] ] ], [ [ [ 144.347924, -7.479901 ], [ 144.362558, -7.49055 ], [ 144.348019, -7.476387 ], [ 144.347924, -7.479901 ] ] ], [ [ [ 144.128269, -7.626415 ], [ 144.124011, -7.64225 ], [ 144.125672, -7.642954 ], [ 144.128269, -7.626415 ] ] ], [ [ [ 143.772638, -7.611199 ], [ 143.775526, -7.601906 ], [ 143.772364, -7.601427 ], [ 143.772638, -7.611199 ] ] ], [ [ [ 144.365067, -7.498034 ], [ 144.367999, -7.508973 ], [ 144.371069, -7.509003 ], [ 144.365067, -7.498034 ] ] ], [ [ [ 145.206385, -7.82666 ], [ 145.208452, -7.834967 ], [ 145.211059, -7.836961 ], [ 145.211592, -7.82835 ], [ 145.206385, -7.82666 ] ] ], [ [ [ 145.389233, -7.918279 ], [ 145.394219, -7.931732 ], [ 145.390383, -7.91741 ], [ 145.389233, -7.918279 ] ] ], [ [ [ 144.247143, -7.369316 ], [ 144.244373, -7.363984 ], [ 144.240665, -7.360974 ], [ 144.242039, -7.36775 ], [ 144.247143, -7.369316 ] ] ], [ [ [ 144.871788, -7.430541 ], [ 144.864646, -7.433787 ], [ 144.873458, -7.432866 ], [ 144.871788, -7.430541 ] ] ], [ [ [ 144.258531, -7.430822 ], [ 144.262328, -7.439649 ], [ 144.260533, -7.429857 ], [ 144.258531, -7.430822 ] ] ], [ [ [ 146.141818, -8.210409 ], [ 146.150194, -8.21731 ], [ 146.159627, -8.218563 ], [ 146.141818, -8.210409 ] ] ], [ [ [ 144.37706, -7.517121 ], [ 144.380869, -7.524322 ], [ 144.378689, -7.515413 ], [ 144.37706, -7.517121 ] ] ], [ [ [ 144.267867, -7.445265 ], [ 144.273107, -7.453066 ], [ 144.274292, -7.451929 ], [ 144.267867, -7.445265 ] ] ], [ [ [ 144.377524, -7.554843 ], [ 144.376336, -7.546346 ], [ 144.376339, -7.555257 ], [ 144.377524, -7.554843 ] ] ], [ [ [ 145.421682, -7.941613 ], [ 145.424291, -7.943891 ], [ 145.428886, -7.940137 ], [ 145.421682, -7.941613 ] ] ], [ [ [ 146.136693, -8.208292 ], [ 146.133073, -8.202147 ], [ 146.131919, -8.202138 ], [ 146.136693, -8.208292 ] ] ], [ [ [ 145.180655, -7.816759 ], [ 145.183266, -7.818754 ], [ 145.182375, -7.815032 ], [ 145.180655, -7.816759 ] ] ], [ [ [ 144.261313, -7.441853 ], [ 144.265683, -7.446496 ], [ 144.263019, -7.440856 ], [ 144.261313, -7.441853 ] ] ], [ [ [ 144.377986, -7.525914 ], [ 144.379995, -7.532026 ], [ 144.379504, -7.525562 ], [ 144.377986, -7.525914 ] ] ], [ [ [ 144.258587, -7.464731 ], [ 144.255491, -7.470379 ], [ 144.256442, -7.471529 ], [ 144.258587, -7.464731 ] ] ], [ [ [ 144.343347, -7.587446 ], [ 144.346727, -7.592349 ], [ 144.34811, -7.592192 ], [ 144.343347, -7.587446 ] ] ], [ [ [ 146.068004, -8.094081 ], [ 146.062818, -8.094255 ], [ 146.06822, -8.095467 ], [ 146.068004, -8.094081 ] ] ], [ [ [ 144.369844, -7.520692 ], [ 144.373203, -7.524341 ], [ 144.370817, -7.519393 ], [ 144.369844, -7.520692 ] ] ], [ [ [ 144.185591, -7.272971 ], [ 144.188833, -7.275415 ], [ 144.187043, -7.271665 ], [ 144.185591, -7.272971 ] ] ], [ [ [ 145.737391, -7.936774 ], [ 145.732395, -7.938044 ], [ 145.730392, -7.940064 ], [ 145.732701, -7.940627 ], [ 145.737391, -7.936774 ] ] ], [ [ [ 144.313491, -7.445784 ], [ 144.308818, -7.448431 ], [ 144.315287, -7.446092 ], [ 144.313491, -7.445784 ] ] ], [ [ [ 144.292988, -7.456882 ], [ 144.289616, -7.458983 ], [ 144.29367, -7.457353 ], [ 144.292988, -7.456882 ] ] ], [ [ [ 144.363266, -7.417789 ], [ 144.363467, -7.421144 ], [ 144.365642, -7.419208 ], [ 144.363266, -7.417789 ] ] ], [ [ [ 144.164962, -7.249772 ], [ 144.163622, -7.246142 ], [ 144.164072, -7.250489 ], [ 144.164962, -7.249772 ] ] ], [ [ [ 144.934778, -7.770544 ], [ 144.933698, -7.76839 ], [ 144.932393, -7.768586 ], [ 144.934778, -7.770544 ] ] ], [ [ [ 145.088463, -7.785135 ], [ 145.090788, -7.788278 ], [ 145.090484, -7.785699 ], [ 145.088463, -7.785135 ] ] ], [ [ [ 144.256143, -7.571937 ], [ 144.254576, -7.573348 ], [ 144.256224, -7.573252 ], [ 144.256143, -7.571937 ] ] ], [ [ [ 144.349034, -7.463944 ], [ 144.346548, -7.465515 ], [ 144.349297, -7.464353 ], [ 144.349034, -7.463944 ] ] ], [ [ [ 146.074334, -8.094731 ], [ 146.072258, -8.094936 ], [ 146.073166, -8.096097 ], [ 146.074334, -8.094731 ] ] ], [ [ [ 144.256371, -7.428944 ], [ 144.256598, -7.431707 ], [ 144.256665, -7.428642 ], [ 144.256371, -7.428944 ] ] ], [ [ [ 146.104314, -8.144587 ], [ 146.102013, -8.144216 ], [ 146.103729, -8.145386 ], [ 146.104314, -8.144587 ] ] ], [ [ [ 143.693083, -7.430202 ], [ 143.693911, -7.431806 ], [ 143.694354, -7.430934 ], [ 143.693083, -7.430202 ] ] ], [ [ [ 143.600726, -7.282257 ], [ 143.600148, -7.283762 ], [ 143.601161, -7.283449 ], [ 143.600726, -7.282257 ] ] ], [ [ [ 144.275545, -7.453554 ], [ 144.277064, -7.454841 ], [ 144.276819, -7.453501 ], [ 144.275545, -7.453554 ] ] ], [ [ [ 145.433461, -7.918468 ], [ 145.435689, -7.919734 ], [ 145.433661, -7.918024 ], [ 145.433461, -7.918468 ] ] ], [ [ [ 144.260212, -7.481274 ], [ 144.260271, -7.479858 ], [ 144.259323, -7.479083 ], [ 144.260212, -7.481274 ] ] ], [ [ [ 145.085292, -7.786012 ], [ 145.085592, -7.787734 ], [ 145.086163, -7.786871 ], [ 145.085292, -7.786012 ] ] ], [ [ [ 145.02628, -7.808984 ], [ 145.026289, -7.810421 ], [ 145.026865, -7.810131 ], [ 145.02628, -7.808984 ] ] ], [ [ [ 144.28094, -7.389597 ], [ 144.28156, -7.391236 ], [ 144.281766, -7.389772 ], [ 144.28094, -7.389597 ] ] ], [ [ [ 144.243569, -7.521795 ], [ 144.243924, -7.519015 ], [ 144.243393, -7.518763 ], [ 144.243569, -7.521795 ] ] ], [ [ [ 144.308841, -7.449848 ], [ 144.308739, -7.450711 ], [ 144.309252, -7.449956 ], [ 144.308841, -7.449848 ] ] ], [ [ [ 143.513826, -7.289018 ], [ 143.514908, -7.289813 ], [ 143.514964, -7.288993 ], [ 143.513826, -7.289018 ] ] ], [ [ [ 144.270552, -7.382694 ], [ 144.269528, -7.384167 ], [ 144.270743, -7.383106 ], [ 144.270552, -7.382694 ] ] ], [ [ [ 144.256428, -7.462976 ], [ 144.255614, -7.463806 ], [ 144.256442, -7.464018 ], [ 144.256428, -7.462976 ] ] ], [ [ [ 144.281017, -7.394882 ], [ 144.281458, -7.394013 ], [ 144.280665, -7.393579 ], [ 144.281017, -7.394882 ] ] ], [ [ [ 145.433956, -7.921924 ], [ 145.433874, -7.923311 ], [ 145.434447, -7.923066 ], [ 145.433956, -7.921924 ] ] ] ] } },
{ "type": "Feature", "properties": { "FID": 17, "PROVID": "OCNPNG004019", "PROVNAME": "West New Britain" }, "geometry": { "type": "MultiPolygon", "coordinates": [ [ [ [ 148.876964, -5.481861 ], [ 148.846586, -5.52211 ], [ 148.812925, -5.521869 ], [ 148.79577, -5.532958 ], [ 148.787559, -5.516658 ], [ 148.762789, -5.513452 ], [ 148.731711, -5.483583 ], [ 148.687196, -5.490918 ], [ 148.671544, -5.478712 ], [ 148.653433, -5.479748 ], [ 148.615731, -5.507991 ], [ 148.590134, -5.507947 ], [ 148.582899, -5.533886 ], [ 148.550732, -5.539362 ], [ 148.518098, -5.526169 ], [ 148.519007, -5.500582 ], [ 148.503114, -5.493266 ], [ 148.494309, -5.474666 ], [ 148.467229, -5.470902 ], [ 148.450098, -5.453535 ], [ 148.415501, -5.445234 ], [ 148.376477, -5.461587 ], [ 148.348574, -5.486098 ], [ 148.327304, -5.549807 ], [ 148.330981, -5.573914 ], [ 148.319695, -5.567119 ], [ 148.326966, -5.575676 ], [ 148.327061, -5.603409 ], [ 148.309436, -5.639636 ], [ 148.321767, -5.696994 ], [ 148.356729, -5.743506 ], [ 148.388896, -5.767629 ], [ 148.437122, -5.786142 ], [ 148.443419, -5.782065 ], [ 148.451856, -5.791752 ], [ 148.497349, -5.794768 ], [ 148.521376, -5.809481 ], [ 148.520632, -5.821847 ], [ 148.547547, -5.836534 ], [ 148.567436, -5.840935 ], [ 148.571836, -5.819634 ], [ 148.601414, -5.813026 ], [ 148.603369, -5.80624 ], [ 148.62766, -5.825058 ], [ 148.636274, -5.847458 ], [ 148.650736, -5.854787 ], [ 148.695043, -5.853209 ], [ 148.717127, -5.875113 ], [ 148.748978, -5.86532 ], [ 148.76751, -5.910654 ], [ 148.744841, -5.942365 ], [ 148.773499, -5.929732 ], [ 148.773347, -5.914217 ], [ 148.782613, -5.919874 ], [ 148.786576, -5.913513 ], [ 148.810561, -5.912485 ], [ 148.835654, -5.928544 ], [ 148.838997, -5.946038 ], [ 148.865599, -5.958126 ], [ 148.84331, -5.974726 ], [ 148.845528, -5.995388 ], [ 148.865511, -5.978239 ], [ 148.886991, -5.996124 ], [ 148.898758, -5.993421 ], [ 148.912454, -6.009662 ], [ 148.917012, -6.005021 ], [ 148.942458, -6.016835 ], [ 148.957367, -6.010937 ], [ 148.961835, -6.025545 ], [ 148.974229, -6.027143 ], [ 148.97991, -6.019617 ], [ 148.990397, -6.031863 ], [ 149.005875, -6.025391 ], [ 149.008278, -6.035417 ], [ 148.999708, -6.041824 ], [ 149.016943, -6.038201 ], [ 149.018499, -6.021524 ], [ 149.029649, -6.013938 ], [ 149.032216, -6.039487 ], [ 149.013329, -6.051171 ], [ 149.021751, -6.058552 ], [ 149.004738, -6.05499 ], [ 149.004301, -6.068783 ], [ 149.009838, -6.07591 ], [ 149.025038, -6.069724 ], [ 149.036894, -6.075349 ], [ 149.051182, -6.093305 ], [ 149.045848, -6.106573 ], [ 149.057389, -6.110562 ], [ 149.036193, -6.119599 ], [ 149.058166, -6.129145 ], [ 149.058818, -6.136038 ], [ 149.04913, -6.146189 ], [ 149.040511, -6.147995 ], [ 149.042429, -6.138213 ], [ 149.029726, -6.134895 ], [ 149.036324, -6.160967 ], [ 149.06691, -6.139113 ], [ 149.079966, -6.14903 ], [ 149.104558, -6.151769 ], [ 149.143234, -6.101922 ], [ 149.146682, -6.086293 ], [ 149.134965, -6.080852 ], [ 149.142299, -6.080021 ], [ 149.139938, -6.073722 ], [ 149.152486, -6.090834 ], [ 149.179499, -6.081091 ], [ 149.180705, -6.0914 ], [ 149.225634, -6.093235 ], [ 149.248763, -6.075181 ], [ 149.251742, -6.05705 ], [ 149.269385, -6.065487 ], [ 149.282503, -6.053282 ], [ 149.329147, -6.05423 ], [ 149.34558, -6.05664 ], [ 149.356351, -6.068022 ], [ 149.374435, -6.063235 ], [ 149.390159, -6.080019 ], [ 149.401651, -6.078168 ], [ 149.409207, -6.084411 ], [ 149.438898, -6.088403 ], [ 149.457424, -6.097685 ], [ 149.468316, -6.093551 ], [ 149.467505, -6.125448 ], [ 149.490946, -6.140168 ], [ 149.506329, -6.175595 ], [ 149.523711, -6.185176 ], [ 149.531797, -6.214391 ], [ 149.538722, -6.189034 ], [ 149.554612, -6.247469 ], [ 149.606056, -6.291438 ], [ 149.657918, -6.284729 ], [ 149.66598, -6.294807 ], [ 149.689411, -6.27789 ], [ 149.74778, -6.270641 ], [ 149.802899, -6.281808 ], [ 149.803287, -6.269535 ], [ 149.808948, -6.281742 ], [ 149.830776, -6.276902 ], [ 149.852491, -6.287863 ], [ 149.860524, -6.261518 ], [ 149.882598, -6.276326 ], [ 149.888851, -6.269073 ], [ 149.886439, -6.285184 ], [ 149.898939, -6.295676 ], [ 149.914241, -6.273675 ], [ 149.937561, -6.27341 ], [ 149.952887, -6.253987 ], [ 149.971391, -6.260387 ], [ 149.968626, -6.27047 ], [ 149.976949, -6.268084 ], [ 149.988973, -6.287192 ], [ 150.002175, -6.283598 ], [ 150.002053, -6.272968 ], [ 150.009155, -6.289834 ], [ 149.997567, -6.309215 ], [ 150.000534, -6.316364 ], [ 150.036499, -6.288665 ], [ 150.033507, -6.278928 ], [ 150.018539, -6.279389 ], [ 150.017833, -6.268193 ], [ 150.046294, -6.264138 ], [ 150.033258, -6.2571 ], [ 150.044606, -6.242036 ], [ 150.064844, -6.249561 ], [ 150.072714, -6.283078 ], [ 150.083702, -6.287266 ], [ 150.146967, -6.254935 ], [ 150.162294, -6.236088 ], [ 150.180406, -6.233293 ], [ 150.192561, -6.238902 ], [ 150.189538, -6.251576 ], [ 150.205778, -6.261437 ], [ 150.210271, -6.251621 ], [ 150.223046, -6.252752 ], [ 150.223868, -6.281912 ], [ 150.289147, -6.275118 ], [ 150.284719, -6.265691 ], [ 150.306594, -6.264858 ], [ 150.311003, -6.272278 ], [ 150.322931, -6.258353 ], [ 150.328773, -6.26575 ], [ 150.318222, -6.274491 ], [ 150.322055, -6.281918 ], [ 150.344057, -6.259761 ], [ 150.349432, -6.259474 ], [ 150.35876, -6.269134 ], [ 150.403392, -6.269183 ], [ 150.420779, -6.254609 ], [ 150.458465, -6.25158 ], [ 150.482124, -6.217819 ], [ 150.480887, -6.224591 ], [ 150.504241, -6.203342 ], [ 150.526621, -6.196468 ], [ 150.557456, -6.151569 ], [ 150.572545, -6.161155 ], [ 150.56918, -6.144824 ], [ 150.579206, -6.140388 ], [ 150.584551, -6.154116 ], [ 150.602809, -6.140393 ], [ 150.602286, -6.120577 ], [ 150.611966, -6.135974 ], [ 150.625439, -6.130927 ], [ 150.620285, -6.156842 ], [ 150.662902, -6.133918 ], [ 150.684494, -6.134518 ], [ 150.703389, -6.119103 ], [ 150.738642, -6.112884 ], [ 150.734459, -6.123567 ], [ 150.744279, -6.126602 ], [ 150.747229, -6.108756 ], [ 150.754069, -6.103212 ], [ 150.759039, -6.109182 ], [ 150.761656, -6.088182 ], [ 150.778216, -6.076771 ], [ 150.60095, -5.915383 ], [ 150.600948, -5.743451 ], [ 150.611783, -5.730487 ], [ 150.628963, -5.725038 ], [ 150.739506, -5.729905 ], [ 150.757047, -5.732888 ], [ 150.781426, -5.758303 ], [ 150.819274, -5.746543 ], [ 150.833679, -5.750764 ], [ 150.845493, -5.73463 ], [ 150.876129, -5.721711 ], [ 150.892842, -5.73019 ], [ 150.911448, -5.716264 ], [ 150.933045, -5.715339 ], [ 150.943702, -5.698784 ], [ 150.957197, -5.693794 ], [ 150.956083, -5.666945 ], [ 150.935961, -5.635769 ], [ 150.953223, -5.605238 ], [ 150.94689, -5.589457 ], [ 150.965787, -5.586664 ], [ 151.033781, -5.627065 ], [ 151.041867, -5.593246 ], [ 151.069745, -5.59036 ], [ 151.105056, -5.57138 ], [ 151.098162, -5.558983 ], [ 151.119826, -5.557326 ], [ 151.127398, -5.528733 ], [ 151.145328, -5.510861 ], [ 151.167468, -5.515907 ], [ 151.183632, -5.504061 ], [ 151.193762, -5.509209 ], [ 151.203839, -5.481063 ], [ 151.229996, -5.452274 ], [ 151.215451, -5.434446 ], [ 151.180936, -5.426453 ], [ 151.1565, -5.429941 ], [ 151.147447, -5.417844 ], [ 151.134592, -5.415504 ], [ 151.239767, -5.198496 ], [ 151.333643, -5.051283 ], [ 151.426684, -4.982123 ], [ 151.700819, -4.982114 ], [ 151.646234, -4.930173 ], [ 151.621008, -4.950462 ], [ 151.582435, -4.966119 ], [ 151.553166, -4.939971 ], [ 151.536209, -4.936267 ], [ 151.539642, -4.929069 ], [ 151.528997, -4.923631 ], [ 151.514922, -4.923949 ], [ 151.489677, -4.946708 ], [ 151.474744, -4.950472 ], [ 151.446553, -4.937017 ], [ 151.423563, -4.935716 ], [ 151.400835, -4.919569 ], [ 151.365773, -4.917041 ], [ 151.356561, -4.906425 ], [ 151.347656, -4.910751 ], [ 151.345919, -4.952531 ], [ 151.262437, -4.982768 ], [ 151.250682, -4.998028 ], [ 151.232587, -5.005526 ], [ 151.165338, -5.087159 ], [ 151.084497, -5.147482 ], [ 151.034744, -5.240066 ], [ 151.037231, -5.263968 ], [ 151.009683, -5.302814 ], [ 151.001987, -5.349394 ], [ 151.009407, -5.370972 ], [ 150.988311, -5.408921 ], [ 150.952647, -5.447751 ], [ 150.922256, -5.462631 ], [ 150.909556, -5.459048 ], [ 150.904678, -5.483545 ], [ 150.874597, -5.493116 ], [ 150.835107, -5.486705 ], [ 150.815627, -5.446423 ], [ 150.800483, -5.454659 ], [ 150.757586, -5.451451 ], [ 150.738477, -5.464903 ], [ 150.74926, -5.476557 ], [ 150.722449, -5.518559 ], [ 150.682355, -5.546219 ], [ 150.654232, -5.538931 ], [ 150.618984, -5.549992 ], [ 150.596744, -5.54279 ], [ 150.576431, -5.480672 ], [ 150.538821, -5.462445 ], [ 150.518669, -5.43711 ], [ 150.496006, -5.441978 ], [ 150.452689, -5.427551 ], [ 150.41083, -5.438969 ], [ 150.395187, -5.466977 ], [ 150.339611, -5.497864 ], [ 150.285696, -5.561436 ], [ 150.238134, -5.55337 ], [ 150.224483, -5.542318 ], [ 150.205308, -5.550879 ], [ 150.191702, -5.543563 ], [ 150.150396, -5.553811 ], [ 150.092178, -5.519417 ], [ 150.100954, -5.481958 ], [ 150.080468, -5.401142 ], [ 150.048461, -5.36903 ], [ 150.054161, -5.364082 ], [ 150.044643, -5.361604 ], [ 150.056621, -5.352846 ], [ 150.046427, -5.341464 ], [ 150.055229, -5.33159 ], [ 150.043999, -5.305279 ], [ 150.037408, -5.307365 ], [ 150.015906, -5.287774 ], [ 150.023271, -5.278209 ], [ 150.078261, -5.258033 ], [ 150.067472, -5.245225 ], [ 150.078966, -5.219513 ], [ 150.071484, -5.193728 ], [ 150.056616, -5.176082 ], [ 150.066291, -5.142054 ], [ 150.088782, -5.122247 ], [ 150.124921, -5.114652 ], [ 150.177554, -5.090469 ], [ 150.174531, -5.077857 ], [ 150.190991, -5.059272 ], [ 150.161866, -5.026839 ], [ 150.124244, -5.005139 ], [ 150.094559, -4.998868 ], [ 150.060497, -5.011904 ], [ 150.036632, -5.011601 ], [ 150.019183, -5.044572 ], [ 150.028475, -5.103392 ], [ 150.015607, -5.109574 ], [ 149.998668, -5.137071 ], [ 150.000917, -5.158032 ], [ 150.023415, -5.189394 ], [ 150.025612, -5.205753 ], [ 150.001482, -5.233042 ], [ 149.999769, -5.259795 ], [ 149.954474, -5.272667 ], [ 149.956004, -5.280986 ], [ 149.93556, -5.303631 ], [ 149.920627, -5.305814 ], [ 149.915677, -5.325991 ], [ 149.904283, -5.335605 ], [ 149.910295, -5.359101 ], [ 149.928993, -5.385045 ], [ 149.945818, -5.397503 ], [ 149.957249, -5.390763 ], [ 149.968409, -5.411333 ], [ 149.942573, -5.4668 ], [ 149.880434, -5.517511 ], [ 149.859486, -5.522628 ], [ 149.835044, -5.497608 ], [ 149.822072, -5.494881 ], [ 149.815297, -5.507024 ], [ 149.803044, -5.491068 ], [ 149.782254, -5.484402 ], [ 149.784783, -5.504491 ], [ 149.775058, -5.509772 ], [ 149.775177, -5.520693 ], [ 149.727868, -5.535009 ], [ 149.726636, -5.553413 ], [ 149.718182, -5.543448 ], [ 149.672711, -5.54165 ], [ 149.684369, -5.476861 ], [ 149.681634, -5.463383 ], [ 149.660201, -5.450109 ], [ 149.654333, -5.465983 ], [ 149.667259, -5.464115 ], [ 149.667603, -5.495722 ], [ 149.631037, -5.492385 ], [ 149.605849, -5.504154 ], [ 149.604289, -5.492965 ], [ 149.59115, -5.501729 ], [ 149.577297, -5.497565 ], [ 149.518937, -5.527512 ], [ 149.518158, -5.53557 ], [ 149.50689, -5.530804 ], [ 149.498392, -5.542964 ], [ 149.504789, -5.549217 ], [ 149.486768, -5.559184 ], [ 149.464294, -5.555688 ], [ 149.44626, -5.537487 ], [ 149.44358, -5.555621 ], [ 149.424768, -5.559794 ], [ 149.406308, -5.540788 ], [ 149.375864, -5.572721 ], [ 149.36158, -5.555052 ], [ 149.330658, -5.568889 ], [ 149.292892, -5.561814 ], [ 149.280059, -5.572581 ], [ 149.218922, -5.58615 ], [ 149.195436, -5.568576 ], [ 149.2106, -5.560371 ], [ 149.198093, -5.546994 ], [ 149.174403, -5.537467 ], [ 149.165675, -5.542686 ], [ 149.115129, -5.507902 ], [ 149.085524, -5.510791 ], [ 149.088337, -5.504442 ], [ 149.070065, -5.489398 ], [ 149.065255, -5.49778 ], [ 149.048882, -5.49996 ], [ 149.035485, -5.483709 ], [ 149.000208, -5.46539 ], [ 148.9928, -5.47294 ], [ 148.981181, -5.458989 ], [ 148.9444, -5.465666 ], [ 148.896314, -5.488277 ], [ 148.876964, -5.481861 ] ] ], [ [ [ 151.112331, -4.920331 ], [ 151.167851, -4.957337 ], [ 151.207486, -4.948651 ], [ 151.208051, -4.938007 ], [ 151.224425, -4.934531 ], [ 151.233019, -4.919285 ], [ 151.18411, -4.883714 ], [ 151.163134, -4.883461 ], [ 151.112331, -4.920331 ] ] ], [ [ [ 149.432418, -4.692589 ], [ 149.439375, -4.701702 ], [ 149.449096, -4.697287 ], [ 149.464143, -4.706614 ], [ 149.491992, -4.704304 ], [ 149.491562, -4.691087 ], [ 149.478334, -4.690365 ], [ 149.469851, -4.676365 ], [ 149.477149, -4.659904 ], [ 149.496715, -4.657779 ], [ 149.512832, -4.674853 ], [ 149.506424, -4.701638 ], [ 149.537221, -4.714455 ], [ 149.55003, -4.696571 ], [ 149.548881, -4.676094 ], [ 149.536452, -4.669614 ], [ 149.537151, -4.654657 ], [ 149.493041, -4.641338 ], [ 149.447278, -4.661085 ], [ 149.432418, -4.692589 ] ] ], [ [ [ 149.110516, -4.889985 ], [ 149.137298, -4.922481 ], [ 149.16076, -4.911892 ], [ 149.175235, -4.893917 ], [ 149.172759, -4.876696 ], [ 149.151934, -4.863971 ], [ 149.124415, -4.871445 ], [ 149.110516, -4.889985 ] ] ], [ [ [ 150.069484, -5.318785 ], [ 150.075676, -5.309227 ], [ 150.081776, -5.314042 ], [ 150.086816, -5.3022 ], [ 150.072874, -5.290287 ], [ 150.054358, -5.305737 ], [ 150.069484, -5.318785 ] ] ], [ [ [ 149.332793, -4.623492 ], [ 149.3441, -4.632857 ], [ 149.384762, -4.619492 ], [ 149.351996, -4.618688 ], [ 149.332793, -4.623492 ] ] ], [ [ [ 149.005301, -6.082564 ], [ 149.031325, -6.094085 ], [ 149.041058, -6.088524 ], [ 149.019632, -6.076387 ], [ 149.005301, -6.082564 ] ] ], [ [ [ 148.949073, -6.129232 ], [ 148.965014, -6.141006 ], [ 148.958371, -6.167504 ], [ 148.96812, -6.132027 ], [ 148.949073, -6.129232 ] ] ], [ [ [ 150.066586, -6.301246 ], [ 150.077357, -6.311181 ], [ 150.078578, -6.292491 ], [ 150.067904, -6.290602 ], [ 150.066586, -6.301246 ] ] ], [ [ [ 149.943947, -6.303498 ], [ 149.952034, -6.305421 ], [ 149.970543, -6.2874 ], [ 149.959332, -6.288963 ], [ 149.943947, -6.303498 ] ] ], [ [ [ 150.373137, -6.281191 ], [ 150.379575, -6.276071 ], [ 150.375209, -6.272097 ], [ 150.356194, -6.271174 ], [ 150.373137, -6.281191 ] ] ], [ [ [ 149.546962, -6.259041 ], [ 149.552846, -6.27047 ], [ 149.561799, -6.273242 ], [ 149.554154, -6.258099 ], [ 149.546962, -6.259041 ] ] ], [ [ [ 149.036226, -6.179642 ], [ 149.040884, -6.184767 ], [ 149.048368, -6.184118 ], [ 149.043033, -6.169232 ], [ 149.036226, -6.179642 ] ] ], [ [ [ 149.013922, -6.109195 ], [ 149.022313, -6.11371 ], [ 149.026529, -6.103327 ], [ 149.015857, -6.101421 ], [ 149.013922, -6.109195 ] ] ], [ [ [ 148.990781, -6.126672 ], [ 148.998056, -6.13464 ], [ 149.005245, -6.133992 ], [ 148.999346, -6.119687 ], [ 148.990781, -6.126672 ] ] ], [ [ [ 148.863608, -5.989752 ], [ 148.874354, -5.999127 ], [ 148.882116, -5.998475 ], [ 148.867878, -5.984823 ], [ 148.863608, -5.989752 ] ] ], [ [ [ 149.001592, -6.142645 ], [ 149.014378, -6.154296 ], [ 149.022413, -6.151345 ], [ 149.004701, -6.137156 ], [ 149.001592, -6.142645 ] ] ], [ [ [ 148.931357, -6.180934 ], [ 148.948068, -6.186361 ], [ 148.955264, -6.173565 ], [ 148.944698, -6.182003 ], [ 148.931357, -6.180934 ] ] ], [ [ [ 149.434024, -5.522671 ], [ 149.447803, -5.520224 ], [ 149.429624, -5.515249 ], [ 149.434024, -5.522671 ] ] ], [ [ [ 149.782837, -6.316215 ], [ 149.792094, -6.320134 ], [ 149.797795, -6.314616 ], [ 149.789104, -6.309825 ], [ 149.782837, -6.316215 ] ] ], [ [ [ 149.010458, -6.164964 ], [ 149.022327, -6.171453 ], [ 149.029208, -6.168798 ], [ 149.013275, -6.158902 ], [ 149.010458, -6.164964 ] ] ], [ [ [ 150.322845, -6.296499 ], [ 150.327895, -6.288742 ], [ 150.326708, -6.285882 ], [ 150.313244, -6.292074 ], [ 150.322845, -6.296499 ] ] ], [ [ [ 149.53766, -6.224098 ], [ 149.536927, -6.236459 ], [ 149.54294, -6.233233 ], [ 149.53766, -6.224098 ] ] ], [ [ [ 149.541582, -6.240431 ], [ 149.542585, -6.253345 ], [ 149.548579, -6.248685 ], [ 149.541582, -6.240431 ] ] ], [ [ [ 148.992503, -6.154805 ], [ 148.998882, -6.159053 ], [ 149.007151, -6.151499 ], [ 148.996807, -6.153325 ], [ 149.001057, -6.146391 ], [ 148.992503, -6.154805 ] ] ], [ [ [ 149.107328, -4.549945 ], [ 149.114273, -4.555047 ], [ 149.119971, -4.5501 ], [ 149.113005, -4.543272 ], [ 149.107328, -4.549945 ] ] ], [ [ [ 148.979343, -6.077655 ], [ 148.992583, -6.077523 ], [ 148.984173, -6.071286 ], [ 148.979343, -6.077655 ] ] ], [ [ [ 149.033956, -6.097787 ], [ 149.041483, -6.102026 ], [ 149.048296, -6.092758 ], [ 149.04224, -6.091387 ], [ 149.033956, -6.097787 ] ] ], [ [ [ 151.371782, -4.902369 ], [ 151.364026, -4.90411 ], [ 151.360874, -4.909867 ], [ 151.370074, -4.910712 ], [ 151.371782, -4.902369 ] ] ], [ [ [ 148.982081, -6.101876 ], [ 148.990198, -6.097657 ], [ 148.988712, -6.093365 ], [ 148.978934, -6.094036 ], [ 148.982081, -6.101876 ] ] ], [ [ [ 150.284152, -6.290977 ], [ 150.288549, -6.297532 ], [ 150.301792, -6.297377 ], [ 150.284152, -6.290977 ] ] ], [ [ [ 148.872664, -6.003164 ], [ 148.875608, -6.009455 ], [ 148.88478, -6.005631 ], [ 148.883312, -6.002772 ], [ 148.872664, -6.003164 ] ] ], [ [ [ 149.035188, -6.105822 ], [ 149.039009, -6.113538 ], [ 149.041521, -6.10547 ], [ 149.035188, -6.105822 ] ] ], [ [ [ 148.990557, -6.133281 ], [ 148.991553, -6.146197 ], [ 148.998446, -6.144689 ], [ 148.990557, -6.133281 ] ] ], [ [ [ 148.980862, -6.114126 ], [ 148.986363, -6.116944 ], [ 148.990304, -6.108287 ], [ 148.986269, -6.107756 ], [ 148.980862, -6.114126 ] ] ], [ [ [ 149.869134, -6.28222 ], [ 149.876371, -6.285874 ], [ 149.882403, -6.284367 ], [ 149.879463, -6.279233 ], [ 149.869134, -6.28222 ] ] ], [ [ [ 150.491459, -5.350636 ], [ 150.485004, -5.363647 ], [ 150.489624, -5.365026 ], [ 150.491459, -5.350636 ] ] ], [ [ [ 149.877649, -6.322624 ], [ 149.868169, -6.324748 ], [ 149.876524, -6.325514 ], [ 149.877649, -6.322624 ] ] ], [ [ [ 150.317149, -6.305531 ], [ 150.306426, -6.299912 ], [ 150.303859, -6.301663 ], [ 150.317149, -6.305531 ] ] ], [ [ [ 149.822479, -6.307732 ], [ 149.828529, -6.307665 ], [ 149.830189, -6.301613 ], [ 149.825289, -6.30138 ], [ 149.822479, -6.307732 ] ] ], [ [ [ 148.983384, -6.050609 ], [ 148.983183, -6.058659 ], [ 148.988003, -6.051712 ], [ 148.983384, -6.050609 ] ] ], [ [ [ 150.27307, -6.279039 ], [ 150.271704, -6.285093 ], [ 150.278929, -6.287591 ], [ 150.27307, -6.279039 ] ] ], [ [ [ 149.907958, -6.303619 ], [ 149.901576, -6.29967 ], [ 149.901976, -6.309429 ], [ 149.907958, -6.303619 ] ] ], [ [ [ 149.290958, -4.634853 ], [ 149.293617, -4.64173 ], [ 149.297936, -4.642834 ], [ 149.29906, -4.640235 ], [ 149.290958, -4.634853 ] ] ], [ [ [ 150.426905, -6.261144 ], [ 150.432713, -6.265097 ], [ 150.434977, -6.262197 ], [ 150.426905, -6.261144 ] ] ], [ [ [ 148.868121, -6.009242 ], [ 148.865315, -6.016454 ], [ 148.87015, -6.01066 ], [ 148.868121, -6.009242 ] ] ], [ [ [ 150.472897, -6.254853 ], [ 150.465938, -6.250627 ], [ 150.466873, -6.256359 ], [ 150.472897, -6.254853 ] ] ], [ [ [ 149.321616, -4.626482 ], [ 149.330837, -4.628396 ], [ 149.327318, -4.622115 ], [ 149.321616, -4.626482 ] ] ], [ [ [ 148.999285, -6.085499 ], [ 148.998219, -6.093842 ], [ 149.001665, -6.092947 ], [ 148.999285, -6.085499 ] ] ], [ [ [ 148.992177, -6.06546 ], [ 148.999344, -6.063091 ], [ 148.997591, -6.060524 ], [ 148.992177, -6.06546 ] ] ], [ [ [ 148.944983, -6.095815 ], [ 148.947353, -6.102687 ], [ 148.951031, -6.096326 ], [ 148.944983, -6.095815 ] ] ], [ [ [ 149.690063, -5.471339 ], [ 149.693034, -5.479926 ], [ 149.697039, -5.47787 ], [ 149.690063, -5.471339 ] ] ], [ [ [ 148.949064, -6.072505 ], [ 148.952587, -6.079072 ], [ 148.955449, -6.077321 ], [ 148.949064, -6.072505 ] ] ], [ [ [ 148.989187, -6.083019 ], [ 148.994406, -6.087275 ], [ 148.993782, -6.081824 ], [ 148.989187, -6.083019 ] ] ], [ [ [ 148.963749, -6.101086 ], [ 148.957096, -6.097991 ], [ 148.959446, -6.102853 ], [ 148.963749, -6.101086 ] ] ], [ [ [ 151.048791, -4.894549 ], [ 151.046498, -4.900016 ], [ 151.050524, -4.899435 ], [ 151.048791, -4.894549 ] ] ], [ [ [ 150.383315, -6.275739 ], [ 150.376454, -6.280125 ], [ 150.38822, -6.277117 ], [ 150.383315, -6.275739 ] ] ], [ [ [ 149.809339, -6.317068 ], [ 149.809405, -6.323103 ], [ 149.812553, -6.321346 ], [ 149.809339, -6.317068 ] ] ], [ [ [ 148.864193, -6.019915 ], [ 148.86711, -6.023335 ], [ 148.866779, -6.019026 ], [ 148.864193, -6.019915 ] ] ], [ [ [ 150.440725, -6.26127 ], [ 150.444224, -6.264962 ], [ 150.447064, -6.26177 ], [ 150.440725, -6.26127 ] ] ], [ [ [ 150.398278, -6.275271 ], [ 150.395164, -6.279907 ], [ 150.400606, -6.27697 ], [ 150.398278, -6.275271 ] ] ], [ [ [ 148.853148, -6.008816 ], [ 148.857999, -6.00446 ], [ 148.851688, -6.006538 ], [ 148.853148, -6.008816 ] ] ], [ [ [ 149.926922, -6.274677 ], [ 149.927268, -6.279844 ], [ 149.928977, -6.278104 ], [ 149.926922, -6.274677 ] ] ], [ [ [ 150.485982, -6.265326 ], [ 150.490581, -6.264696 ], [ 150.489674, -6.261263 ], [ 150.485982, -6.265326 ] ] ], [ [ [ 149.503126, -6.306045 ], [ 149.506344, -6.310611 ], [ 149.50455, -6.304596 ], [ 149.503126, -6.306045 ] ] ], [ [ [ 150.707748, -6.128775 ], [ 150.704917, -6.132831 ], [ 150.708391, -6.134512 ], [ 150.707748, -6.128775 ] ] ], [ [ [ 149.716324, -5.504959 ], [ 149.710891, -5.508184 ], [ 149.712915, -5.509307 ], [ 149.716324, -5.504959 ] ] ], [ [ [ 149.45163, -6.094877 ], [ 149.453998, -6.1006 ], [ 149.455421, -6.099147 ], [ 149.45163, -6.094877 ] ] ], [ [ [ 149.881117, -6.298176 ], [ 149.882617, -6.303616 ], [ 149.884304, -6.300148 ], [ 149.881117, -6.298176 ] ] ], [ [ [ 151.208357, -4.953818 ], [ 151.20952, -4.958704 ], [ 151.211254, -4.953305 ], [ 151.208357, -4.953818 ] ] ], [ [ [ 149.925169, -6.297966 ], [ 149.92723, -6.302255 ], [ 149.928344, -6.298509 ], [ 149.925169, -6.297966 ] ] ], [ [ [ 149.621161, -5.483583 ], [ 149.624346, -5.485848 ], [ 149.622877, -5.482707 ], [ 149.621161, -5.483583 ] ] ], [ [ [ 149.008194, -6.112414 ], [ 149.008536, -6.117869 ], [ 149.009969, -6.116996 ], [ 149.008194, -6.112414 ] ] ], [ [ [ 149.021144, -6.140438 ], [ 149.022923, -6.145304 ], [ 149.023154, -6.139556 ], [ 149.021144, -6.140438 ] ] ], [ [ [ 150.311615, -6.275717 ], [ 150.311956, -6.280312 ], [ 150.314536, -6.279417 ], [ 150.311615, -6.275717 ] ] ], [ [ [ 148.946971, -6.064483 ], [ 148.942644, -6.063663 ], [ 148.943829, -6.06681 ], [ 148.946971, -6.064483 ] ] ], [ [ [ 150.298858, -6.268113 ], [ 150.299481, -6.272124 ], [ 150.303498, -6.271216 ], [ 150.298858, -6.268113 ] ] ], [ [ [ 149.738277, -6.296599 ], [ 149.740045, -6.300312 ], [ 149.741745, -6.297711 ], [ 149.738277, -6.296599 ] ] ], [ [ [ 150.322125, -6.26353 ], [ 150.324191, -6.267531 ], [ 150.325313, -6.264929 ], [ 150.322125, -6.26353 ] ] ], [ [ [ 148.912128, -6.17831 ], [ 148.915302, -6.179139 ], [ 148.914409, -6.176559 ], [ 148.912128, -6.17831 ] ] ], [ [ [ 149.499008, -6.324766 ], [ 149.500201, -6.328774 ], [ 149.501614, -6.325886 ], [ 149.499008, -6.324766 ] ] ], [ [ [ 150.279979, -6.278675 ], [ 150.28089, -6.282686 ], [ 150.28259, -6.280366 ], [ 150.279979, -6.278675 ] ] ], [ [ [ 150.353528, -6.264884 ], [ 150.353582, -6.269484 ], [ 150.35559, -6.268881 ], [ 150.353528, -6.264884 ] ] ], [ [ [ 149.446436, -6.093212 ], [ 149.444735, -6.096104 ], [ 149.447608, -6.095493 ], [ 149.446436, -6.093212 ] ] ], [ [ [ 149.008985, -6.104936 ], [ 149.009891, -6.109237 ], [ 149.011311, -6.107498 ], [ 149.008985, -6.104936 ] ] ], [ [ [ 148.977623, -6.106689 ], [ 148.979673, -6.110117 ], [ 148.981089, -6.108094 ], [ 148.977623, -6.106689 ] ] ], [ [ [ 150.305479, -6.292451 ], [ 150.307534, -6.295876 ], [ 150.308361, -6.292991 ], [ 150.305479, -6.292451 ] ] ], [ [ [ 150.414304, -6.267039 ], [ 150.415493, -6.269898 ], [ 150.416882, -6.26586 ], [ 150.414304, -6.267039 ] ] ], [ [ [ 148.869732, -5.997738 ], [ 148.867742, -6.000629 ], [ 148.87062, -6.000024 ], [ 148.869732, -5.997738 ] ] ], [ [ [ 150.025637, -6.270688 ], [ 150.027404, -6.274119 ], [ 150.028523, -6.27123 ], [ 150.025637, -6.270688 ] ] ], [ [ [ 149.052481, -6.135808 ], [ 149.056495, -6.134621 ], [ 149.055622, -6.13348 ], [ 149.052481, -6.135808 ] ] ], [ [ [ 151.068043, -4.897398 ], [ 151.070869, -4.899903 ], [ 151.069922, -4.895615 ], [ 151.068043, -4.897398 ] ] ], [ [ [ 149.687709, -5.466476 ], [ 149.688039, -5.470208 ], [ 149.689738, -5.46789 ], [ 149.687709, -5.466476 ] ] ], [ [ [ 150.060483, -6.296434 ], [ 150.06225, -6.299576 ], [ 150.061931, -6.296988 ], [ 150.060483, -6.296434 ] ] ], [ [ [ 148.997745, -6.103614 ], [ 148.998926, -6.106767 ], [ 149.000058, -6.105027 ], [ 148.997745, -6.103614 ] ] ], [ [ [ 149.451749, -5.512718 ], [ 149.451197, -5.515015 ], [ 149.454649, -5.514697 ], [ 149.451749, -5.512718 ] ] ], [ [ [ 149.315443, -4.640632 ], [ 149.315194, -4.644089 ], [ 149.317994, -4.643633 ], [ 149.315443, -4.640632 ] ] ], [ [ [ 149.742653, -6.301723 ], [ 149.744128, -6.305153 ], [ 149.744962, -6.302558 ], [ 149.742653, -6.301723 ] ] ], [ [ [ 149.504677, -4.680884 ], [ 149.504416, -4.683757 ], [ 149.506422, -4.683162 ], [ 149.504677, -4.680884 ] ] ], [ [ [ 149.03284, -6.101533 ], [ 149.031729, -6.105278 ], [ 149.034014, -6.103535 ], [ 149.03284, -6.101533 ] ] ], [ [ [ 149.012361, -6.097433 ], [ 149.014115, -6.100004 ], [ 149.014955, -6.097692 ], [ 149.012361, -6.097433 ] ] ], [ [ [ 148.940372, -6.095287 ], [ 148.942694, -6.096989 ], [ 148.941805, -6.094409 ], [ 148.940372, -6.095287 ] ] ], [ [ [ 148.923638, -6.177904 ], [ 148.927094, -6.177583 ], [ 148.926505, -6.176442 ], [ 148.923638, -6.177904 ] ] ], [ [ [ 150.557371, -6.168232 ], [ 150.558843, -6.170799 ], [ 150.559682, -6.169068 ], [ 150.557371, -6.168232 ] ] ], [ [ [ 148.699452, -5.951146 ], [ 148.701203, -5.953425 ], [ 148.702048, -5.951696 ], [ 148.699452, -5.951146 ] ] ], [ [ [ 148.882901, -5.47117 ], [ 148.883791, -5.47403 ], [ 148.883759, -5.470874 ], [ 148.882901, -5.47117 ] ] ], [ [ [ 149.964014, -6.270239 ], [ 149.964338, -6.273395 ], [ 149.964891, -6.271093 ], [ 149.964014, -6.270239 ] ] ], [ [ [ 148.971169, -6.094692 ], [ 148.971481, -6.097271 ], [ 148.973482, -6.096105 ], [ 148.971169, -6.094692 ] ] ], [ [ [ 149.021612, -6.073206 ], [ 149.022502, -6.075212 ], [ 149.024506, -6.074326 ], [ 149.021612, -6.073206 ] ] ], [ [ [ 149.497688, -5.504459 ], [ 149.497143, -5.507342 ], [ 149.498576, -5.506755 ], [ 149.497688, -5.504459 ] ] ], [ [ [ 149.761696, -5.498139 ], [ 149.762587, -5.500718 ], [ 149.762846, -5.497835 ], [ 149.761696, -5.498139 ] ] ], [ [ [ 150.16491, -6.238072 ], [ 150.165812, -6.241217 ], [ 150.16666, -6.240059 ], [ 150.16491, -6.238072 ] ] ], [ [ [ 149.23696, -5.549754 ], [ 149.238421, -5.552038 ], [ 149.238982, -5.55088 ], [ 149.23696, -5.549754 ] ] ], [ [ [ 149.888507, -6.315613 ], [ 149.8894, -6.317902 ], [ 149.890532, -6.316167 ], [ 149.888507, -6.315613 ] ] ], [ [ [ 149.978814, -6.280126 ], [ 149.978843, -6.28271 ], [ 149.979992, -6.282698 ], [ 149.978814, -6.280126 ] ] ], [ [ [ 150.292697, -6.283124 ], [ 150.292441, -6.285713 ], [ 150.293871, -6.284833 ], [ 150.292697, -6.283124 ] ] ], [ [ [ 149.730695, -6.288066 ], [ 149.73101, -6.290361 ], [ 149.732432, -6.288906 ], [ 149.730695, -6.288066 ] ] ], [ [ [ 149.917167, -5.305278 ], [ 149.916047, -5.307879 ], [ 149.916913, -5.307867 ], [ 149.917167, -5.305278 ] ] ], [ [ [ 149.438052, -6.090424 ], [ 149.437788, -6.092439 ], [ 149.43922, -6.091563 ], [ 149.438052, -6.090424 ] ] ], [ [ [ 150.396806, -6.272417 ], [ 150.397974, -6.273838 ], [ 150.398822, -6.27268 ], [ 150.396806, -6.272417 ] ] ], [ [ [ 149.027982, -6.105032 ], [ 149.029156, -6.10703 ], [ 149.028843, -6.104451 ], [ 149.027982, -6.105032 ] ] ], [ [ [ 148.730765, -5.9448 ], [ 148.732497, -5.945357 ], [ 148.732482, -5.943924 ], [ 148.730765, -5.9448 ] ] ], [ [ [ 149.294572, -5.557197 ], [ 149.293157, -5.559224 ], [ 149.294879, -5.559205 ], [ 149.294572, -5.557197 ] ] ], [ [ [ 150.266757, -6.28084 ], [ 150.266499, -6.283141 ], [ 150.267642, -6.282555 ], [ 150.266757, -6.28084 ] ] ], [ [ [ 149.02774, -6.109346 ], [ 149.028053, -6.111641 ], [ 149.028897, -6.109906 ], [ 149.02774, -6.109346 ] ] ], [ [ [ 149.772329, -5.497447 ], [ 149.771785, -5.499753 ], [ 149.773207, -5.498296 ], [ 149.772329, -5.497447 ] ] ], [ [ [ 148.880533, -5.464584 ], [ 148.881415, -5.466296 ], [ 148.88225, -5.463992 ], [ 148.880533, -5.464584 ] ] ], [ [ [ 148.971887, -5.424291 ], [ 148.973904, -5.424558 ], [ 148.973317, -5.423414 ], [ 148.971887, -5.424291 ] ] ], [ [ [ 149.393617, -5.537757 ], [ 149.394211, -5.539481 ], [ 149.395065, -5.538607 ], [ 149.393617, -5.537757 ] ] ], [ [ [ 149.682495, -5.436931 ], [ 149.682804, -5.438939 ], [ 149.683363, -5.437497 ], [ 149.682495, -5.436931 ] ] ], [ [ [ 149.413181, -5.510537 ], [ 149.413492, -5.51283 ], [ 149.414336, -5.5111 ], [ 149.413181, -5.510537 ] ] ], [ [ [ 150.042047, -5.285467 ], [ 150.042645, -5.28719 ], [ 150.043495, -5.28603 ], [ 150.042047, -5.285467 ] ] ], [ [ [ 148.715001, -5.95214 ], [ 148.716457, -5.953562 ], [ 148.715862, -5.951848 ], [ 148.715001, -5.95214 ] ] ], [ [ [ 148.942059, -5.461666 ], [ 148.943229, -5.463378 ], [ 148.943793, -5.461937 ], [ 148.942059, -5.461666 ] ] ], [ [ [ 149.465251, -5.537569 ], [ 149.465271, -5.539871 ], [ 149.466134, -5.539577 ], [ 149.465251, -5.537569 ] ] ], [ [ [ 149.290178, -4.615314 ], [ 149.290765, -4.616748 ], [ 149.292198, -4.61587 ], [ 149.290178, -4.615314 ] ] ], [ [ [ 149.084076, -5.453329 ], [ 149.084376, -5.454766 ], [ 149.086102, -5.454172 ], [ 149.084076, -5.453329 ] ] ], [ [ [ 150.295734, -6.271881 ], [ 150.296055, -6.274464 ], [ 150.296626, -6.274169 ], [ 150.295734, -6.271881 ] ] ], [ [ [ 149.639161, -5.446315 ], [ 149.639182, -5.448328 ], [ 149.640029, -5.446592 ], [ 149.639161, -5.446315 ] ] ], [ [ [ 150.79211, -5.428897 ], [ 150.792126, -5.430045 ], [ 150.792697, -5.429461 ], [ 150.79211, -5.428897 ] ] ], [ [ [ 148.958329, -6.106025 ], [ 148.95949, -6.107451 ], [ 148.960058, -6.106293 ], [ 148.958329, -6.106025 ] ] ], [ [ [ 150.808056, -5.416677 ], [ 150.807759, -5.417738 ], [ 150.808492, -5.417404 ], [ 150.808056, -5.416677 ] ] ], [ [ [ 149.358784, -5.50824 ], [ 149.360237, -5.509378 ], [ 149.359647, -5.507946 ], [ 149.358784, -5.50824 ] ] ], [ [ [ 150.10263, -5.502345 ], [ 150.102649, -5.504065 ], [ 150.103489, -5.502333 ], [ 150.10263, -5.502345 ] ] ], [ [ [ 150.381267, -6.273172 ], [ 150.382148, -6.274603 ], [ 150.382712, -6.273735 ], [ 150.381267, -6.273172 ] ] ], [ [ [ 150.092472, -5.293803 ], [ 150.092496, -5.295816 ], [ 150.093353, -5.295516 ], [ 150.092472, -5.293803 ] ] ], [ [ [ 149.676745, -5.437572 ], [ 149.677915, -5.438992 ], [ 149.677607, -5.437273 ], [ 149.676745, -5.437572 ] ] ], [ [ [ 149.573075, -5.479796 ], [ 149.573675, -5.481515 ], [ 149.574234, -5.480069 ], [ 149.573075, -5.479796 ] ] ], [ [ [ 150.058516, -5.36777 ], [ 150.058534, -5.369494 ], [ 150.059109, -5.3692 ], [ 150.058516, -5.36777 ] ] ], [ [ [ 148.878292, -5.990177 ], [ 148.879737, -5.990742 ], [ 148.878861, -5.989601 ], [ 148.878292, -5.990177 ] ] ], [ [ [ 150.103136, -5.295695 ], [ 150.10456, -5.294524 ], [ 150.10341, -5.294537 ], [ 150.103136, -5.295695 ] ] ], [ [ [ 150.190475, -5.089171 ], [ 150.189041, -5.089478 ], [ 150.189909, -5.090042 ], [ 150.190475, -5.089171 ] ] ], [ [ [ 150.099271, -5.234517 ], [ 150.100151, -5.235941 ], [ 150.100421, -5.2345 ], [ 150.099271, -5.234517 ] ] ], [ [ [ 150.455633, -6.255634 ], [ 150.455656, -6.257645 ], [ 150.456519, -6.257344 ], [ 150.455633, -6.255634 ] ] ], [ [ [ 149.09282, -5.492327 ], [ 149.093974, -5.493174 ], [ 149.094245, -5.491733 ], [ 149.09282, -5.492327 ] ] ], [ [ [ 148.976791, -5.454133 ], [ 148.977665, -5.455556 ], [ 148.977945, -5.45412 ], [ 148.976791, -5.454133 ] ] ], [ [ [ 149.603388, -5.4628 ], [ 149.604549, -5.463937 ], [ 149.603958, -5.462506 ], [ 149.603388, -5.4628 ] ] ], [ [ [ 150.197979, -5.091673 ], [ 150.198286, -5.093395 ], [ 150.199141, -5.092807 ], [ 150.197979, -5.091673 ] ] ], [ [ [ 150.297939, -6.287947 ], [ 150.298247, -6.28966 ], [ 150.299102, -6.28908 ], [ 150.297939, -6.287947 ] ] ], [ [ [ 149.708688, -5.464808 ], [ 149.709849, -5.465657 ], [ 149.710409, -5.464503 ], [ 149.708688, -5.464808 ] ] ], [ [ [ 148.504118, -5.477735 ], [ 148.504424, -5.47946 ], [ 148.504988, -5.478588 ], [ 148.504118, -5.477735 ] ] ], [ [ [ 149.710888, -5.455586 ], [ 149.712044, -5.456151 ], [ 149.711746, -5.455292 ], [ 149.710888, -5.455586 ] ] ], [ [ [ 149.612754, -5.47793 ], [ 149.613349, -5.479357 ], [ 149.613622, -5.478497 ], [ 149.612754, -5.47793 ] ] ], [ [ [ 149.089511, -5.478849 ], [ 149.09067, -5.479412 ], [ 149.090087, -5.478556 ], [ 149.089511, -5.478849 ] ] ], [ [ [ 149.084814, -5.497295 ], [ 149.084826, -5.498727 ], [ 149.085689, -5.498434 ], [ 149.084814, -5.497295 ] ] ], [ [ [ 149.949313, -6.268685 ], [ 149.950478, -6.269814 ], [ 149.949884, -6.268386 ], [ 149.949313, -6.268685 ] ] ], [ [ [ 150.038926, -6.274564 ], [ 150.038949, -6.276287 ], [ 150.03952, -6.275987 ], [ 150.038926, -6.274564 ] ] ], [ [ [ 148.968234, -6.089261 ], [ 148.968827, -6.090691 ], [ 148.969107, -6.090114 ], [ 148.968234, -6.089261 ] ] ], [ [ [ 149.698404, -5.471244 ], [ 149.699554, -5.471516 ], [ 149.698974, -5.47095 ], [ 149.698404, -5.471244 ] ] ], [ [ [ 150.43191, -6.270279 ], [ 150.431931, -6.272001 ], [ 150.432494, -6.270844 ], [ 150.43191, -6.270279 ] ] ], [ [ [ 149.662526, -5.478533 ], [ 149.663974, -5.479381 ], [ 149.663964, -5.478521 ], [ 149.662526, -5.478533 ] ] ], [ [ [ 150.409759, -6.271979 ], [ 150.410632, -6.272828 ], [ 150.411478, -6.271386 ], [ 150.409759, -6.271979 ] ] ], [ [ [ 150.05633, -5.327264 ], [ 150.056348, -5.328705 ], [ 150.05691, -5.327546 ], [ 150.05633, -5.327264 ] ] ], [ [ [ 150.284311, -6.280062 ], [ 150.28433, -6.281496 ], [ 150.284893, -6.280339 ], [ 150.284311, -6.280062 ] ] ], [ [ [ 150.755126, -6.118714 ], [ 150.755142, -6.120147 ], [ 150.755704, -6.118995 ], [ 150.755126, -6.118714 ] ] ], [ [ [ 149.462872, -6.095904 ], [ 149.463171, -6.097054 ], [ 149.463733, -6.095899 ], [ 149.462872, -6.095904 ] ] ], [ [ [ 149.487514, -5.547965 ], [ 149.486949, -5.549123 ], [ 149.487519, -5.54883 ], [ 149.487514, -5.547965 ] ] ], [ [ [ 150.427412, -6.255107 ], [ 150.427714, -6.256252 ], [ 150.427991, -6.255674 ], [ 150.427412, -6.255107 ] ] ], [ [ [ 149.458367, -5.539661 ], [ 149.458956, -5.540799 ], [ 149.459225, -5.539358 ], [ 149.458367, -5.539661 ] ] ], [ [ [ 149.025943, -6.074314 ], [ 149.026532, -6.075459 ], [ 149.0271, -6.074585 ], [ 149.025943, -6.074314 ] ] ], [ [ [ 150.3896, -6.27164 ], [ 150.389903, -6.273074 ], [ 150.390468, -6.272205 ], [ 150.3896, -6.27164 ] ] ], [ [ [ 149.703261, -5.468317 ], [ 149.704417, -5.468594 ], [ 149.703836, -5.468023 ], [ 149.703261, -5.468317 ] ] ], [ [ [ 148.798601, -5.528044 ], [ 148.799756, -5.528325 ], [ 148.799176, -5.527753 ], [ 148.798601, -5.528044 ] ] ], [ [ [ 150.291803, -6.280263 ], [ 150.292958, -6.280534 ], [ 150.292374, -6.279963 ], [ 150.291803, -6.280263 ] ] ], [ [ [ 150.406637, -6.27575 ], [ 150.40694, -6.277178 ], [ 150.407509, -6.276314 ], [ 150.406637, -6.27575 ] ] ], [ [ [ 149.711215, -5.432882 ], [ 149.7118, -5.43402 ], [ 149.71237, -5.433154 ], [ 149.711215, -5.432882 ] ] ], [ [ [ 149.459168, -6.099397 ], [ 149.459754, -6.100537 ], [ 149.459749, -6.099964 ], [ 149.459168, -6.099397 ] ] ], [ [ [ 149.88382, -6.282917 ], [ 149.88498, -6.283482 ], [ 149.884391, -6.282334 ], [ 149.88382, -6.282917 ] ] ], [ [ [ 150.288423, -6.286622 ], [ 150.289298, -6.28776 ], [ 150.289289, -6.286609 ], [ 150.288423, -6.286622 ] ] ], [ [ [ 150.287775, -6.280594 ], [ 150.288076, -6.281738 ], [ 150.288636, -6.280586 ], [ 150.287775, -6.280594 ] ] ], [ [ [ 150.773075, -6.127114 ], [ 150.773374, -6.128258 ], [ 150.773935, -6.1271 ], [ 150.773075, -6.127114 ] ] ], [ [ [ 149.492171, -5.526654 ], [ 149.49276, -5.527792 ], [ 149.49275, -5.526928 ], [ 149.492171, -5.526654 ] ] ], [ [ [ 150.30628, -6.28727 ], [ 150.306582, -6.288419 ], [ 150.306864, -6.287841 ], [ 150.30628, -6.28727 ] ] ], [ [ [ 150.292748, -6.287142 ], [ 150.293332, -6.287997 ], [ 150.293897, -6.287129 ], [ 150.292748, -6.287142 ] ] ], [ [ [ 148.875399, -5.988772 ], [ 148.875984, -5.989629 ], [ 148.876552, -5.988759 ], [ 148.875399, -5.988772 ] ] ], [ [ [ 149.952736, -6.266056 ], [ 149.953613, -6.26691 ], [ 149.953313, -6.265766 ], [ 149.952736, -6.266056 ] ] ], [ [ [ 149.955402, -6.272345 ], [ 149.956274, -6.273199 ], [ 149.955973, -6.27205 ], [ 149.955402, -6.272345 ] ] ], [ [ [ 149.490888, -5.541035 ], [ 149.490323, -5.542193 ], [ 149.491186, -5.542183 ], [ 149.490888, -5.541035 ] ] ], [ [ [ 149.403704, -5.539092 ], [ 149.404576, -5.539942 ], [ 149.404275, -5.538794 ], [ 149.403704, -5.539092 ] ] ], [ [ [ 150.287171, -6.278301 ], [ 150.288044, -6.279154 ], [ 150.287743, -6.27801 ], [ 150.287171, -6.278301 ] ] ], [ [ [ 149.488972, -5.550251 ], [ 149.488411, -5.551405 ], [ 149.489274, -5.551395 ], [ 149.488972, -5.550251 ] ] ], [ [ [ 149.453451, -6.103192 ], [ 149.45432, -6.10404 ], [ 149.454022, -6.102899 ], [ 149.453451, -6.103192 ] ] ], [ [ [ 150.317852, -6.267028 ], [ 150.318432, -6.267883 ], [ 150.318426, -6.267311 ], [ 150.317852, -6.267028 ] ] ], [ [ [ 150.482201, -6.262213 ], [ 150.482764, -6.26134 ], [ 150.482191, -6.261058 ], [ 150.482201, -6.262213 ] ] ] ] } },
{ "type": "Feature", "properties": { "FID": 18, "PROVID": "OCNPNG002007", "PROVNAME": "Southern Highlands" }, "geometry": { "type": "Polygon", "coordinates": [ [ [ 142.631367, -6.168017 ], [ 142.631374, -6.818011 ], [ 143.953035, -6.817184 ], [ 144.713147, -6.713919 ], [ 144.660944, -6.691244 ], [ 144.648483, -6.675597 ], [ 144.591621, -6.670818 ], [ 144.552554, -6.646076 ], [ 144.548466, -6.640628 ], [ 144.564155, -6.635717 ], [ 144.568217, -6.62005 ], [ 144.535899, -6.577782 ], [ 144.425755, -6.565202 ], [ 144.427851, -6.554089 ], [ 144.417692, -6.540443 ], [ 144.435427, -6.531804 ], [ 144.429321, -6.487855 ], [ 144.447403, -6.456056 ], [ 144.467494, -6.453492 ], [ 144.487394, -6.438254 ], [ 144.519195, -6.431885 ], [ 144.529285, -6.441009 ], [ 144.547367, -6.425349 ], [ 144.55916, -6.427426 ], [ 144.556497, -6.371233 ], [ 144.001084, -5.998609 ], [ 143.886085, -6.043047 ], [ 143.886085, -5.960831 ], [ 143.709416, -5.902221 ], [ 143.521085, -5.977772 ], [ 143.391164, -5.900071 ], [ 143.394551, -6.06504 ], [ 143.433842, -6.102034 ], [ 143.383897, -6.094022 ], [ 143.383214, -6.174192 ], [ 143.349839, -6.155935 ], [ 143.166934, -6.158111 ], [ 143.167247, -6.297608 ], [ 143.061246, -6.29799 ], [ 143.095259, -6.334167 ], [ 143.094713, -6.37149 ], [ 142.905712, -6.250095 ], [ 142.631367, -6.168017 ] ] ] } },
{ "type": "Feature", "properties": { "FID": 19, "PROVID": "OCNPNG002021", "PROVNAME": "Hela" }, "geometry": { "type": "Polygon", "coordinates": [ [ [ 143.166934, -6.158111 ], [ 143.349839, -6.155935 ], [ 143.383214, -6.174192 ], [ 143.383897, -6.094022 ], [ 143.433842, -6.102034 ], [ 143.394551, -6.06504 ], [ 143.391164, -5.900071 ], [ 143.346918, -5.873609 ], [ 143.259417, -5.753338 ], [ 142.751081, -5.584457 ], [ 142.751079, -5.038099 ], [ 142.725653, -5.036814 ], [ 142.714001, -5.025924 ], [ 142.712847, -5.004624 ], [ 142.667406, -4.983085 ], [ 142.626262, -4.995187 ], [ 142.589044, -4.983375 ], [ 142.561268, -4.995869 ], [ 142.511307, -4.971943 ], [ 142.475902, -4.968117 ], [ 142.449381, -4.951877 ], [ 142.43547, -4.961951 ], [ 142.439768, -4.974119 ], [ 142.431245, -4.986681 ], [ 142.413344, -4.991923 ], [ 142.407851, -5.004635 ], [ 142.384681, -4.995495 ], [ 142.377526, -4.975116 ], [ 142.357439, -4.962854 ], [ 142.343215, -4.968466 ], [ 142.32709, -4.955051 ], [ 142.327254, -5.102773 ], [ 142.322515, -5.088552 ], [ 142.310273, -5.084628 ], [ 142.285827, -5.097182 ], [ 142.292336, -5.137501 ], [ 142.317887, -5.169437 ], [ 142.322158, -5.186362 ], [ 142.307612, -5.250843 ], [ 142.315143, -5.269251 ], [ 142.303477, -5.299123 ], [ 142.308894, -5.322165 ], [ 142.276363, -5.334779 ], [ 142.243667, -5.321154 ], [ 142.220023, -5.326879 ], [ 142.183144, -5.322134 ], [ 142.167393, -5.345649 ], [ 142.094831, -5.396349 ], [ 142.070264, -5.438079 ], [ 142.066361, -5.473624 ], [ 142.532206, -5.84216 ], [ 142.533545, -5.862618 ], [ 142.54289, -5.859292 ], [ 142.549529, -5.871058 ], [ 142.631364, -5.908326 ], [ 142.631367, -6.168017 ], [ 142.905712, -6.250095 ], [ 143.094713, -6.37149 ], [ 143.095259, -6.334167 ], [ 143.061246, -6.29799 ], [ 143.167247, -6.297608 ], [ 143.166934, -6.158111 ] ] ] } },
{ "type": "Feature", "properties": { "FID": 20, "PROVID": "OCNPNG002009", "PROVNAME": "Western Highlands" }, "geometry": { "type": "Polygon", "coordinates": [ [ [ 144.282071, -5.232238 ], [ 144.244967, -5.212685 ], [ 144.238781, -5.222472 ], [ 144.234513, -5.239287 ], [ 144.251216, -5.284093 ], [ 144.241243, -5.311866 ], [ 144.241894, -5.340611 ], [ 144.231049, -5.355261 ], [ 144.140801, -5.347549 ], [ 144.118341, -5.388856 ], [ 144.047713, -5.408007 ], [ 144.03669, -5.44213 ], [ 144.038776, -5.461115 ], [ 143.997664, -5.477106 ], [ 143.990214, -5.508689 ], [ 143.998672, -5.530752 ], [ 143.986286, -5.562622 ], [ 144.011708, -5.587832 ], [ 144.027558, -5.590089 ], [ 144.03106, -5.613078 ], [ 144.017599, -5.631124 ], [ 144.048781, -5.746708 ], [ 144.044897, -5.75775 ], [ 144.007848, -5.757452 ], [ 143.969958, -5.779007 ], [ 143.957464, -5.803052 ], [ 143.941494, -5.799441 ], [ 143.930998, -5.785636 ], [ 143.902401, -5.778782 ], [ 143.898507, -5.793174 ], [ 143.887034, -5.792234 ], [ 143.875146, -5.826763 ], [ 143.851083, -5.830332 ], [ 143.842482, -5.820685 ], [ 143.794556, -5.817574 ], [ 143.78581, -5.845092 ], [ 143.798032, -5.855914 ], [ 143.826087, -5.940833 ], [ 143.886085, -5.960831 ], [ 143.886085, -6.043047 ], [ 144.001084, -5.998609 ], [ 144.368631, -6.245195 ], [ 144.484818, -6.165597 ], [ 144.487009, -5.975695 ], [ 144.484361, -5.987798 ], [ 144.46597, -6.003337 ], [ 144.449395, -5.993868 ], [ 144.434153, -6.003813 ], [ 144.418731, -5.996118 ], [ 144.402487, -5.999261 ], [ 144.392554, -6.03022 ], [ 144.35737, -6.032838 ], [ 144.329657, -6.018751 ], [ 144.320082, -6.021114 ], [ 144.316557, -5.998212 ], [ 144.286072, -5.954001 ], [ 144.289022, -5.940829 ], [ 144.27695, -5.919574 ], [ 144.284112, -5.876805 ], [ 144.312493, -5.845514 ], [ 144.382657, -5.809973 ], [ 144.370996, -5.755776 ], [ 144.397545, -5.744235 ], [ 144.456681, -5.748681 ], [ 144.463423, -5.759209 ], [ 144.470157, -5.754926 ], [ 144.481323, -5.764124 ], [ 144.503931, -5.757746 ], [ 144.518727, -5.679961 ], [ 144.465082, -5.66925 ], [ 144.463572, -5.518692 ], [ 144.303366, -5.517773 ], [ 144.301953, -5.465912 ], [ 144.336266, -5.379054 ], [ 144.349804, -5.372751 ], [ 144.347393, -5.359761 ], [ 144.367971, -5.347882 ], [ 144.378842, -5.327228 ], [ 144.371105, -5.309447 ], [ 144.339882, -5.296085 ], [ 144.282071, -5.232238 ] ] ] } },
{ "type": "Feature", "properties": { "FID": 21, "PROVID": "OCNPNG002022", "PROVNAME": "Jiwaka" }, "geometry": { "type": "Polygon", "coordinates": [ [ [ 144.813034, -5.948605 ], [ 144.812506, -5.884685 ], [ 144.788223, -5.84184 ], [ 144.814221, -5.81337 ], [ 144.816416, -5.779316 ], [ 144.829279, -5.781617 ], [ 144.871195, -5.814961 ], [ 144.90598, -5.80119 ], [ 144.921483, -5.812062 ], [ 144.933268, -5.799489 ], [ 144.958836, -5.795578 ], [ 145.001379, -5.774086 ], [ 145.029104, -5.779716 ], [ 145.006082, -5.753377 ], [ 145.005046, -5.728918 ], [ 144.991222, -5.716428 ], [ 144.993383, -5.657126 ], [ 144.946636, -5.650464 ], [ 144.934098, -5.657689 ], [ 144.908898, -5.648839 ], [ 144.908141, -5.623453 ], [ 144.894176, -5.619177 ], [ 144.882439, -5.599936 ], [ 144.846588, -5.589613 ], [ 144.814909, -5.547537 ], [ 144.76907, -5.538707 ], [ 144.760154, -5.521624 ], [ 144.772872, -5.505627 ], [ 144.759419, -5.491926 ], [ 144.749861, -5.491222 ], [ 144.741948, -5.477979 ], [ 144.724493, -5.475731 ], [ 144.6294, -5.387172 ], [ 144.60053, -5.387754 ], [ 144.589452, -5.376672 ], [ 144.573462, -5.376558 ], [ 144.570343, -5.354228 ], [ 144.554713, -5.340356 ], [ 144.547234, -5.31316 ], [ 144.526459, -5.31247 ], [ 144.513721, -5.306921 ], [ 144.508577, -5.294483 ], [ 144.326078, -5.231986 ], [ 144.282071, -5.232238 ], [ 144.339882, -5.296085 ], [ 144.371105, -5.309447 ], [ 144.378842, -5.327228 ], [ 144.367971, -5.347882 ], [ 144.347393, -5.359761 ], [ 144.349804, -5.372751 ], [ 144.336266, -5.379054 ], [ 144.301953, -5.465912 ], [ 144.303366, -5.517773 ], [ 144.463572, -5.518692 ], [ 144.465082, -5.66925 ], [ 144.518727, -5.679961 ], [ 144.503931, -5.757746 ], [ 144.481323, -5.764124 ], [ 144.470157, -5.754926 ], [ 144.463423, -5.759209 ], [ 144.456681, -5.748681 ], [ 144.397545, -5.744235 ], [ 144.370996, -5.755776 ], [ 144.382657, -5.809973 ], [ 144.312493, -5.845514 ], [ 144.284112, -5.876805 ], [ 144.27695, -5.919574 ], [ 144.289022, -5.940829 ], [ 144.286072, -5.954001 ], [ 144.316557, -5.998212 ], [ 144.320082, -6.021114 ], [ 144.329657, -6.018751 ], [ 144.35737, -6.032838 ], [ 144.392554, -6.03022 ], [ 144.402487, -5.999261 ], [ 144.418731, -5.996118 ], [ 144.434153, -6.003813 ], [ 144.449395, -5.993868 ], [ 144.46597, -6.003337 ], [ 144.484361, -5.987798 ], [ 144.487009, -5.975695 ], [ 144.484818, -6.165597 ], [ 144.368631, -6.245195 ], [ 144.603266, -6.403053 ], [ 144.610118, -6.373704 ], [ 144.630128, -6.354191 ], [ 144.649891, -6.306311 ], [ 144.662286, -6.301859 ], [ 144.672758, -6.309677 ], [ 144.677409, -6.298331 ], [ 144.685113, -6.298797 ], [ 144.697044, -6.256327 ], [ 144.72418, -6.256313 ], [ 144.726175, -6.233481 ], [ 144.738452, -6.228914 ], [ 144.718389, -6.195023 ], [ 144.747558, -6.177734 ], [ 144.739632, -6.142036 ], [ 144.726479, -6.125602 ], [ 144.732781, -6.105848 ], [ 144.758586, -6.102498 ], [ 144.732654, -6.065304 ], [ 144.68819, -6.057232 ], [ 144.690947, -6.04162 ], [ 144.709368, -6.019156 ], [ 144.733793, -6.019906 ], [ 144.754396, -5.978169 ], [ 144.783098, -5.977269 ], [ 144.813034, -5.948605 ] ] ] } }
]
}
